2026-07-16 09:50:01,711 | INFO | periode = 202508
2026-07-16 09:50:01,712 | INFO | table_name = silver_nyc_taxi
2026-07-16 09:50:01,713 | INFO | taxi_type = yellow
2026-07-16 09:50:05,186 | INFO | ******************************************************* Starting UberBronze *******************************************************
2026-07-16 09:50:05,187 | INFO | Extracting yellow_tripdata_2025-08.parquet from /Volumes/nyc_taxi/bronze/raw_files/yellow/2025/yellow_tripdata_2025-08.parquet
2026-07-16 09:50:09,476 | INFO | ======================================================= Downloading yellow_tripdata_2025-08.parquet ======================================================= 
2026-07-16 09:50:20,316 | INFO | ======================================================= Bronze rows : 3574091 ======================================================= 
2026-07-16 09:50:20,320 | INFO | run completed in 15.13s
2026-07-16 09:50:20,321 | INFO | ******************************************************* Finished UberBronze *******************************************************
2026-07-16 09:50:20,322 | INFO | ========================================================================================================================
2026-07-16 09:50:20,323 | INFO | ******************************************************* Starting UberSilver *******************************************************
2026-07-16 09:50:21,024 | INFO | add_trip_duration completed in 0.04s
2026-07-16 09:50:21,026 | INFO | add_date_key completed in 0.0s
2026-07-16 09:50:21,027 | INFO | add_tip_percent completed in 0.0s
2026-07-16 09:50:21,028 | INFO | add_average_speed completed in 0.0s
2026-07-16 09:50:21,029 | INFO | add_date_features completed in 0.0s
2026-07-16 09:50:21,031 | INFO | apply_quality_rules completed in 0.0s
2026-07-16 09:50:22,824 | INFO | Silver rows : 3574091 -> 3339643
2026-07-16 09:50:24,190 | INFO | run completed in 3.86s
2026-07-16 09:50:24,191 | INFO | ******************************************************* Finished UberSilver *******************************************************
2026-07-16 09:50:24,193 | INFO | ========================================================================================================================
2026-07-16 09:50:24,193 | INFO | ******************************************************* Starting UberGold *******************************************************
2026-07-16 09:50:24,195 | INFO | get_fact_trips completed in 0.0s
2026-07-16 09:50:24,196 | INFO | get_dim_date completed in 0.0s
2026-07-16 09:50:24,198 | INFO | get_kpi_daily completed in 0.0s
2026-07-16 09:50:31,853 | INFO | ============ Chargement des données dans Delta ============ 
2026-07-16 09:50:34,836 | INFO | ============ Suppression d'une période ============ 
2026-07-16 09:50:34,837 | INFO | ========================================================================================================================
2026-07-16 09:50:34,838 | INFO | Period 202508 deleted from silver_nyc_taxi
2026-07-16 09:50:46,237 | INFO | Table nyc_taxi.silver.silver_nyc_taxi saved
2026-07-16 09:50:48,129 | INFO | ============ Suppression d'une période ============ 
2026-07-16 09:50:48,131 | INFO | ========================================================================================================================
2026-07-16 09:50:48,132 | INFO | Period 202508 deleted from gold_fact_trips
2026-07-16 09:50:54,252 | INFO | Table nyc_taxi.gold.gold_fact_trips saved
2026-07-16 09:50:55,931 | INFO | ============ Suppression d'une période ============ 
2026-07-16 09:50:55,932 | INFO | ========================================================================================================================
2026-07-16 09:50:55,933 | INFO | Period 202508 deleted from gold_dim_date
2026-07-16 09:50:59,729 | INFO | Table nyc_taxi.gold.gold_dim_date saved
2026-07-16 09:51:01,726 | INFO | ============ Suppression d'une période ============ 
2026-07-16 09:51:01,727 | INFO | ========================================================================================================================
2026-07-16 09:51:01,728 | INFO | Period 202508 deleted from gold_kpi_daily
2026-07-16 09:51:06,289 | INFO | Table nyc_taxi.gold.gold_kpi_daily saved
2026-07-16 09:51:06,290 | INFO | ============ Application de optimize_period ============ 
2026-07-16 09:51:06,291 | INFO | run completed in 42.1s
2026-07-16 09:51:06,292 | INFO | ******************************************************* Finished UberGold *******************************************************
2026-07-16 09:51:06,293 | INFO | ========================================================================================================================
2026-07-16 09:51:09,250 | INFO | insert_audit completed in 2.96s
2026-07-16 09:51:09,251 | INFO | periode = 202508
2026-07-16 09:51:09,253 | INFO | table_name = silver_nyc_taxi
2026-07-16 09:51:09,254 | INFO | taxi_type = yellow
2026-07-16 09:51:09,255 | INFO | row_count = {'bronze': 3574091, 'silver': 3339643, 'fact_trips': 3339643, 'dim_date': 34, 'kpi_daily': 34, 'dim_location': 265}
2026-07-16 09:58:23,883 | INFO | periode = 202509
2026-07-16 09:58:23,884 | INFO | table_name = silver_nyc_taxi
2026-07-16 09:58:23,884 | INFO | taxi_type = yellow
2026-07-16 09:58:25,261 | INFO | ******************************************************* Starting UberBronze *******************************************************
2026-07-16 09:58:25,262 | INFO | Extracting yellow_tripdata_2025-09.parquet from /Volumes/nyc_taxi/bronze/raw_files/yellow/2025/yellow_tripdata_2025-09.parquet
2026-07-16 09:58:25,632 | INFO | ======================================================= Downloading yellow_tripdata_2025-09.parquet ======================================================= 
2026-07-16 09:58:29,741 | INFO | ======================================================= Bronze rows : 4251015 ======================================================= 
2026-07-16 09:58:29,741 | INFO | run completed in 4.48s
2026-07-16 09:58:29,742 | INFO | ******************************************************* Finished UberBronze *******************************************************
2026-07-16 09:58:29,743 | INFO | ========================================================================================================================
2026-07-16 09:58:29,743 | INFO | ******************************************************* Starting UberSilver *******************************************************
2026-07-16 09:58:30,227 | INFO | add_trip_duration completed in 0.04s
2026-07-16 09:58:30,245 | INFO | add_date_key completed in 0.0s
2026-07-16 09:58:30,258 | INFO | add_tip_percent completed in 0.0s
2026-07-16 09:58:30,260 | INFO | add_average_speed completed in 0.0s
2026-07-16 09:58:30,261 | INFO | add_date_features completed in 0.0s
2026-07-16 09:58:30,263 | INFO | apply_quality_rules completed in 0.0s
2026-07-16 09:58:31,869 | INFO | Silver rows : 4251015 -> 3996520
2026-07-16 09:58:33,197 | INFO | run completed in 3.45s
2026-07-16 09:58:33,198 | INFO | ******************************************************* Finished UberSilver *******************************************************
2026-07-16 09:58:33,198 | INFO | ========================================================================================================================
2026-07-16 09:58:33,199 | INFO | ******************************************************* Starting UberGold *******************************************************
2026-07-16 09:58:33,201 | INFO | get_fact_trips completed in 0.0s
2026-07-16 09:58:33,202 | INFO | get_dim_date completed in 0.0s
2026-07-16 09:58:33,204 | INFO | get_kpi_daily completed in 0.0s
2026-07-16 09:58:38,502 | INFO | ============ Chargement des données dans Delta ============ 
2026-07-16 09:58:39,748 | INFO | ============ Suppression d'une période ============ 
2026-07-16 09:58:39,749 | INFO | ========================================================================================================================
2026-07-16 09:58:39,749 | INFO | Period 202509 deleted from silver_nyc_taxi
2026-07-16 09:58:49,138 | INFO | Table nyc_taxi.silver.silver_nyc_taxi saved
2026-07-16 09:58:50,305 | INFO | ============ Suppression d'une période ============ 
2026-07-16 09:58:50,307 | INFO | ========================================================================================================================
2026-07-16 09:58:50,307 | INFO | Period 202509 deleted from gold_fact_trips
2026-07-16 09:58:56,390 | INFO | Table nyc_taxi.gold.gold_fact_trips saved
2026-07-16 09:58:57,819 | INFO | ============ Suppression d'une période ============ 
2026-07-16 09:58:57,820 | INFO | ========================================================================================================================
2026-07-16 09:58:57,821 | INFO | Period 202509 deleted from gold_dim_date
2026-07-16 09:59:01,162 | INFO | Table nyc_taxi.gold.gold_dim_date saved
2026-07-16 09:59:02,789 | INFO | ============ Suppression d'une période ============ 
2026-07-16 09:59:02,790 | INFO | ========================================================================================================================
2026-07-16 09:59:02,791 | INFO | Period 202509 deleted from gold_kpi_daily
2026-07-16 09:59:06,987 | INFO | Table nyc_taxi.gold.gold_kpi_daily saved
2026-07-16 09:59:06,987 | INFO | ============ Application de optimize_period ============ 
2026-07-16 09:59:06,988 | INFO | run completed in 33.79s
2026-07-16 09:59:06,989 | INFO | ******************************************************* Finished UberGold *******************************************************
2026-07-16 09:59:06,990 | INFO | ========================================================================================================================
2026-07-16 09:59:09,084 | INFO | insert_audit completed in 2.09s
2026-07-16 09:59:09,085 | INFO | periode = 202509
2026-07-16 09:59:09,086 | INFO | table_name = silver_nyc_taxi
2026-07-16 09:59:09,087 | INFO | taxi_type = yellow
2026-07-16 09:59:09,088 | INFO | row_count = {'bronze': 4251015, 'silver': 3996520, 'fact_trips': 3996520, 'dim_date': 32, 'kpi_daily': 32, 'dim_location': 265}
2026-07-16 10:28:38,898 | INFO | periode = 202510
2026-07-16 10:28:38,899 | INFO | table_name = silver_nyc_taxi
2026-07-16 10:28:38,900 | INFO | taxi_type = yellow
2026-07-16 10:28:40,970 | INFO | ******************************************************* Starting UberBronze *******************************************************
2026-07-16 10:28:40,971 | INFO | Extracting yellow_tripdata_2025-10.parquet from /Volumes/nyc_taxi/bronze/raw_files/yellow/2025/yellow_tripdata_2025-10.parquet
2026-07-16 10:28:41,730 | INFO | ======================================================= Downloading yellow_tripdata_2025-10.parquet ======================================================= 
2026-07-16 10:28:46,708 | INFO | ======================================================= Bronze rows : 4428699 ======================================================= 
2026-07-16 10:28:46,709 | INFO | run completed in 5.74s
2026-07-16 10:28:46,710 | INFO | ******************************************************* Finished UberBronze *******************************************************
2026-07-16 10:28:46,710 | INFO | ========================================================================================================================
2026-07-16 10:28:46,711 | INFO | ******************************************************* Starting UberSilver *******************************************************
2026-07-16 10:28:47,085 | INFO | add_trip_duration completed in 0.03s
2026-07-16 10:28:47,087 | INFO | add_date_key completed in 0.0s
2026-07-16 10:28:47,089 | INFO | add_tip_percent completed in 0.0s
2026-07-16 10:28:47,089 | INFO | add_average_speed completed in 0.0s
2026-07-16 10:28:47,090 | INFO | add_date_features completed in 0.0s
2026-07-16 10:28:47,098 | INFO | apply_quality_rules completed in 0.0s
2026-07-16 10:28:48,542 | INFO | Silver rows : 4428699 -> 4136376
2026-07-16 10:28:49,906 | INFO | run completed in 3.19s
2026-07-16 10:28:49,907 | INFO | ******************************************************* Finished UberSilver *******************************************************
2026-07-16 10:28:49,908 | INFO | ========================================================================================================================
2026-07-16 10:28:49,908 | INFO | ******************************************************* Starting UberGold *******************************************************
2026-07-16 10:28:49,909 | INFO | get_fact_trips completed in 0.0s
2026-07-16 10:28:49,910 | INFO | get_dim_date completed in 0.0s
2026-07-16 10:28:49,912 | INFO | get_kpi_daily completed in 0.0s
2026-07-16 10:28:55,341 | INFO | ============ Chargement des données dans Delta ============ 
2026-07-16 10:28:56,391 | INFO | ============ Suppression d'une période ============ 
2026-07-16 10:28:56,392 | INFO | ========================================================================================================================
2026-07-16 10:28:56,393 | INFO | Period 202510 deleted from silver_nyc_taxi
2026-07-16 10:29:07,043 | INFO | Table nyc_taxi.silver.silver_nyc_taxi saved
2026-07-16 10:29:08,273 | INFO | ============ Suppression d'une période ============ 
2026-07-16 10:29:08,274 | INFO | ========================================================================================================================
2026-07-16 10:29:08,274 | INFO | Period 202510 deleted from gold_fact_trips
2026-07-16 10:29:14,165 | INFO | Table nyc_taxi.gold.gold_fact_trips saved
2026-07-16 10:29:15,283 | INFO | ============ Suppression d'une période ============ 
2026-07-16 10:29:15,294 | INFO | ========================================================================================================================
2026-07-16 10:29:15,295 | INFO | Period 202510 deleted from gold_dim_date
2026-07-16 10:29:18,533 | INFO | Table nyc_taxi.gold.gold_dim_date saved
2026-07-16 10:29:20,319 | INFO | ============ Suppression d'une période ============ 
2026-07-16 10:29:20,320 | INFO | ========================================================================================================================
2026-07-16 10:29:20,321 | INFO | Period 202510 deleted from gold_kpi_daily
2026-07-16 10:29:24,444 | INFO | Table nyc_taxi.gold.gold_kpi_daily saved
2026-07-16 10:29:24,445 | INFO | context.status = None
2026-07-16 10:29:24,446 | INFO | ============ Application de optimize_period ============ 
2026-07-16 10:29:24,446 | INFO | ============ OPTIMIZE period ============ 
2026-07-16 10:29:26,833 | INFO | ============ Optimisation ============ 
2026-07-16 10:29:26,834 | INFO | OPTIMIZE completed on nyc_taxi.silver.silver_nyc_taxi for period 202510
2026-07-16 10:29:26,835 | INFO | ============ OPTIMIZE period ============ 
2026-07-16 10:29:28,258 | INFO | ============ Optimisation ============ 
2026-07-16 10:29:28,258 | INFO | OPTIMIZE completed on nyc_taxi.gold.gold_fact_trips for period 202510
2026-07-16 10:29:28,259 | INFO | ============ OPTIMIZE period ============ 
2026-07-16 10:29:29,569 | INFO | ============ Optimisation ============ 
2026-07-16 10:29:29,570 | INFO | OPTIMIZE completed on nyc_taxi.gold.gold_dim_date for period 202510
2026-07-16 10:29:29,570 | INFO | ============ OPTIMIZE period ============ 
2026-07-16 10:29:30,966 | INFO | ============ Optimisation ============ 
2026-07-16 10:29:30,967 | INFO | OPTIMIZE completed on nyc_taxi.gold.gold_kpi_daily for period 202510
2026-07-16 10:29:30,968 | INFO | run completed in 41.06s
2026-07-16 10:29:30,969 | INFO | ******************************************************* Finished UberGold *******************************************************
2026-07-16 10:29:30,972 | INFO | ========================================================================================================================
2026-07-16 10:29:30,973 | INFO | MaintenanceJob started
2026-07-16 10:29:30,976 | ERROR | ************ Error in pipeline : name 'spark' is not defined ************
2026-07-16 10:29:33,184 | INFO | insert_audit completed in 2.21s
2026-07-16 10:29:33,185 | INFO | periode = 202510
2026-07-16 10:29:33,186 | INFO | table_name = silver_nyc_taxi
2026-07-16 10:29:33,187 | INFO | taxi_type = yellow
2026-07-16 10:29:33,188 | INFO | row_count = {'bronze': 4428699, 'silver': 0, 'fact_trips': 4136376, 'dim_date': 33, 'kpi_daily': 33, 'dim_location': 265}
2026-07-16 11:36:46,308 | INFO | periode = 202511
2026-07-16 11:36:46,321 | INFO | table_name = silver_nyc_taxi
2026-07-16 11:36:46,331 | INFO | taxi_type = yellow
2026-07-16 11:36:48,465 | INFO | ******************************************************* Starting UberBronze *******************************************************
2026-07-16 11:36:48,481 | INFO | Extracting yellow_tripdata_2025-11.parquet from /Volumes/nyc_taxi/bronze/raw_files/yellow/2025/yellow_tripdata_2025-11.parquet
2026-07-16 11:36:51,109 | INFO | ========================= Downloading yellow_tripdata_2025-11.parquet ========================= 
2026-07-16 11:36:55,511 | INFO | ======================================================= Bronze rows : 4181444 ======================================================= 
2026-07-16 11:36:55,513 | INFO | run completed in 7.03s
2026-07-16 11:36:55,514 | INFO | ******************************************************* Finished UberBronze *******************************************************
2026-07-16 11:36:55,515 | INFO | ========================================================================================================================
2026-07-16 11:36:55,517 | INFO | ******************************************************* Starting UberSilver *******************************************************
2026-07-16 11:36:56,010 | INFO | add_trip_duration completed in 0.05s
2026-07-16 11:36:56,011 | INFO | add_date_key completed in 0.0s
2026-07-16 11:36:56,012 | INFO | add_tip_percent completed in 0.0s
2026-07-16 11:36:56,017 | INFO | add_average_speed completed in 0.0s
2026-07-16 11:36:56,018 | INFO | add_date_features completed in 0.0s
2026-07-16 11:36:56,020 | INFO | apply_quality_rules completed in 0.0s
2026-07-16 11:36:57,372 | INFO | Silver rows : 4181444 -> 3893216
2026-07-16 11:36:58,789 | INFO | run completed in 3.27s
2026-07-16 11:36:58,818 | INFO | ******************************************************* Finished UberSilver *******************************************************
2026-07-16 11:36:58,831 | INFO | ========================================================================================================================
2026-07-16 11:36:58,832 | INFO | ******************************************************* Starting UberGold *******************************************************
2026-07-16 11:36:58,835 | INFO | get_fact_trips completed in 0.0s
2026-07-16 11:36:58,836 | INFO | get_dim_date completed in 0.0s
2026-07-16 11:36:58,839 | INFO | get_kpi_daily completed in 0.0s
2026-07-16 11:37:04,939 | INFO | ============ Chargement des données dans Delta ============ 
2026-07-16 11:37:06,175 | INFO | ============ Suppression d'une période ============ 
2026-07-16 11:37:06,176 | INFO | ========================================================================================================================
2026-07-16 11:37:06,177 | INFO | Period 202511 deleted from silver_nyc_taxi
2026-07-16 11:37:15,362 | INFO | Table nyc_taxi.silver.silver_nyc_taxi saved
2026-07-16 11:37:16,954 | INFO | ============ Suppression d'une période ============ 
2026-07-16 11:37:16,955 | INFO | ========================================================================================================================
2026-07-16 11:37:16,956 | INFO | Period 202511 deleted from gold_fact_trips
2026-07-16 11:37:23,011 | INFO | Table nyc_taxi.gold.gold_fact_trips saved
2026-07-16 11:37:24,395 | INFO | ============ Suppression d'une période ============ 
2026-07-16 11:37:24,396 | INFO | ========================================================================================================================
2026-07-16 11:37:24,397 | INFO | Period 202511 deleted from gold_dim_date
2026-07-16 11:37:27,653 | INFO | Table nyc_taxi.gold.gold_dim_date saved
2026-07-16 11:37:29,149 | INFO | ============ Suppression d'une période ============ 
2026-07-16 11:37:29,151 | INFO | ========================================================================================================================
2026-07-16 11:37:29,152 | INFO | Period 202511 deleted from gold_kpi_daily
2026-07-16 11:37:33,160 | INFO | Table nyc_taxi.gold.gold_kpi_daily saved
2026-07-16 11:37:33,162 | INFO | context.status = None
2026-07-16 11:37:33,163 | INFO | ============ Application de optimize_period ============ 
2026-07-16 11:37:33,164 | INFO | ============ OPTIMIZE period ============ 
2026-07-16 11:37:35,576 | INFO | ============ Optimisation ============ 
2026-07-16 11:37:35,577 | INFO | OPTIMIZE completed on nyc_taxi.silver.silver_nyc_taxi for period 202511
2026-07-16 11:37:35,577 | INFO | ============ OPTIMIZE period ============ 
2026-07-16 11:37:37,082 | INFO | ============ Optimisation ============ 
2026-07-16 11:37:37,083 | INFO | OPTIMIZE completed on nyc_taxi.gold.gold_fact_trips for period 202511
2026-07-16 11:37:37,084 | INFO | ============ OPTIMIZE period ============ 
2026-07-16 11:37:38,449 | INFO | ============ Optimisation ============ 
2026-07-16 11:37:38,450 | INFO | OPTIMIZE completed on nyc_taxi.gold.gold_dim_date for period 202511
2026-07-16 11:37:38,451 | INFO | ============ OPTIMIZE period ============ 
2026-07-16 11:37:39,712 | INFO | ============ Optimisation ============ 
2026-07-16 11:37:39,713 | INFO | OPTIMIZE completed on nyc_taxi.gold.gold_kpi_daily for period 202511
2026-07-16 11:37:39,714 | INFO | run completed in 40.88s
2026-07-16 11:37:39,716 | INFO | ******************************************************* Finished UberGold *******************************************************
2026-07-16 11:37:39,717 | INFO | ========================================================================================================================
2026-07-16 11:37:39,718 | INFO | MaintenanceJob started
2026-07-16 11:37:39,934 | ERROR | Error in pipeline : [CONFIG_NOT_AVAILABLE.WITHOUT_SUGGESTION] Configuration spark.databricks.delta.retentionDurationCheck.enabled is not available.  SQLSTATE: 42K0I

JVM stacktrace:
org.apache.spark.sql.AnalysisException
	at com.databricks.sql.connect.SparkConnectConfig$.assertConfigAllowed(SparkConnectConfig.scala:464)
	at org.apache.spark.sql.connect.service.SparkConnectConfigHandler$RuntimeConfigWrapper.set(SparkConnectConfigHandler.scala:130)
	at org.apache.spark.sql.connect.service.SparkConnectConfigHandler.$anonfun$handleSet$1(SparkConnectConfigHandler.scala:298)
	at scala.collection.IterableOnceOps.foreach(IterableOnce.scala:619)
	at scala.collection.IterableOnceOps.foreach$(IterableOnce.scala:617)
	at scala.collection.AbstractIterator.foreach(Iterator.scala:1306)
	at org.apache.spark.sql.connect.service.SparkConnectConfigHandler.handleSet(SparkConnectConfigHandler.scala:295)
	at org.apache.spark.sql.connect.service.SparkConnectConfigHandler.$anonfun$doHandle$1(SparkConnectConfigHandler.scala:266)
	at org.apache.spark.sql.connect.service.SparkConnectConfigHandler.$anonfun$doHandle$1$adapted(SparkConnectConfigHandler.scala:245)
	at org.apache.spark.sql.connect.service.SessionHolder.$anonfun$withSession$2(SessionHolder.scala:844)
	at org.apache.spark.sql.SparkSession.withActive(SparkSession.scala:866)
	at org.apache.spark.sql.connect.service.SessionHolder.$anonfun$withSession$1(SessionHolder.scala:844)
	at org.apache.spark.JobArtifactSet$.withActiveJobArtifactState(JobArtifactSet.scala:97)
	at org.apache.spark.sql.artifact.ArtifactManager.$anonfun$withResources$1(ArtifactManager.scala:124)
	at org.apache.spark.sql.artifact.ArtifactManager.withClassLoaderIfNeeded(ArtifactManager.scala:118)
	at org.apache.spark.sql.artifact.ArtifactManager.withResources(ArtifactManager.scala:123)
	at org.apache.spark.sql.connect.service.SessionHolder.withSession(SessionHolder.scala:843)
	at org.apache.spark.sql.connect.service.SparkConnectConfigHandler.doHandle(SparkConnectConfigHandler.scala:245)
	at org.apache.spark.sql.connect.service.SparkConnectConfigHandler.$anonfun$handle$1(SparkConnectConfigHandler.scala:236)
	at org.apache.spark.sql.connect.service.SparkConnectConfigHandler.$anonfun$handle$1$adapted(SparkConnectConfigHandler.scala:220)
	at com.databricks.spark.connect.logging.rpc.SparkConnectRpcMetricsCollectorUtils$.collectMetrics(SparkConnectRpcMetricsCollector.scala:293)
	at org.apache.spark.sql.connect.service.SparkConnectConfigHandler.handle(SparkConnectConfigHandler.scala:220)
	at org.apache.spark.sql.connect.service.SparkConnectService.config(SparkConnectService.scala:138)
	at org.apache.spark.connect.proto.SparkConnectServiceGrpc$MethodHandlers.invoke(SparkConnectServiceGrpc.java:1012)
	at org.sparkproject.connect.io.grpc.stub.ServerCalls$UnaryServerCallHandler$UnaryServerCallListener.onHalfClose(ServerCalls.java:182)
	at org.sparkproject.connect.io.grpc.PartialForwardingServerCallListener.onHalfClose(PartialForwardingServerCallListener.java:35)
	at org.sparkproject.connect.io.grpc.ForwardingServerCallListener.onHalfClose(ForwardingServerCallListener.java:23)
	at org.sparkproject.connect.io.grpc.ForwardingServerCallListener$SimpleForwardingServerCallListener.onHalfClose(ForwardingServerCallListener.java:40)
	at org.sparkproject.connect.io.grpc.PartialForwardingServerCallListener.onHalfClose(PartialForwardingServerCallListener.java:35)
	at org.sparkproject.connect.io.grpc.ForwardingServerCallListener.onHalfClose(ForwardingServerCallListener.java:23)
	at org.sparkproject.connect.io.grpc.ForwardingServerCallListener$SimpleForwardingServerCallListener.onHalfClose(ForwardingServerCallListener.java:40)
	at org.sparkproject.connect.io.grpc.PartialForwardingServerCallListener.onHalfClose(PartialForwardingServerCallListener.java:35)
	at org.sparkproject.connect.io.grpc.ForwardingServerCallListener.onHalfClose(ForwardingServerCallListener.java:23)
	at org.sparkproject.connect.io.grpc.ForwardingServerCallListener$SimpleForwardingServerCallListener.onHalfClose(ForwardingServerCallListener.java:40)
	at org.sparkproject.connect.io.grpc.Contexts$ContextualizedServerCallListener.onHalfClose(Contexts.java:86)
	at org.sparkproject.connect.io.grpc.PartialForwardingServerCallListener.onHalfClose(PartialForwardingServerCallListener.java:35)
	at org.sparkproject.connect.io.grpc.ForwardingServerCallListener.onHalfClose(ForwardingServerCallListener.java:23)
	at org.sparkproject.connect.io.grpc.ForwardingServerCallListener$SimpleForwardingServerCallListener.onHalfClose(ForwardingServerCallListener.java:40)
	at com.databricks.spark.connect.service.AuthenticationInterceptor$AuthenticatedServerCallListener.$anonfun$onHalfClose$1(AuthenticationInterceptor.scala:528)
	at scala.runtime.java8.JFunction0$mcV$sp.apply(JFunction0$mcV$sp.scala:18)
	at com.databricks.unity.UCSEphemeralState$Handle.runWith(UCSEphemeralState.scala:51)
	at com.databricks.unity.HandleImpl.runWith(UCSHandle.scala:128)
	at com.databricks.spark.connect.service.RequestContext.$anonfun$runWith$4(RequestContext.scala:494)
	at com.databricks.util.TracingSpanUtils$.withSyncTracingAndParentFromHeaders(TracingSpanUtils.scala:456)
	at com.databricks.spark.util.DatabricksTracingHelper.withSpanFromRequest(DatabricksSparkTracingHelper.scala:136)
	at com.databricks.spark.util.DBRTracing$.withSpanFromRequest(DBRTracing.scala:75)
	at com.databricks.spark.connect.service.RequestContext.runWithSpanFromTags(RequestContext.scala:517)
	at com.databricks.spark.connect.service.RequestContext.$anonfun$runWith$3(RequestContext.scala:494)
	at com.databricks.spark.connect.service.RequestContext$.com$databricks$spark$connect$service$RequestContext$$withLocalProperties(RequestContext.scala:729)
	at com.databricks.spark.connect.service.RequestContext.$anonfun$runWith$2(RequestContext.scala:493)
	at com.databricks.logging.AttributionContextTracing.$anonfun$withAttributionContext$1(AttributionContextTracing.scala:146)
	at com.databricks.logging.AttributionContext$.$anonfun$withValue$1(AttributionContext.scala:349)
	at scala.util.DynamicVariable.withValue(DynamicVariable.scala:59)
	at com.databricks.logging.AttributionContext$.withValue(AttributionContext.scala:345)
	at com.databricks.logging.AttributionContextTracing.withAttributionContext(AttributionContextTracing.scala:144)
	at com.databricks.logging.AttributionContextTracing.withAttributionContext$(AttributionContextTracing.scala:141)
	at com.databricks.spark.util.PublicDBLogging.withAttributionContext(DatabricksSparkUsageLogger.scala:29)
	at com.databricks.spark.util.UniverseAttributionContextWrapper.withValue(AttributionContextUtils.scala:242)
	at com.databricks.spark.connect.service.RequestContext.$anonfun$runWith$1(RequestContext.scala:492)
	at com.databricks.spark.connect.service.RequestContext.withContext(RequestContext.scala:525)
	at com.databricks.spark.connect.service.RequestContext.runWith(RequestContext.scala:485)
	at com.databricks.spark.connect.service.AuthenticationInterceptor$AuthenticatedServerCallListener.onHalfClose(AuthenticationInterceptor.scala:528)
	at org.sparkproject.connect.io.grpc.PartialForwardingServerCallListener.onHalfClose(PartialForwardingServerCallListener.java:35)
	at org.sparkproject.connect.io.grpc.ForwardingServerCallListener.onHalfClose(ForwardingServerCallListener.java:23)
	at org.sparkproject.connect.io.grpc.ForwardingServerCallListener$SimpleForwardingServerCallListener.onHalfClose(ForwardingServerCallListener.java:40)
	at org.sparkproject.connect.io.grpc.internal.ServerCallImpl$ServerStreamListenerImpl.halfClosed(ServerCallImpl.java:356)
	at org.sparkproject.connect.io.grpc.internal.ServerImpl$JumpToApplicationThreadServerStreamListener$1HalfClosed.runInContext(ServerImpl.java:861)
	at org.sparkproject.connect.io.grpc.internal.ContextRunnable.run(ContextRunnable.java:37)
	at org.sparkproject.connect.io.grpc.internal.SerializingExecutor.run(SerializingExecutor.java:133)
	at org.apache.spark.util.threads.SparkThreadLocalCapturingRunnable.$anonfun$run$1(SparkThreadLocalForwardingThreadPoolExecutor.scala:171)
	at scala.runtime.java8.JFunction0$mcV$sp.apply(JFunction0$mcV$sp.scala:18)
	at com.databricks.spark.util.DBRTracing$.withSpanFromParent(DBRTracing.scala:70)
	at org.apache.spark.util.threads.SparkThreadLocalCapturingHelper.$anonfun$runWithCaptured$7(SparkThreadLocalForwardingThreadPoolExecutor.scala:124)
	at com.databricks.util.LexicalThreadLocal$Handle.runWith(LexicalThreadLocal.scala:63)
	at org.apache.spark.util.threads.SparkThreadLocalCapturingHelper.$anonfun$runWithCaptured$6(SparkThreadLocalForwardingThreadPoolExecutor.scala:123)
	at com.databricks.sql.transaction.tahoe.mst.MSTThreadHelper$.runWithMSTContext(MSTThreadHelper.scala:77)
	at org.apache.spark.util.threads.SparkThreadLocalCapturingHelper.$anonfun$runWithCaptured$5(SparkThreadLocalForwardingThreadPoolExecutor.scala:120)
	at com.databricks.spark.util.IdentityClaim$.withClaim(IdentityClaim.scala:48)
	at org.apache.spark.util.threads.SparkThreadLocalCapturingHelper.$anonfun$runWithCaptured$4(SparkThreadLocalForwardingThreadPoolExecutor.scala:119)
	at com.databricks.unity.UCSEphemeralState$Handle.runWith(UCSEphemeralState.scala:51)
	at org.apache.spark.util.threads.SparkThreadLocalCapturingHelper.runWithCaptured(SparkThreadLocalForwardingThreadPoolExecutor.scala:118)
	at org.apache.spark.util.threads.SparkThreadLocalCapturingHelper.runWithCaptured$(SparkThreadLocalForwardingThreadPoolExecutor.scala:95)
	at org.apache.spark.util.threads.SparkThreadLocalCapturingRunnable.runWithCaptured(SparkThreadLocalForwardingThreadPoolExecutor.scala:168)
	at org.apache.spark.util.threads.SparkThreadLocalCapturingRunnable.run(SparkThreadLocalForwardingThreadPoolExecutor.scala:171)
	at java.util.concurrent.ThreadPoolExecutor.runWorker(ThreadPoolExecutor.java:1136)
	at java.util.concurrent.ThreadPoolExecutor$Worker.run(ThreadPoolExecutor.java:635)
	at java.lang.Thread.run(Thread.java:840)
2026-07-16 11:37:43,784 | INFO | insert_audit completed in 3.85s
2026-07-16 11:44:33,498 | INFO | periode = 202512
2026-07-16 11:44:33,500 | INFO | table_name = silver_nyc_taxi
2026-07-16 11:44:33,501 | INFO | taxi_type = yellow
2026-07-16 11:44:34,850 | INFO | ******************************************************* Starting UberBronze *******************************************************
2026-07-16 11:44:34,851 | INFO | Extracting yellow_tripdata_2025-12.parquet from /Volumes/nyc_taxi/bronze/raw_files/yellow/2025/yellow_tripdata_2025-12.parquet
2026-07-16 11:44:35,204 | INFO | ========================= Downloading yellow_tripdata_2025-12.parquet ========================= 
2026-07-16 11:44:38,465 | INFO | ======================================================= Bronze rows : 4305006 ======================================================= 
2026-07-16 11:44:38,466 | INFO | run completed in 3.62s
2026-07-16 11:44:38,467 | INFO | ******************************************************* Finished UberBronze *******************************************************
2026-07-16 11:44:38,468 | INFO | ========================================================================================================================
2026-07-16 11:44:38,469 | INFO | ******************************************************* Starting UberSilver *******************************************************
2026-07-16 11:44:38,934 | INFO | add_trip_duration completed in 0.06s
2026-07-16 11:44:38,935 | INFO | add_date_key completed in 0.0s
2026-07-16 11:44:38,936 | INFO | add_tip_percent completed in 0.0s
2026-07-16 11:44:38,937 | INFO | add_average_speed completed in 0.0s
2026-07-16 11:44:38,938 | INFO | add_date_features completed in 0.0s
2026-07-16 11:44:38,940 | INFO | apply_quality_rules completed in 0.0s
2026-07-16 11:44:40,304 | INFO | Silver rows : 4305006 -> 4050221
2026-07-16 11:44:41,505 | INFO | run completed in 3.04s
2026-07-16 11:44:41,510 | INFO | ******************************************************* Finished UberSilver *******************************************************
2026-07-16 11:44:41,515 | INFO | ========================================================================================================================
2026-07-16 11:44:41,516 | INFO | ******************************************************* Starting UberGold *******************************************************
2026-07-16 11:44:41,517 | INFO | get_fact_trips completed in 0.0s
2026-07-16 11:44:41,519 | INFO | get_dim_date completed in 0.0s
2026-07-16 11:44:41,526 | INFO | get_kpi_daily completed in 0.0s
2026-07-16 11:44:45,985 | INFO | ============ Chargement des données dans Delta ============ 
2026-07-16 11:44:46,921 | INFO | ============ Suppression d'une période ============ 
2026-07-16 11:44:46,922 | INFO | ========================================================================================================================
2026-07-16 11:44:46,923 | INFO | Period 202512 deleted from silver_nyc_taxi
2026-07-16 11:44:56,137 | INFO | Table nyc_taxi.silver.silver_nyc_taxi saved
2026-07-16 11:44:57,433 | INFO | ============ Suppression d'une période ============ 
2026-07-16 11:44:57,434 | INFO | ========================================================================================================================
2026-07-16 11:44:57,435 | INFO | Period 202512 deleted from gold_fact_trips
2026-07-16 11:45:03,617 | INFO | Table nyc_taxi.gold.gold_fact_trips saved
2026-07-16 11:45:04,589 | INFO | ============ Suppression d'une période ============ 
2026-07-16 11:45:04,590 | INFO | ========================================================================================================================
2026-07-16 11:45:04,591 | INFO | Period 202512 deleted from gold_dim_date
2026-07-16 11:45:07,633 | INFO | Table nyc_taxi.gold.gold_dim_date saved
2026-07-16 11:45:08,799 | INFO | ============ Suppression d'une période ============ 
2026-07-16 11:45:08,800 | INFO | ========================================================================================================================
2026-07-16 11:45:08,801 | INFO | Period 202512 deleted from gold_kpi_daily
2026-07-16 11:45:12,973 | INFO | Table nyc_taxi.gold.gold_kpi_daily saved
2026-07-16 11:45:12,974 | INFO | context.status = None
2026-07-16 11:45:12,975 | INFO | ============ Application de optimize_period ============ 
2026-07-16 11:45:12,976 | INFO | ============ OPTIMIZE period ============ 
2026-07-16 11:45:14,298 | INFO | ============ Optimisation ============ 
2026-07-16 11:45:14,299 | INFO | OPTIMIZE completed on nyc_taxi.silver.silver_nyc_taxi for period 202512
2026-07-16 11:45:14,300 | INFO | ============ OPTIMIZE period ============ 
2026-07-16 11:45:15,554 | INFO | ============ Optimisation ============ 
2026-07-16 11:45:15,555 | INFO | OPTIMIZE completed on nyc_taxi.gold.gold_fact_trips for period 202512
2026-07-16 11:45:15,556 | INFO | ============ OPTIMIZE period ============ 
2026-07-16 11:45:16,810 | INFO | ============ Optimisation ============ 
2026-07-16 11:45:16,811 | INFO | OPTIMIZE completed on nyc_taxi.gold.gold_dim_date for period 202512
2026-07-16 11:45:16,811 | INFO | ============ OPTIMIZE period ============ 
2026-07-16 11:45:18,120 | INFO | ============ Optimisation ============ 
2026-07-16 11:45:18,123 | INFO | OPTIMIZE completed on nyc_taxi.gold.gold_kpi_daily for period 202512
2026-07-16 11:45:18,124 | INFO | run completed in 36.61s
2026-07-16 11:45:18,126 | INFO | ******************************************************* Finished UberGold *******************************************************
2026-07-16 11:45:18,129 | INFO | ========================================================================================================================
2026-07-16 11:45:18,131 | INFO | MaintenanceJob started
2026-07-16 11:45:18,131 | INFO | Processing nyc_taxi.silver.silver_nyc_taxi
2026-07-16 11:45:20,349 | INFO | ============ OPTIMIZE completed ============ 
2026-07-16 11:45:20,352 | INFO | OPTIMIZE completed {table_name}
2026-07-16 11:45:37,655 | INFO | VACUUM completed on nyc_taxi.silver.silver_nyc_taxi
2026-07-16 11:45:37,658 | INFO | Maintenance completed for nyc_taxi.silver.silver_nyc_taxi
2026-07-16 11:45:37,659 | INFO | Processing nyc_taxi.gold.gold_fact_trips
2026-07-16 11:45:39,127 | INFO | ============ OPTIMIZE completed ============ 
2026-07-16 11:45:39,128 | INFO | OPTIMIZE completed {table_name}
2026-07-16 11:45:53,249 | INFO | VACUUM completed on nyc_taxi.gold.gold_fact_trips
2026-07-16 11:45:53,250 | INFO | Maintenance completed for nyc_taxi.gold.gold_fact_trips
2026-07-16 11:45:53,250 | INFO | Processing nyc_taxi.gold.gold_dim_date
2026-07-16 11:45:56,493 | INFO | ============ OPTIMIZE completed ============ 
2026-07-16 11:45:56,495 | INFO | OPTIMIZE completed {table_name}
2026-07-16 11:46:10,359 | INFO | VACUUM completed on nyc_taxi.gold.gold_dim_date
2026-07-16 11:46:10,360 | INFO | Maintenance completed for nyc_taxi.gold.gold_dim_date
2026-07-16 11:46:10,360 | INFO | Processing nyc_taxi.gold.gold_kpi_daily
2026-07-16 11:46:11,857 | INFO | ============ OPTIMIZE completed ============ 
2026-07-16 11:46:11,858 | INFO | OPTIMIZE completed {table_name}
2026-07-16 11:46:27,569 | INFO | VACUUM completed on nyc_taxi.gold.gold_kpi_daily
2026-07-16 11:46:27,571 | INFO | Maintenance completed for nyc_taxi.gold.gold_kpi_daily
2026-07-16 11:46:27,572 | INFO | MaintenanceJob finished
2026-07-16 11:46:27,602 | ERROR | [CANNOT_DETERMINE_TYPE] Some of types cannot be determined after inferring.
2026-07-16 11:51:05,398 | INFO | periode = 202601
2026-07-16 11:51:05,399 | INFO | table_name = silver_nyc_taxi
2026-07-16 11:51:05,400 | INFO | taxi_type = yellow
2026-07-16 11:51:06,411 | INFO | ******************************************************* Starting UberBronze *******************************************************
2026-07-16 11:51:06,412 | INFO | Extracting yellow_tripdata_2026-01.parquet from /Volumes/nyc_taxi/bronze/raw_files/yellow/2026/yellow_tripdata_2026-01.parquet
2026-07-16 11:51:06,990 | INFO | ========================= Downloading yellow_tripdata_2026-01.parquet ========================= 
2026-07-16 11:51:10,341 | INFO | ======================================================= Bronze rows : 3724889 ======================================================= 
2026-07-16 11:51:10,343 | INFO | run completed in 3.93s
2026-07-16 11:51:10,344 | INFO | ******************************************************* Finished UberBronze *******************************************************
2026-07-16 11:51:10,345 | INFO | ========================================================================================================================
2026-07-16 11:51:10,346 | INFO | ******************************************************* Starting UberSilver *******************************************************
2026-07-16 11:51:10,767 | INFO | add_trip_duration completed in 0.06s
2026-07-16 11:51:10,768 | INFO | add_date_key completed in 0.0s
2026-07-16 11:51:10,769 | INFO | add_tip_percent completed in 0.0s
2026-07-16 11:51:10,770 | INFO | add_average_speed completed in 0.0s
2026-07-16 11:51:10,771 | INFO | add_date_features completed in 0.0s
2026-07-16 11:51:10,772 | INFO | apply_quality_rules completed in 0.0s
2026-07-16 11:51:12,565 | INFO | Silver rows : 3724889 -> 3517534
2026-07-16 11:51:14,326 | INFO | run completed in 3.98s
2026-07-16 11:51:14,327 | INFO | ******************************************************* Finished UberSilver *******************************************************
2026-07-16 11:51:14,328 | INFO | ========================================================================================================================
2026-07-16 11:51:14,329 | INFO | ******************************************************* Starting UberGold *******************************************************
2026-07-16 11:51:14,331 | INFO | get_fact_trips completed in 0.0s
2026-07-16 11:51:14,332 | INFO | get_dim_date completed in 0.0s
2026-07-16 11:51:14,334 | INFO | get_kpi_daily completed in 0.0s
2026-07-16 11:51:18,710 | INFO | ============ Chargement des données dans Delta ============ 
2026-07-16 11:51:20,093 | INFO | ============ Suppression d'une période ============ 
2026-07-16 11:51:20,094 | INFO | ========================================================================================================================
2026-07-16 11:51:20,094 | INFO | Period 202601 deleted from silver_nyc_taxi
2026-07-16 11:51:28,182 | INFO | Table nyc_taxi.silver.silver_nyc_taxi saved
2026-07-16 11:51:29,169 | INFO | ============ Suppression d'une période ============ 
2026-07-16 11:51:29,171 | INFO | ========================================================================================================================
2026-07-16 11:51:29,172 | INFO | Period 202601 deleted from gold_fact_trips
2026-07-16 11:51:34,761 | INFO | Table nyc_taxi.gold.gold_fact_trips saved
2026-07-16 11:51:35,946 | INFO | ============ Suppression d'une période ============ 
2026-07-16 11:51:35,947 | INFO | ========================================================================================================================
2026-07-16 11:51:35,948 | INFO | Period 202601 deleted from gold_dim_date
2026-07-16 11:51:38,722 | INFO | Table nyc_taxi.gold.gold_dim_date saved
2026-07-16 11:51:40,106 | INFO | ============ Suppression d'une période ============ 
2026-07-16 11:51:40,107 | INFO | ========================================================================================================================
2026-07-16 11:51:40,107 | INFO | Period 202601 deleted from gold_kpi_daily
2026-07-16 11:51:44,560 | INFO | Table nyc_taxi.gold.gold_kpi_daily saved
2026-07-16 11:51:44,561 | INFO | context.status = None
2026-07-16 11:51:44,562 | INFO | ============ Application de optimize_period ============ 
2026-07-16 11:51:44,562 | INFO | ============ OPTIMIZE period ============ 
2026-07-16 11:51:45,903 | INFO | ============ Optimisation ============ 
2026-07-16 11:51:45,905 | INFO | OPTIMIZE completed on nyc_taxi.silver.silver_nyc_taxi for period 202601
2026-07-16 11:51:45,906 | INFO | ============ OPTIMIZE period ============ 
2026-07-16 11:51:47,263 | INFO | ============ Optimisation ============ 
2026-07-16 11:51:47,264 | INFO | OPTIMIZE completed on nyc_taxi.gold.gold_fact_trips for period 202601
2026-07-16 11:51:47,265 | INFO | ============ OPTIMIZE period ============ 
2026-07-16 11:51:48,547 | INFO | ============ Optimisation ============ 
2026-07-16 11:51:48,547 | INFO | OPTIMIZE completed on nyc_taxi.gold.gold_dim_date for period 202601
2026-07-16 11:51:48,548 | INFO | ============ OPTIMIZE period ============ 
2026-07-16 11:51:50,256 | INFO | ============ Optimisation ============ 
2026-07-16 11:51:50,257 | INFO | OPTIMIZE completed on nyc_taxi.gold.gold_kpi_daily for period 202601
2026-07-16 11:51:50,257 | INFO | run completed in 35.93s
2026-07-16 11:51:50,258 | INFO | ******************************************************* Finished UberGold *******************************************************
2026-07-16 11:51:50,258 | INFO | ========================================================================================================================
2026-07-16 11:51:50,259 | INFO | MaintenanceJob started
2026-07-16 11:51:50,409 | ERROR | Error in pipeline : [CONFIG_NOT_AVAILABLE.WITHOUT_SUGGESTION] Configuration spark.databricks.clusterUsageTags.sparkVersion is not available.  SQLSTATE: 42K0I

JVM stacktrace:
org.apache.spark.sql.AnalysisException
	at com.databricks.sql.connect.SparkConnectConfig$.assertConfigAllowedForRead(SparkConnectConfig.scala:474)
	at org.apache.spark.sql.connect.service.SparkConnectConfigHandler$RuntimeConfigWrapper.get(SparkConnectConfigHandler.scala:144)
	at org.apache.spark.sql.connect.service.SparkConnectConfigHandler.transform(SparkConnectConfigHandler.scala:316)
	at org.apache.spark.sql.connect.service.SparkConnectConfigHandler.$anonfun$handleGet$1(SparkConnectConfigHandler.scala:353)
	at org.apache.spark.sql.connect.service.SparkConnectConfigHandler.$anonfun$handleGet$1$adapted(SparkConnectConfigHandler.scala:352)
	at scala.collection.IterableOnceOps.foreach(IterableOnce.scala:619)
	at scala.collection.IterableOnceOps.foreach$(IterableOnce.scala:617)
	at scala.collection.AbstractIterator.foreach(Iterator.scala:1306)
	at org.apache.spark.sql.connect.service.SparkConnectConfigHandler.handleGet(SparkConnectConfigHandler.scala:352)
	at org.apache.spark.sql.connect.service.SparkConnectConfigHandler.$anonfun$doHandle$1(SparkConnectConfigHandler.scala:268)
	at org.apache.spark.sql.connect.service.SparkConnectConfigHandler.$anonfun$doHandle$1$adapted(SparkConnectConfigHandler.scala:245)
	at org.apache.spark.sql.connect.service.SessionHolder.$anonfun$withSession$2(SessionHolder.scala:844)
	at org.apache.spark.sql.SparkSession.withActive(SparkSession.scala:866)
	at org.apache.spark.sql.connect.service.SessionHolder.$anonfun$withSession$1(SessionHolder.scala:844)
	at org.apache.spark.JobArtifactSet$.withActiveJobArtifactState(JobArtifactSet.scala:97)
	at org.apache.spark.sql.artifact.ArtifactManager.$anonfun$withResources$1(ArtifactManager.scala:124)
	at org.apache.spark.sql.artifact.ArtifactManager.withClassLoaderIfNeeded(ArtifactManager.scala:118)
	at org.apache.spark.sql.artifact.ArtifactManager.withResources(ArtifactManager.scala:123)
	at org.apache.spark.sql.connect.service.SessionHolder.withSession(SessionHolder.scala:843)
	at org.apache.spark.sql.connect.service.SparkConnectConfigHandler.doHandle(SparkConnectConfigHandler.scala:245)
	at org.apache.spark.sql.connect.service.SparkConnectConfigHandler.$anonfun$handle$1(SparkConnectConfigHandler.scala:236)
	at org.apache.spark.sql.connect.service.SparkConnectConfigHandler.$anonfun$handle$1$adapted(SparkConnectConfigHandler.scala:220)
	at com.databricks.spark.connect.logging.rpc.SparkConnectRpcMetricsCollectorUtils$.collectMetrics(SparkConnectRpcMetricsCollector.scala:293)
	at org.apache.spark.sql.connect.service.SparkConnectConfigHandler.handle(SparkConnectConfigHandler.scala:220)
	at org.apache.spark.sql.connect.service.SparkConnectService.config(SparkConnectService.scala:138)
	at org.apache.spark.connect.proto.SparkConnectServiceGrpc$MethodHandlers.invoke(SparkConnectServiceGrpc.java:1012)
	at org.sparkproject.connect.io.grpc.stub.ServerCalls$UnaryServerCallHandler$UnaryServerCallListener.onHalfClose(ServerCalls.java:182)
	at org.sparkproject.connect.io.grpc.PartialForwardingServerCallListener.onHalfClose(PartialForwardingServerCallListener.java:35)
	at org.sparkproject.connect.io.grpc.ForwardingServerCallListener.onHalfClose(ForwardingServerCallListener.java:23)
	at org.sparkproject.connect.io.grpc.ForwardingServerCallListener$SimpleForwardingServerCallListener.onHalfClose(ForwardingServerCallListener.java:40)
	at org.sparkproject.connect.io.grpc.PartialForwardingServerCallListener.onHalfClose(PartialForwardingServerCallListener.java:35)
	at org.sparkproject.connect.io.grpc.ForwardingServerCallListener.onHalfClose(ForwardingServerCallListener.java:23)
	at org.sparkproject.connect.io.grpc.ForwardingServerCallListener$SimpleForwardingServerCallListener.onHalfClose(ForwardingServerCallListener.java:40)
	at org.sparkproject.connect.io.grpc.PartialForwardingServerCallListener.onHalfClose(PartialForwardingServerCallListener.java:35)
	at org.sparkproject.connect.io.grpc.ForwardingServerCallListener.onHalfClose(ForwardingServerCallListener.java:23)
	at org.sparkproject.connect.io.grpc.ForwardingServerCallListener$SimpleForwardingServerCallListener.onHalfClose(ForwardingServerCallListener.java:40)
	at org.sparkproject.connect.io.grpc.Contexts$ContextualizedServerCallListener.onHalfClose(Contexts.java:86)
	at org.sparkproject.connect.io.grpc.PartialForwardingServerCallListener.onHalfClose(PartialForwardingServerCallListener.java:35)
	at org.sparkproject.connect.io.grpc.ForwardingServerCallListener.onHalfClose(ForwardingServerCallListener.java:23)
	at org.sparkproject.connect.io.grpc.ForwardingServerCallListener$SimpleForwardingServerCallListener.onHalfClose(ForwardingServerCallListener.java:40)
	at com.databricks.spark.connect.service.AuthenticationInterceptor$AuthenticatedServerCallListener.$anonfun$onHalfClose$1(AuthenticationInterceptor.scala:528)
	at scala.runtime.java8.JFunction0$mcV$sp.apply(JFunction0$mcV$sp.scala:18)
	at com.databricks.unity.UCSEphemeralState$Handle.runWith(UCSEphemeralState.scala:51)
	at com.databricks.unity.HandleImpl.runWith(UCSHandle.scala:128)
	at com.databricks.spark.connect.service.RequestContext.$anonfun$runWith$4(RequestContext.scala:494)
	at com.databricks.util.TracingSpanUtils$.withSyncTracingAndParentFromHeaders(TracingSpanUtils.scala:456)
	at com.databricks.spark.util.DatabricksTracingHelper.withSpanFromRequest(DatabricksSparkTracingHelper.scala:136)
	at com.databricks.spark.util.DBRTracing$.withSpanFromRequest(DBRTracing.scala:75)
	at com.databricks.spark.connect.service.RequestContext.runWithSpanFromTags(RequestContext.scala:517)
	at com.databricks.spark.connect.service.RequestContext.$anonfun$runWith$3(RequestContext.scala:494)
	at com.databricks.spark.connect.service.RequestContext$.com$databricks$spark$connect$service$RequestContext$$withLocalProperties(RequestContext.scala:729)
	at com.databricks.spark.connect.service.RequestContext.$anonfun$runWith$2(RequestContext.scala:493)
	at com.databricks.logging.AttributionContextTracing.$anonfun$withAttributionContext$1(AttributionContextTracing.scala:146)
	at com.databricks.logging.AttributionContext$.$anonfun$withValue$1(AttributionContext.scala:349)
	at scala.util.DynamicVariable.withValue(DynamicVariable.scala:59)
	at com.databricks.logging.AttributionContext$.withValue(AttributionContext.scala:345)
	at com.databricks.logging.AttributionContextTracing.withAttributionContext(AttributionContextTracing.scala:144)
	at com.databricks.logging.AttributionContextTracing.withAttributionContext$(AttributionContextTracing.scala:141)
	at com.databricks.spark.util.PublicDBLogging.withAttributionContext(DatabricksSparkUsageLogger.scala:29)
	at com.databricks.spark.util.UniverseAttributionContextWrapper.withValue(AttributionContextUtils.scala:242)
	at com.databricks.spark.connect.service.RequestContext.$anonfun$runWith$1(RequestContext.scala:492)
	at com.databricks.spark.connect.service.RequestContext.withContext(RequestContext.scala:525)
	at com.databricks.spark.connect.service.RequestContext.runWith(RequestContext.scala:485)
	at com.databricks.spark.connect.service.AuthenticationInterceptor$AuthenticatedServerCallListener.onHalfClose(AuthenticationInterceptor.scala:528)
	at org.sparkproject.connect.io.grpc.PartialForwardingServerCallListener.onHalfClose(PartialForwardingServerCallListener.java:35)
	at org.sparkproject.connect.io.grpc.ForwardingServerCallListener.onHalfClose(ForwardingServerCallListener.java:23)
	at org.sparkproject.connect.io.grpc.ForwardingServerCallListener$SimpleForwardingServerCallListener.onHalfClose(ForwardingServerCallListener.java:40)
	at org.sparkproject.connect.io.grpc.internal.ServerCallImpl$ServerStreamListenerImpl.halfClosed(ServerCallImpl.java:356)
	at org.sparkproject.connect.io.grpc.internal.ServerImpl$JumpToApplicationThreadServerStreamListener$1HalfClosed.runInContext(ServerImpl.java:861)
	at org.sparkproject.connect.io.grpc.internal.ContextRunnable.run(ContextRunnable.java:37)
	at org.sparkproject.connect.io.grpc.internal.SerializingExecutor.run(SerializingExecutor.java:133)
	at org.apache.spark.util.threads.SparkThreadLocalCapturingRunnable.$anonfun$run$1(SparkThreadLocalForwardingThreadPoolExecutor.scala:171)
	at scala.runtime.java8.JFunction0$mcV$sp.apply(JFunction0$mcV$sp.scala:18)
	at com.databricks.spark.util.DBRTracing$.withSpanFromParent(DBRTracing.scala:70)
	at org.apache.spark.util.threads.SparkThreadLocalCapturingHelper.$anonfun$runWithCaptured$7(SparkThreadLocalForwardingThreadPoolExecutor.scala:124)
	at com.databricks.util.LexicalThreadLocal$Handle.runWith(LexicalThreadLocal.scala:63)
	at org.apache.spark.util.threads.SparkThreadLocalCapturingHelper.$anonfun$runWithCaptured$6(SparkThreadLocalForwardingThreadPoolExecutor.scala:123)
	at com.databricks.sql.transaction.tahoe.mst.MSTThreadHelper$.runWithMSTContext(MSTThreadHelper.scala:77)
	at org.apache.spark.util.threads.SparkThreadLocalCapturingHelper.$anonfun$runWithCaptured$5(SparkThreadLocalForwardingThreadPoolExecutor.scala:120)
	at com.databricks.spark.util.IdentityClaim$.withClaim(IdentityClaim.scala:48)
	at org.apache.spark.util.threads.SparkThreadLocalCapturingHelper.$anonfun$runWithCaptured$4(SparkThreadLocalForwardingThreadPoolExecutor.scala:119)
	at com.databricks.unity.UCSEphemeralState$Handle.runWith(UCSEphemeralState.scala:51)
	at org.apache.spark.util.threads.SparkThreadLocalCapturingHelper.runWithCaptured(SparkThreadLocalForwardingThreadPoolExecutor.scala:118)
	at org.apache.spark.util.threads.SparkThreadLocalCapturingHelper.runWithCaptured$(SparkThreadLocalForwardingThreadPoolExecutor.scala:95)
	at org.apache.spark.util.threads.SparkThreadLocalCapturingRunnable.runWithCaptured(SparkThreadLocalForwardingThreadPoolExecutor.scala:168)
	at org.apache.spark.util.threads.SparkThreadLocalCapturingRunnable.run(SparkThreadLocalForwardingThreadPoolExecutor.scala:171)
	at java.util.concurrent.ThreadPoolExecutor.runWorker(ThreadPoolExecutor.java:1136)
	at java.util.concurrent.ThreadPoolExecutor$Worker.run(ThreadPoolExecutor.java:635)
	at java.lang.Thread.run(Thread.java:840)
2026-07-16 11:51:52,476 | INFO | insert_audit completed in 2.06s
2026-07-16 11:57:06,606 | INFO | periode = 202602
2026-07-16 11:57:06,607 | INFO | table_name = silver_nyc_taxi
2026-07-16 11:57:06,607 | INFO | taxi_type = yellow
2026-07-16 11:57:08,164 | INFO | ******************************************************* Starting UberBronze *******************************************************
2026-07-16 11:57:08,164 | INFO | Extracting yellow_tripdata_2026-02.parquet from /Volumes/nyc_taxi/bronze/raw_files/yellow/2026/yellow_tripdata_2026-02.parquet
2026-07-16 11:57:08,531 | INFO | ========================= Downloading yellow_tripdata_2026-02.parquet ========================= 
2026-07-16 11:57:12,285 | INFO | ======================================================= Bronze rows : 3399866 ======================================================= 
2026-07-16 11:57:12,287 | INFO | run completed in 4.12s
2026-07-16 11:57:12,288 | INFO | ******************************************************* Finished UberBronze *******************************************************
2026-07-16 11:57:12,289 | INFO | ========================================================================================================================
2026-07-16 11:57:12,289 | INFO | ******************************************************* Starting UberSilver *******************************************************
2026-07-16 11:57:12,688 | INFO | add_trip_duration completed in 0.05s
2026-07-16 11:57:12,690 | INFO | add_date_key completed in 0.0s
2026-07-16 11:57:12,691 | INFO | add_tip_percent completed in 0.0s
2026-07-16 11:57:12,693 | INFO | add_average_speed completed in 0.0s
2026-07-16 11:57:12,694 | INFO | add_date_features completed in 0.0s
2026-07-16 11:57:12,695 | INFO | apply_quality_rules completed in 0.0s
2026-07-16 11:57:13,874 | INFO | Silver rows : 3399866 -> 3211153
2026-07-16 11:57:14,940 | INFO | run completed in 2.65s
2026-07-16 11:57:14,941 | INFO | ******************************************************* Finished UberSilver *******************************************************
2026-07-16 11:57:14,942 | INFO | ========================================================================================================================
2026-07-16 11:57:14,942 | INFO | ******************************************************* Starting UberGold *******************************************************
2026-07-16 11:57:14,943 | INFO | get_fact_trips completed in 0.0s
2026-07-16 11:57:14,945 | INFO | get_dim_date completed in 0.0s
2026-07-16 11:57:14,946 | INFO | get_kpi_daily completed in 0.0s
2026-07-16 11:57:19,629 | INFO | ============ Chargement des données dans Delta ============ 
2026-07-16 11:57:20,714 | INFO | ============ Suppression d'une période ============ 
2026-07-16 11:57:20,714 | INFO | ========================================================================================================================
2026-07-16 11:57:20,715 | INFO | Period 202602 deleted from silver_nyc_taxi
2026-07-16 11:57:28,065 | INFO | Table nyc_taxi.silver.silver_nyc_taxi saved
2026-07-16 11:57:29,293 | INFO | ============ Suppression d'une période ============ 
2026-07-16 11:57:29,294 | INFO | ========================================================================================================================
2026-07-16 11:57:29,295 | INFO | Period 202602 deleted from gold_fact_trips
2026-07-16 11:57:34,963 | INFO | Table nyc_taxi.gold.gold_fact_trips saved
2026-07-16 11:57:35,811 | INFO | ============ Suppression d'une période ============ 
2026-07-16 11:57:35,812 | INFO | ========================================================================================================================
2026-07-16 11:57:35,812 | INFO | Period 202602 deleted from gold_dim_date
2026-07-16 11:57:38,880 | INFO | Table nyc_taxi.gold.gold_dim_date saved
2026-07-16 11:57:40,278 | INFO | ============ Suppression d'une période ============ 
2026-07-16 11:57:40,280 | INFO | ========================================================================================================================
2026-07-16 11:57:40,281 | INFO | Period 202602 deleted from gold_kpi_daily
2026-07-16 11:57:44,029 | INFO | Table nyc_taxi.gold.gold_kpi_daily saved
2026-07-16 11:57:44,029 | INFO | context.status = None
2026-07-16 11:57:44,030 | INFO | ============ Application de optimize_period ============ 
2026-07-16 11:57:44,031 | INFO | ============ OPTIMIZE period ============ 
2026-07-16 11:57:45,731 | INFO | ============ Optimisation ============ 
2026-07-16 11:57:45,732 | INFO | OPTIMIZE completed on nyc_taxi.silver.silver_nyc_taxi for period 202602
2026-07-16 11:57:45,732 | INFO | ============ OPTIMIZE period ============ 
2026-07-16 11:57:46,857 | INFO | ============ Optimisation ============ 
2026-07-16 11:57:46,858 | INFO | OPTIMIZE completed on nyc_taxi.gold.gold_fact_trips for period 202602
2026-07-16 11:57:46,859 | INFO | ============ OPTIMIZE period ============ 
2026-07-16 11:57:48,056 | INFO | ============ Optimisation ============ 
2026-07-16 11:57:48,057 | INFO | OPTIMIZE completed on nyc_taxi.gold.gold_dim_date for period 202602
2026-07-16 11:57:48,058 | INFO | ============ OPTIMIZE period ============ 
2026-07-16 11:57:49,415 | INFO | ============ Optimisation ============ 
2026-07-16 11:57:49,416 | INFO | OPTIMIZE completed on nyc_taxi.gold.gold_kpi_daily for period 202602
2026-07-16 11:57:49,417 | INFO | run completed in 34.47s
2026-07-16 11:57:49,418 | INFO | ******************************************************* Finished UberGold *******************************************************
2026-07-16 11:57:49,418 | INFO | ========================================================================================================================
2026-07-16 11:57:49,419 | INFO | MaintenanceJob started
2026-07-16 11:57:49,420 | INFO | Processing nyc_taxi.silver.silver_nyc_taxi
2026-07-16 11:57:51,070 | INFO | ============ OPTIMIZE completed ============ 
2026-07-16 11:57:51,071 | INFO | OPTIMIZE completed {table_name}
2026-07-16 11:58:05,618 | INFO | VACUUM completed on nyc_taxi.silver.silver_nyc_taxi
2026-07-16 11:58:05,619 | INFO | Maintenance completed for nyc_taxi.silver.silver_nyc_taxi
2026-07-16 11:58:05,620 | INFO | Processing nyc_taxi.gold.gold_fact_trips
2026-07-16 11:58:06,905 | INFO | ============ OPTIMIZE completed ============ 
2026-07-16 11:58:06,906 | INFO | OPTIMIZE completed {table_name}
2026-07-16 11:58:20,313 | INFO | VACUUM completed on nyc_taxi.gold.gold_fact_trips
2026-07-16 11:58:20,313 | INFO | Maintenance completed for nyc_taxi.gold.gold_fact_trips
2026-07-16 11:58:20,314 | INFO | Processing nyc_taxi.gold.gold_dim_date
2026-07-16 11:58:21,788 | INFO | ============ OPTIMIZE completed ============ 
2026-07-16 11:58:21,789 | INFO | OPTIMIZE completed {table_name}
2026-07-16 11:58:35,503 | INFO | VACUUM completed on nyc_taxi.gold.gold_dim_date
2026-07-16 11:58:35,504 | INFO | Maintenance completed for nyc_taxi.gold.gold_dim_date
2026-07-16 11:58:35,504 | INFO | Processing nyc_taxi.gold.gold_kpi_daily
2026-07-16 11:58:37,889 | INFO | ============ OPTIMIZE completed ============ 
2026-07-16 11:58:37,889 | INFO | OPTIMIZE completed {table_name}
2026-07-16 11:58:52,228 | INFO | VACUUM completed on nyc_taxi.gold.gold_kpi_daily
2026-07-16 11:58:52,229 | INFO | Maintenance completed for nyc_taxi.gold.gold_kpi_daily
2026-07-16 11:58:52,230 | INFO | MaintenanceJob finished
2026-07-16 11:58:52,269 | ERROR | [CANNOT_DETERMINE_TYPE] Some of types cannot be determined after inferring.
2026-07-16 12:04:42,666 | INFO | periode = 202603
2026-07-16 12:04:42,667 | INFO | table_name = silver_nyc_taxi
2026-07-16 12:04:42,675 | INFO | taxi_type = yellow
2026-07-16 12:04:43,671 | INFO | ******************************************************* Starting UberBronze *******************************************************
2026-07-16 12:04:43,673 | INFO | Extracting yellow_tripdata_2026-03.parquet from /Volumes/nyc_taxi/bronze/raw_files/yellow/2026/yellow_tripdata_2026-03.parquet
2026-07-16 12:04:44,081 | INFO | ========================= Downloading yellow_tripdata_2026-03.parquet ========================= 
2026-07-16 12:04:47,397 | INFO | ======================================================= Bronze rows : 3952451 ======================================================= 
2026-07-16 12:04:47,400 | INFO | run completed in 3.73s
2026-07-16 12:04:47,400 | INFO | ******************************************************* Finished UberBronze *******************************************************
2026-07-16 12:04:47,401 | INFO | ========================================================================================================================
2026-07-16 12:04:47,403 | INFO | ******************************************************* Starting UberSilver *******************************************************
2026-07-16 12:04:47,979 | INFO | add_trip_duration completed in 0.05s
2026-07-16 12:04:47,980 | INFO | add_date_key completed in 0.0s
2026-07-16 12:04:47,981 | INFO | add_tip_percent completed in 0.0s
2026-07-16 12:04:47,982 | INFO | add_average_speed completed in 0.0s
2026-07-16 12:04:47,983 | INFO | add_date_features completed in 0.0s
2026-07-16 12:04:47,984 | INFO | apply_quality_rules completed in 0.0s
2026-07-16 12:04:49,373 | INFO | Silver rows : 3952451 -> 3763580
2026-07-16 12:04:50,612 | INFO | run completed in 3.21s
2026-07-16 12:04:50,613 | INFO | ******************************************************* Finished UberSilver *******************************************************
2026-07-16 12:04:50,614 | INFO | ========================================================================================================================
2026-07-16 12:04:50,614 | INFO | ******************************************************* Starting UberGold *******************************************************
2026-07-16 12:04:50,616 | INFO | get_fact_trips completed in 0.0s
2026-07-16 12:04:50,617 | INFO | get_dim_date completed in 0.0s
2026-07-16 12:04:50,618 | INFO | get_kpi_daily completed in 0.0s
2026-07-16 12:04:54,763 | INFO | ============ Chargement des données dans Delta ============ 
2026-07-16 12:04:55,989 | INFO | ============ Suppression d'une période ============ 
2026-07-16 12:04:55,990 | INFO | ========================================================================================================================
2026-07-16 12:04:55,990 | INFO | Period 202603 deleted from silver_nyc_taxi
2026-07-16 12:05:04,427 | INFO | Table nyc_taxi.silver.silver_nyc_taxi saved
2026-07-16 12:05:05,764 | INFO | ============ Suppression d'une période ============ 
2026-07-16 12:05:05,765 | INFO | ========================================================================================================================
2026-07-16 12:05:05,766 | INFO | Period 202603 deleted from gold_fact_trips
2026-07-16 12:05:11,228 | INFO | Table nyc_taxi.gold.gold_fact_trips saved
2026-07-16 12:05:12,376 | INFO | ============ Suppression d'une période ============ 
2026-07-16 12:05:12,377 | INFO | ========================================================================================================================
2026-07-16 12:05:12,378 | INFO | Period 202603 deleted from gold_dim_date
2026-07-16 12:05:15,856 | INFO | Table nyc_taxi.gold.gold_dim_date saved
2026-07-16 12:05:17,114 | INFO | ============ Suppression d'une période ============ 
2026-07-16 12:05:17,116 | INFO | ========================================================================================================================
2026-07-16 12:05:17,118 | INFO | Period 202603 deleted from gold_kpi_daily
2026-07-16 12:05:21,235 | INFO | Table nyc_taxi.gold.gold_kpi_daily saved
2026-07-16 12:05:21,236 | INFO | context.status = None
2026-07-16 12:05:21,237 | INFO | ============ Application de optimize_period ============ 
2026-07-16 12:05:21,238 | INFO | ============ OPTIMIZE period ============ 
2026-07-16 12:05:23,529 | INFO | ============ Optimisation ============ 
2026-07-16 12:05:23,530 | INFO | OPTIMIZE completed on nyc_taxi.silver.silver_nyc_taxi for period 202603
2026-07-16 12:05:23,531 | INFO | ============ OPTIMIZE period ============ 
2026-07-16 12:05:24,758 | INFO | ============ Optimisation ============ 
2026-07-16 12:05:24,760 | INFO | OPTIMIZE completed on nyc_taxi.gold.gold_fact_trips for period 202603
2026-07-16 12:05:24,762 | INFO | ============ OPTIMIZE period ============ 
2026-07-16 12:05:25,927 | INFO | ============ Optimisation ============ 
2026-07-16 12:05:25,928 | INFO | OPTIMIZE completed on nyc_taxi.gold.gold_dim_date for period 202603
2026-07-16 12:05:25,929 | INFO | ============ OPTIMIZE period ============ 
2026-07-16 12:05:27,048 | INFO | ============ Optimisation ============ 
2026-07-16 12:05:27,049 | INFO | OPTIMIZE completed on nyc_taxi.gold.gold_kpi_daily for period 202603
2026-07-16 12:05:27,049 | INFO | run completed in 36.43s
2026-07-16 12:05:27,050 | INFO | ******************************************************* Finished UberGold *******************************************************
2026-07-16 12:05:27,051 | INFO | ========================================================================================================================
2026-07-16 12:05:27,051 | INFO | MaintenanceJob started
2026-07-16 12:05:27,052 | INFO | Processing nyc_taxi.silver.silver_nyc_taxi
2026-07-16 12:05:28,645 | INFO | ============ OPTIMIZE completed ============ 
2026-07-16 12:05:28,646 | INFO | OPTIMIZE completed {table_name}
2026-07-16 12:05:44,235 | INFO | VACUUM completed on nyc_taxi.silver.silver_nyc_taxi
2026-07-16 12:05:44,236 | INFO | Maintenance completed for nyc_taxi.silver.silver_nyc_taxi
2026-07-16 12:05:44,236 | INFO | Processing nyc_taxi.gold.gold_fact_trips
2026-07-16 12:05:45,811 | INFO | ============ OPTIMIZE completed ============ 
2026-07-16 12:05:45,811 | INFO | OPTIMIZE completed {table_name}
2026-07-16 12:06:00,120 | INFO | VACUUM completed on nyc_taxi.gold.gold_fact_trips
2026-07-16 12:06:00,121 | INFO | Maintenance completed for nyc_taxi.gold.gold_fact_trips
2026-07-16 12:06:00,122 | INFO | Processing nyc_taxi.gold.gold_dim_date
2026-07-16 12:06:02,528 | INFO | ============ OPTIMIZE completed ============ 
2026-07-16 12:06:02,529 | INFO | OPTIMIZE completed {table_name}
2026-07-16 12:06:16,068 | INFO | VACUUM completed on nyc_taxi.gold.gold_dim_date
2026-07-16 12:06:16,069 | INFO | Maintenance completed for nyc_taxi.gold.gold_dim_date
2026-07-16 12:06:16,070 | INFO | Processing nyc_taxi.gold.gold_kpi_daily
2026-07-16 12:06:17,392 | INFO | ============ OPTIMIZE completed ============ 
2026-07-16 12:06:17,393 | INFO | OPTIMIZE completed {table_name}
2026-07-16 12:06:30,016 | INFO | VACUUM completed on nyc_taxi.gold.gold_kpi_daily
2026-07-16 12:06:30,017 | INFO | Maintenance completed for nyc_taxi.gold.gold_kpi_daily
2026-07-16 12:06:30,017 | INFO | MaintenanceJob finished
2026-07-16 12:06:32,024 | INFO | insert_audit completed in 2.01s
2026-07-16 13:06:29,355 | INFO | periode = 202602
2026-07-16 13:06:29,380 | INFO | table_name = silver_nyc_taxi
2026-07-16 13:06:29,382 | INFO | taxi_type = yellow
2026-07-16 13:06:46,542 | INFO | ******************************************************* Starting UberBronze *******************************************************
2026-07-16 13:06:46,554 | INFO | Extracting yellow_tripdata_2026-02.parquet from /Volumes/nyc_taxi/bronze/raw_files/yellow/2026/yellow_tripdata_2026-02.parquet
2026-07-16 13:06:57,060 | INFO | ======================================================= Bronze rows : 3399866 ======================================================= 
2026-07-16 13:06:57,061 | INFO | run completed in 10.51s
2026-07-16 13:06:57,061 | INFO | ******************************************************* Finished UberBronze *******************************************************
2026-07-16 13:06:57,062 | INFO | ========================================================================================================================
2026-07-16 13:06:57,065 | INFO | ******************************************************* Starting UberSilver *******************************************************
2026-07-16 13:06:57,753 | INFO | add_trip_duration completed in 0.06s
2026-07-16 13:06:57,754 | INFO | add_date_key completed in 0.0s
2026-07-16 13:06:57,757 | INFO | add_tip_percent completed in 0.0s
2026-07-16 13:06:57,758 | INFO | add_average_speed completed in 0.0s
2026-07-16 13:06:57,759 | INFO | add_date_features completed in 0.0s
2026-07-16 13:06:57,761 | INFO | apply_quality_rules completed in 0.0s
2026-07-16 13:07:00,477 | INFO | Silver rows : 3399866 -> 3211153
2026-07-16 13:07:01,908 | INFO | run completed in 4.84s
2026-07-16 13:07:01,910 | INFO | ******************************************************* Finished UberSilver *******************************************************
2026-07-16 13:07:01,910 | INFO | ========================================================================================================================
2026-07-16 13:07:01,911 | INFO | ******************************************************* Starting UberGold *******************************************************
2026-07-16 13:07:01,912 | INFO | get_fact_trips completed in 0.0s
2026-07-16 13:07:01,914 | INFO | get_dim_date completed in 0.0s
2026-07-16 13:07:01,916 | INFO | get_kpi_daily completed in 0.0s
2026-07-16 13:07:09,990 | INFO | ============ Chargement des données dans Delta ============ 
2026-07-16 13:07:14,209 | INFO | ============ Suppression d'une période ============ 
2026-07-16 13:07:14,210 | INFO | ========================================================================================================================
2026-07-16 13:07:14,214 | INFO | Period 202602 deleted from silver_nyc_taxi
2026-07-16 13:07:25,472 | INFO | Table nyc_taxi.silver.silver_nyc_taxi saved
2026-07-16 13:07:28,729 | INFO | ============ Suppression d'une période ============ 
2026-07-16 13:07:28,731 | INFO | ========================================================================================================================
2026-07-16 13:07:28,732 | INFO | Period 202602 deleted from gold_fact_trips
2026-07-16 13:07:34,786 | INFO | Table nyc_taxi.gold.gold_fact_trips saved
2026-07-16 13:07:37,082 | INFO | ============ Suppression d'une période ============ 
2026-07-16 13:07:37,084 | INFO | ========================================================================================================================
2026-07-16 13:07:37,085 | INFO | Period 202602 deleted from gold_dim_date
2026-07-16 13:07:40,827 | INFO | Table nyc_taxi.gold.gold_dim_date saved
2026-07-16 13:07:43,521 | INFO | ============ Suppression d'une période ============ 
2026-07-16 13:07:43,522 | INFO | ========================================================================================================================
2026-07-16 13:07:43,526 | INFO | Period 202602 deleted from gold_kpi_daily
2026-07-16 13:07:48,992 | INFO | Table nyc_taxi.gold.gold_kpi_daily saved
2026-07-16 13:07:48,993 | INFO | context.status = None
2026-07-16 13:07:48,994 | INFO | ============ Application de optimize_period ============ 
2026-07-16 13:07:48,995 | INFO | ============ OPTIMIZE period ============ 
2026-07-16 13:07:51,803 | INFO | ============ Optimisation ============ 
2026-07-16 13:07:51,804 | INFO | OPTIMIZE completed on nyc_taxi.silver.silver_nyc_taxi for period 202602
2026-07-16 13:07:51,805 | INFO | ============ OPTIMIZE period ============ 
2026-07-16 13:07:53,281 | INFO | ============ Optimisation ============ 
2026-07-16 13:07:53,282 | INFO | OPTIMIZE completed on nyc_taxi.gold.gold_fact_trips for period 202602
2026-07-16 13:07:53,282 | INFO | ============ OPTIMIZE period ============ 
2026-07-16 13:07:54,883 | INFO | ============ Optimisation ============ 
2026-07-16 13:07:54,885 | INFO | OPTIMIZE completed on nyc_taxi.gold.gold_dim_date for period 202602
2026-07-16 13:07:54,886 | INFO | ============ OPTIMIZE period ============ 
2026-07-16 13:07:56,445 | INFO | ============ Optimisation ============ 
2026-07-16 13:07:56,446 | INFO | OPTIMIZE completed on nyc_taxi.gold.gold_kpi_daily for period 202602
2026-07-16 13:07:56,447 | INFO | run completed in 54.53s
2026-07-16 13:07:56,448 | INFO | ******************************************************* Finished UberGold *******************************************************
2026-07-16 13:07:56,448 | INFO | ========================================================================================================================
2026-07-16 13:07:56,449 | INFO | MaintenanceJob started
2026-07-16 13:07:56,450 | INFO | Processing nyc_taxi.silver.silver_nyc_taxi
2026-07-16 13:07:58,423 | INFO | ============ OPTIMIZE completed ============ 
2026-07-16 13:07:58,425 | INFO | OPTIMIZE completed {table_name}
2026-07-16 13:08:23,416 | INFO | VACUUM completed on nyc_taxi.silver.silver_nyc_taxi
2026-07-16 13:08:23,418 | INFO | Maintenance completed for nyc_taxi.silver.silver_nyc_taxi
2026-07-16 13:08:23,419 | INFO | Processing nyc_taxi.gold.gold_fact_trips
2026-07-16 13:08:25,280 | INFO | ============ OPTIMIZE completed ============ 
2026-07-16 13:08:25,281 | INFO | OPTIMIZE completed {table_name}
2026-07-16 13:08:42,886 | INFO | VACUUM completed on nyc_taxi.gold.gold_fact_trips
2026-07-16 13:08:42,889 | INFO | Maintenance completed for nyc_taxi.gold.gold_fact_trips
2026-07-16 13:08:42,891 | INFO | Processing nyc_taxi.gold.gold_dim_date
2026-07-16 13:08:44,891 | INFO | ============ OPTIMIZE completed ============ 
2026-07-16 13:08:44,892 | INFO | OPTIMIZE completed {table_name}
2026-07-16 13:09:01,121 | INFO | VACUUM completed on nyc_taxi.gold.gold_dim_date
2026-07-16 13:09:01,124 | INFO | Maintenance completed for nyc_taxi.gold.gold_dim_date
2026-07-16 13:09:01,126 | INFO | Processing nyc_taxi.gold.gold_kpi_daily
2026-07-16 13:09:02,961 | INFO | ============ OPTIMIZE completed ============ 
2026-07-16 13:09:02,964 | INFO | OPTIMIZE completed {table_name}
2026-07-16 13:09:18,474 | INFO | VACUUM completed on nyc_taxi.gold.gold_kpi_daily
2026-07-16 13:09:18,475 | INFO | Maintenance completed for nyc_taxi.gold.gold_kpi_daily
2026-07-16 13:09:18,476 | INFO | MaintenanceJob finished
2026-07-16 13:09:18,546 | ERROR | Could not convert '202602' with type str: tried to convert to int32
2026-07-16 13:27:48,533 | INFO | periode = 202604
2026-07-16 13:27:48,534 | INFO | table_name = silver_nyc_taxi
2026-07-16 13:27:48,535 | INFO | taxi_type = yellow
2026-07-16 13:27:50,033 | INFO | ******************************************************* Starting UberBronze *******************************************************
2026-07-16 13:27:50,034 | INFO | Extracting yellow_tripdata_2026-04.parquet from /Volumes/nyc_taxi/bronze/raw_files/yellow/2026/yellow_tripdata_2026-04.parquet
2026-07-16 13:27:50,628 | INFO | ========================= Downloading yellow_tripdata_2026-04.parquet ========================= 
2026-07-16 13:27:54,268 | INFO | ======================================================= Bronze rows : 3831240 ======================================================= 
2026-07-16 13:27:54,269 | INFO | run completed in 4.23s
2026-07-16 13:27:54,269 | INFO | ******************************************************* Finished UberBronze *******************************************************
2026-07-16 13:27:54,270 | INFO | ========================================================================================================================
2026-07-16 13:27:54,271 | INFO | ******************************************************* Starting UberSilver *******************************************************
2026-07-16 13:27:54,740 | INFO | add_trip_duration completed in 0.04s
2026-07-16 13:27:54,741 | INFO | add_date_key completed in 0.0s
2026-07-16 13:27:54,743 | INFO | add_tip_percent completed in 0.0s
2026-07-16 13:27:54,744 | INFO | add_average_speed completed in 0.0s
2026-07-16 13:27:54,745 | INFO | add_date_features completed in 0.0s
2026-07-16 13:27:54,746 | INFO | apply_quality_rules completed in 0.0s
2026-07-16 13:27:56,028 | INFO | Silver rows : 3831240 -> 3675059
2026-07-16 13:27:57,182 | INFO | run completed in 2.91s
2026-07-16 13:27:57,183 | INFO | ******************************************************* Finished UberSilver *******************************************************
2026-07-16 13:27:57,184 | INFO | ========================================================================================================================
2026-07-16 13:27:57,185 | INFO | ******************************************************* Starting UberGold *******************************************************
2026-07-16 13:27:57,186 | INFO | get_fact_trips completed in 0.0s
2026-07-16 13:27:57,187 | INFO | get_dim_date completed in 0.0s
2026-07-16 13:27:57,189 | INFO | get_kpi_daily completed in 0.0s
2026-07-16 13:28:02,418 | INFO | ============ Chargement des données dans Delta ============ 
2026-07-16 13:28:03,622 | INFO | ============ Suppression d'une période ============ 
2026-07-16 13:28:03,623 | INFO | ========================================================================================================================
2026-07-16 13:28:03,624 | INFO | Period 202604 deleted from silver_nyc_taxi
2026-07-16 13:28:12,830 | INFO | Table nyc_taxi.silver.silver_nyc_taxi saved
2026-07-16 13:28:13,904 | INFO | ============ Suppression d'une période ============ 
2026-07-16 13:28:13,906 | INFO | ========================================================================================================================
2026-07-16 13:28:13,906 | INFO | Period 202604 deleted from gold_fact_trips
2026-07-16 13:28:19,793 | INFO | Table nyc_taxi.gold.gold_fact_trips saved
2026-07-16 13:28:21,596 | INFO | ============ Suppression d'une période ============ 
2026-07-16 13:28:21,597 | INFO | ========================================================================================================================
2026-07-16 13:28:21,598 | INFO | Period 202604 deleted from gold_dim_date
2026-07-16 13:28:25,311 | INFO | Table nyc_taxi.gold.gold_dim_date saved
2026-07-16 13:28:26,568 | INFO | ============ Suppression d'une période ============ 
2026-07-16 13:28:26,570 | INFO | ========================================================================================================================
2026-07-16 13:28:26,570 | INFO | Period 202604 deleted from gold_kpi_daily
2026-07-16 13:28:31,146 | INFO | Table nyc_taxi.gold.gold_kpi_daily saved
2026-07-16 13:28:31,147 | INFO | context.status = None
2026-07-16 13:28:31,148 | INFO | ============ Application de optimize_period ============ 
2026-07-16 13:28:31,148 | INFO | ============ OPTIMIZE period ============ 
2026-07-16 13:28:33,351 | INFO | ============ Optimisation ============ 
2026-07-16 13:28:33,353 | INFO | OPTIMIZE completed on nyc_taxi.silver.silver_nyc_taxi for period 202604
2026-07-16 13:28:33,354 | INFO | ============ OPTIMIZE period ============ 
2026-07-16 13:28:34,505 | INFO | ============ Optimisation ============ 
2026-07-16 13:28:34,507 | INFO | OPTIMIZE completed on nyc_taxi.gold.gold_fact_trips for period 202604
2026-07-16 13:28:34,509 | INFO | ============ OPTIMIZE period ============ 
2026-07-16 13:28:35,796 | INFO | ============ Optimisation ============ 
2026-07-16 13:28:35,796 | INFO | OPTIMIZE completed on nyc_taxi.gold.gold_dim_date for period 202604
2026-07-16 13:28:35,797 | INFO | ============ OPTIMIZE period ============ 
2026-07-16 13:28:37,110 | INFO | ============ Optimisation ============ 
2026-07-16 13:28:37,112 | INFO | OPTIMIZE completed on nyc_taxi.gold.gold_kpi_daily for period 202604
2026-07-16 13:28:37,112 | INFO | run completed in 39.93s
2026-07-16 13:28:37,113 | INFO | ******************************************************* Finished UberGold *******************************************************
2026-07-16 13:28:37,114 | INFO | ========================================================================================================================
2026-07-16 13:28:37,115 | INFO | MaintenanceJob started
2026-07-16 13:28:37,116 | INFO | Processing nyc_taxi.silver.silver_nyc_taxi
2026-07-16 13:28:39,080 | INFO | ============ OPTIMIZE completed ============ 
2026-07-16 13:28:39,083 | INFO | OPTIMIZE completed nyc_taxi.silver.silver_nyc_taxi
2026-07-16 13:28:56,724 | INFO | VACUUM completed on nyc_taxi.silver.silver_nyc_taxi
2026-07-16 13:28:56,725 | INFO | Maintenance completed for nyc_taxi.silver.silver_nyc_taxi
2026-07-16 13:28:56,726 | INFO | Processing nyc_taxi.gold.gold_fact_trips
2026-07-16 13:28:58,559 | INFO | ============ OPTIMIZE completed ============ 
2026-07-16 13:28:58,560 | INFO | OPTIMIZE completed nyc_taxi.gold.gold_fact_trips
2026-07-16 13:29:13,153 | INFO | VACUUM completed on nyc_taxi.gold.gold_fact_trips
2026-07-16 13:29:13,153 | INFO | Maintenance completed for nyc_taxi.gold.gold_fact_trips
2026-07-16 13:29:13,154 | INFO | Processing nyc_taxi.gold.gold_dim_date
2026-07-16 13:29:15,338 | INFO | ============ OPTIMIZE completed ============ 
2026-07-16 13:29:15,338 | INFO | OPTIMIZE completed nyc_taxi.gold.gold_dim_date
2026-07-16 13:29:29,763 | INFO | VACUUM completed on nyc_taxi.gold.gold_dim_date
2026-07-16 13:29:29,764 | INFO | Maintenance completed for nyc_taxi.gold.gold_dim_date
2026-07-16 13:29:29,765 | INFO | Processing nyc_taxi.gold.gold_kpi_daily
2026-07-16 13:29:31,125 | INFO | ============ OPTIMIZE completed ============ 
2026-07-16 13:29:31,126 | INFO | OPTIMIZE completed nyc_taxi.gold.gold_kpi_daily
2026-07-16 13:29:45,776 | INFO | VACUUM completed on nyc_taxi.gold.gold_kpi_daily
2026-07-16 13:29:45,777 | INFO | Maintenance completed for nyc_taxi.gold.gold_kpi_daily
2026-07-16 13:29:45,777 | INFO | MaintenanceJob finished
2026-07-16 13:29:47,818 | INFO | insert_audit completed in 2.04s
2026-07-16 13:38:21,826 | INFO | periode = 202605, type = <class 'int'>
2026-07-16 13:38:21,828 | INFO | periode = 202605
2026-07-16 13:38:21,829 | INFO | table_name = silver_nyc_taxi
2026-07-16 13:38:21,830 | INFO | taxi_type = yellow
2026-07-16 13:38:23,076 | INFO | ******************************************************* Starting UberBronze *******************************************************
2026-07-16 13:38:23,081 | INFO | Extracting yellow_tripdata_2026-05.parquet from /Volumes/nyc_taxi/bronze/raw_files/yellow/2026/yellow_tripdata_2026-05.parquet
2026-07-16 13:38:23,881 | INFO | ========================= Downloading yellow_tripdata_2026-05.parquet ========================= 
2026-07-16 13:38:27,407 | INFO | ======================================================= Bronze rows : 4090836 ======================================================= 
2026-07-16 13:38:27,408 | INFO | run completed in 4.33s
2026-07-16 13:38:27,408 | INFO | ******************************************************* Finished UberBronze *******************************************************
2026-07-16 13:38:27,410 | INFO | ========================================================================================================================
2026-07-16 13:38:27,411 | INFO | ******************************************************* Starting UberSilver *******************************************************
2026-07-16 13:38:27,768 | INFO | add_trip_duration completed in 0.04s
2026-07-16 13:38:27,769 | INFO | add_date_key completed in 0.0s
2026-07-16 13:38:27,770 | INFO | add_tip_percent completed in 0.0s
2026-07-16 13:38:27,771 | INFO | add_average_speed completed in 0.0s
2026-07-16 13:38:27,772 | INFO | add_date_features completed in 0.0s
2026-07-16 13:38:27,773 | INFO | apply_quality_rules completed in 0.0s
2026-07-16 13:38:29,084 | INFO | Silver rows : 4090836 -> 3912825
2026-07-16 13:38:30,194 | INFO | run completed in 2.78s
2026-07-16 13:38:30,195 | INFO | ******************************************************* Finished UberSilver *******************************************************
2026-07-16 13:38:30,197 | INFO | ========================================================================================================================
2026-07-16 13:38:30,198 | INFO | ******************************************************* Starting UberGold *******************************************************
2026-07-16 13:38:30,199 | INFO | get_fact_trips completed in 0.0s
2026-07-16 13:38:30,201 | INFO | get_dim_date completed in 0.0s
2026-07-16 13:38:30,202 | INFO | get_kpi_daily completed in 0.0s
2026-07-16 13:38:34,718 | INFO | ============ Chargement des données dans Delta ============ 
2026-07-16 13:38:35,986 | INFO | ============ Suppression d'une période ============ 
2026-07-16 13:38:35,987 | INFO | ========================================================================================================================
2026-07-16 13:38:35,988 | INFO | Period 202605 deleted from silver_nyc_taxi
2026-07-16 13:38:44,684 | INFO | Table nyc_taxi.silver.silver_nyc_taxi saved
2026-07-16 13:38:46,030 | INFO | ============ Suppression d'une période ============ 
2026-07-16 13:38:46,040 | INFO | ========================================================================================================================
2026-07-16 13:38:46,043 | INFO | Period 202605 deleted from gold_fact_trips
2026-07-16 13:38:52,251 | INFO | Table nyc_taxi.gold.gold_fact_trips saved
2026-07-16 13:38:53,464 | INFO | ============ Suppression d'une période ============ 
2026-07-16 13:38:53,465 | INFO | ========================================================================================================================
2026-07-16 13:38:53,465 | INFO | Period 202605 deleted from gold_dim_date
2026-07-16 13:38:56,904 | INFO | Table nyc_taxi.gold.gold_dim_date saved
2026-07-16 13:38:58,318 | INFO | ============ Suppression d'une période ============ 
2026-07-16 13:38:58,319 | INFO | ========================================================================================================================
2026-07-16 13:38:58,320 | INFO | Period 202605 deleted from gold_kpi_daily
2026-07-16 13:39:02,158 | INFO | Table nyc_taxi.gold.gold_kpi_daily saved
2026-07-16 13:39:02,159 | INFO | context.status = None
2026-07-16 13:39:02,160 | INFO | ============ Application de optimize_period ============ 
2026-07-16 13:39:02,161 | INFO | ============ OPTIMIZE period ============ 
2026-07-16 13:39:03,981 | INFO | ============ Optimisation ============ 
2026-07-16 13:39:03,982 | INFO | OPTIMIZE completed on nyc_taxi.silver.silver_nyc_taxi for period 202605
2026-07-16 13:39:03,983 | INFO | ============ OPTIMIZE period ============ 
2026-07-16 13:39:05,322 | INFO | ============ Optimisation ============ 
2026-07-16 13:39:05,324 | INFO | OPTIMIZE completed on nyc_taxi.gold.gold_fact_trips for period 202605
2026-07-16 13:39:05,324 | INFO | ============ OPTIMIZE period ============ 
2026-07-16 13:39:06,513 | INFO | ============ Optimisation ============ 
2026-07-16 13:39:06,514 | INFO | OPTIMIZE completed on nyc_taxi.gold.gold_dim_date for period 202605
2026-07-16 13:39:06,515 | INFO | ============ OPTIMIZE period ============ 
2026-07-16 13:39:07,657 | INFO | ============ Optimisation ============ 
2026-07-16 13:39:07,657 | INFO | OPTIMIZE completed on nyc_taxi.gold.gold_kpi_daily for period 202605
2026-07-16 13:39:07,658 | INFO | run completed in 37.46s
2026-07-16 13:39:07,659 | INFO | ******************************************************* Finished UberGold *******************************************************
2026-07-16 13:39:07,660 | INFO | ========================================================================================================================
2026-07-16 13:39:07,660 | INFO | MaintenanceJob started
2026-07-16 13:39:07,661 | INFO | Processing nyc_taxi.silver.silver_nyc_taxi
2026-07-16 13:39:09,315 | INFO | ============ OPTIMIZE completed ============ 
2026-07-16 13:39:09,316 | INFO | OPTIMIZE completed nyc_taxi.silver.silver_nyc_taxi
2026-07-16 13:39:23,398 | INFO | VACUUM completed on nyc_taxi.silver.silver_nyc_taxi
2026-07-16 13:39:23,400 | INFO | Maintenance completed for nyc_taxi.silver.silver_nyc_taxi
2026-07-16 13:39:23,402 | INFO | Processing nyc_taxi.gold.gold_fact_trips
2026-07-16 13:39:24,639 | INFO | ============ OPTIMIZE completed ============ 
2026-07-16 13:39:24,639 | INFO | OPTIMIZE completed nyc_taxi.gold.gold_fact_trips
2026-07-16 13:39:39,128 | INFO | VACUUM completed on nyc_taxi.gold.gold_fact_trips
2026-07-16 13:39:39,131 | INFO | Maintenance completed for nyc_taxi.gold.gold_fact_trips
2026-07-16 13:39:39,134 | INFO | Processing nyc_taxi.gold.gold_dim_date
2026-07-16 13:39:40,711 | INFO | ============ OPTIMIZE completed ============ 
2026-07-16 13:39:40,712 | INFO | OPTIMIZE completed nyc_taxi.gold.gold_dim_date
2026-07-16 13:39:54,215 | INFO | VACUUM completed on nyc_taxi.gold.gold_dim_date
2026-07-16 13:39:54,219 | INFO | Maintenance completed for nyc_taxi.gold.gold_dim_date
2026-07-16 13:39:54,220 | INFO | Processing nyc_taxi.gold.gold_kpi_daily
2026-07-16 13:39:55,605 | INFO | ============ OPTIMIZE completed ============ 
2026-07-16 13:39:55,606 | INFO | OPTIMIZE completed nyc_taxi.gold.gold_kpi_daily
2026-07-16 13:40:08,161 | INFO | VACUUM completed on nyc_taxi.gold.gold_kpi_daily
2026-07-16 13:40:08,162 | INFO | Maintenance completed for nyc_taxi.gold.gold_kpi_daily
2026-07-16 13:40:08,163 | INFO | MaintenanceJob finished
2026-07-16 13:40:09,851 | INFO | insert_audit completed in 1.69s
2026-07-16 23:46:39,267 | INFO | periode = 202501, type = <class 'int'>
2026-07-16 23:46:39,269 | INFO | periode = 202501
2026-07-16 23:46:39,269 | INFO | table_name = silver_nyc_taxi
2026-07-16 23:46:39,270 | INFO | taxi_type = yellow
2026-07-16 23:46:57,032 | INFO | ******************************************************* Starting UberBronze *******************************************************
2026-07-16 23:46:57,033 | INFO | Extracting yellow_tripdata_2025-01.parquet from /Volumes/nyc_taxi/bronze/raw_files/yellow/2025/yellow_tripdata_2025-01.parquet
2026-07-16 23:47:07,305 | INFO | ======================================================= Bronze rows : 3475226 ======================================================= 
2026-07-16 23:47:07,306 | INFO | run completed in 10.27s
2026-07-16 23:47:07,307 | INFO | ******************************************************* Finished UberBronze *******************************************************
2026-07-16 23:47:07,308 | INFO | ========================================================================================================================
2026-07-16 23:47:07,309 | INFO | ******************************************************* Starting UberSilver *******************************************************
2026-07-16 23:47:08,112 | INFO | add_trip_duration completed in 0.07s
2026-07-16 23:47:08,113 | INFO | add_date_key completed in 0.0s
2026-07-16 23:47:08,115 | INFO | add_tip_percent completed in 0.0s
2026-07-16 23:47:08,117 | INFO | add_average_speed completed in 0.0s
2026-07-16 23:47:08,119 | INFO | add_date_features completed in 0.0s
2026-07-16 23:47:08,121 | INFO | apply_quality_rules completed in 0.0s
2026-07-16 23:47:10,101 | INFO | Silver rows : 3475226 -> 3323486
2026-07-16 23:47:11,453 | INFO | run completed in 4.14s
2026-07-16 23:47:11,455 | INFO | ******************************************************* Finished UberSilver *******************************************************
2026-07-16 23:47:11,455 | INFO | ========================================================================================================================
2026-07-16 23:47:11,456 | INFO | ******************************************************* Starting UberGold *******************************************************
2026-07-16 23:47:11,457 | INFO | get_fact_trips completed in 0.0s
2026-07-16 23:47:11,459 | INFO | get_dim_date completed in 0.0s
2026-07-16 23:47:11,461 | INFO | get_kpi_daily completed in 0.0s
2026-07-16 23:47:21,477 | INFO | ============ Chargement des données dans Delta ============ 
2026-07-16 23:47:26,235 | INFO | ============ Suppression d'une période ============ 
2026-07-16 23:47:26,236 | INFO | ========================================================================================================================
2026-07-16 23:47:26,236 | INFO | Period 202501 deleted from silver_nyc_taxi
2026-07-16 23:47:37,759 | INFO | Table nyc_taxi.silver.silver_nyc_taxi saved
2026-07-16 23:47:41,070 | INFO | ============ Suppression d'une période ============ 
2026-07-16 23:47:41,072 | INFO | ========================================================================================================================
2026-07-16 23:47:41,074 | INFO | Period 202501 deleted from gold_fact_trips
2026-07-16 23:47:47,436 | INFO | Table nyc_taxi.gold.gold_fact_trips saved
2026-07-16 23:47:49,273 | INFO | ============ Suppression d'une période ============ 
2026-07-16 23:47:49,275 | INFO | ========================================================================================================================
2026-07-16 23:47:49,276 | INFO | Period 202501 deleted from gold_dim_date
2026-07-16 23:47:53,245 | INFO | Table nyc_taxi.gold.gold_dim_date saved
2026-07-16 23:47:54,989 | INFO | ============ Suppression d'une période ============ 
2026-07-16 23:47:54,990 | INFO | ========================================================================================================================
2026-07-16 23:47:54,990 | INFO | Period 202501 deleted from gold_kpi_daily
2026-07-16 23:47:59,081 | INFO | Table nyc_taxi.gold.gold_kpi_daily saved
2026-07-16 23:47:59,081 | INFO | context.status = None
2026-07-16 23:47:59,082 | INFO | ============ Application de optimize_period ============ 
2026-07-16 23:47:59,083 | INFO | ============ OPTIMIZE period ============ 
2026-07-16 23:48:02,851 | INFO | ============ Optimisation ============ 
2026-07-16 23:48:02,852 | INFO | OPTIMIZE completed on nyc_taxi.silver.silver_nyc_taxi for period 202501
2026-07-16 23:48:02,853 | INFO | ============ OPTIMIZE period ============ 
2026-07-16 23:48:04,555 | INFO | ============ Optimisation ============ 
2026-07-16 23:48:04,562 | INFO | OPTIMIZE completed on nyc_taxi.gold.gold_fact_trips for period 202501
2026-07-16 23:48:04,578 | INFO | ============ OPTIMIZE period ============ 
2026-07-16 23:48:06,301 | INFO | ============ Optimisation ============ 
2026-07-16 23:48:06,302 | INFO | OPTIMIZE completed on nyc_taxi.gold.gold_dim_date for period 202501
2026-07-16 23:48:06,305 | INFO | ============ OPTIMIZE period ============ 
2026-07-16 23:48:07,985 | INFO | ============ Optimisation ============ 
2026-07-16 23:48:07,987 | INFO | OPTIMIZE completed on nyc_taxi.gold.gold_kpi_daily for period 202501
2026-07-16 23:48:07,988 | INFO | run completed in 56.53s
2026-07-16 23:48:07,989 | INFO | ******************************************************* Finished UberGold *******************************************************
2026-07-16 23:48:07,990 | INFO | ========================================================================================================================
2026-07-16 23:48:07,991 | INFO | MaintenanceJob started
2026-07-16 23:48:07,992 | INFO | Processing nyc_taxi.silver.silver_nyc_taxi
2026-07-16 23:48:09,425 | INFO | ============ OPTIMIZE completed ============ 
2026-07-16 23:48:09,426 | INFO | OPTIMIZE completed nyc_taxi.silver.silver_nyc_taxi
2026-07-16 23:48:35,045 | INFO | VACUUM completed on nyc_taxi.silver.silver_nyc_taxi
2026-07-16 23:48:35,049 | INFO | Maintenance completed for nyc_taxi.silver.silver_nyc_taxi
2026-07-16 23:48:35,052 | INFO | Processing nyc_taxi.gold.gold_fact_trips
2026-07-16 23:48:36,888 | INFO | ============ OPTIMIZE completed ============ 
2026-07-16 23:48:36,889 | INFO | OPTIMIZE completed nyc_taxi.gold.gold_fact_trips
2026-07-16 23:48:54,433 | INFO | VACUUM completed on nyc_taxi.gold.gold_fact_trips
2026-07-16 23:48:54,434 | INFO | Maintenance completed for nyc_taxi.gold.gold_fact_trips
2026-07-16 23:48:54,436 | INFO | Processing nyc_taxi.gold.gold_dim_date
2026-07-16 23:48:55,809 | INFO | ============ OPTIMIZE completed ============ 
2026-07-16 23:48:55,810 | INFO | OPTIMIZE completed nyc_taxi.gold.gold_dim_date
2026-07-16 23:49:12,825 | INFO | VACUUM completed on nyc_taxi.gold.gold_dim_date
2026-07-16 23:49:12,827 | INFO | Maintenance completed for nyc_taxi.gold.gold_dim_date
2026-07-16 23:49:12,827 | INFO | Processing nyc_taxi.gold.gold_kpi_daily
2026-07-16 23:49:14,697 | INFO | ============ OPTIMIZE completed ============ 
2026-07-16 23:49:14,698 | INFO | OPTIMIZE completed nyc_taxi.gold.gold_kpi_daily
2026-07-16 23:49:28,887 | INFO | VACUUM completed on nyc_taxi.gold.gold_kpi_daily
2026-07-16 23:49:28,889 | INFO | Maintenance completed for nyc_taxi.gold.gold_kpi_daily
2026-07-16 23:49:28,889 | INFO | MaintenanceJob finished
2026-07-17 01:17:27,369 | INFO | periode = 202501, type = <class 'int'>
2026-07-17 01:17:27,371 | INFO | periode = 202501
2026-07-17 01:17:27,371 | INFO | table_name = silver_nyc_taxi
2026-07-17 01:17:27,372 | INFO | taxi_type = yellow
2026-07-17 01:17:37,294 | INFO | ******************************************************* Starting UberBronze *******************************************************
2026-07-17 01:17:37,295 | INFO | Extracting yellow_tripdata_2025-01.parquet from /Volumes/nyc_taxi/bronze/raw_files/yellow/2025/yellow_tripdata_2025-01.parquet
2026-07-17 01:17:45,174 | INFO | ======================================================= Bronze rows : 3475226 ======================================================= 
2026-07-17 01:17:45,175 | INFO | run completed in 7.88s
2026-07-17 01:17:45,177 | INFO | ******************************************************* Finished UberBronze *******************************************************
2026-07-17 01:17:45,178 | INFO | ========================================================================================================================
2026-07-17 01:17:45,180 | INFO | ******************************************************* Starting UberSilver *******************************************************
2026-07-17 01:17:45,647 | INFO | add_trip_duration completed in 0.04s
2026-07-17 01:17:45,648 | INFO | add_date_key completed in 0.0s
2026-07-17 01:17:45,649 | INFO | add_tip_percent completed in 0.0s
2026-07-17 01:17:45,650 | INFO | add_average_speed completed in 0.0s
2026-07-17 01:17:45,651 | INFO | add_date_features completed in 0.0s
2026-07-17 01:17:45,652 | INFO | apply_quality_rules completed in 0.0s
2026-07-17 01:17:47,209 | INFO | Silver rows : 3475226 -> 3323486
2026-07-17 01:17:48,341 | INFO | run completed in 3.16s
2026-07-17 01:17:48,342 | INFO | ******************************************************* Finished UberSilver *******************************************************
2026-07-17 01:17:48,343 | INFO | ========================================================================================================================
2026-07-17 01:17:48,343 | INFO | ******************************************************* Starting UberGold *******************************************************
2026-07-17 01:17:48,345 | INFO | get_fact_trips completed in 0.0s
2026-07-17 01:17:48,346 | INFO | get_dim_date completed in 0.0s
2026-07-17 01:17:48,349 | INFO | get_kpi_daily completed in 0.0s
2026-07-17 01:17:55,811 | INFO | ============ Chargement des données dans Delta ============ 
2026-07-17 01:17:58,576 | INFO | ============ Suppression d'une période ============ 
2026-07-17 01:17:58,577 | INFO | ========================================================================================================================
2026-07-17 01:17:58,578 | INFO | Period 202501 deleted from silver_nyc_taxi
2026-07-17 01:18:10,528 | INFO | Table nyc_taxi.silver.silver_nyc_taxi saved
2026-07-17 01:18:12,119 | INFO | ============ Suppression d'une période ============ 
2026-07-17 01:18:12,122 | INFO | ========================================================================================================================
2026-07-17 01:18:12,124 | INFO | Period 202501 deleted from gold_fact_trips
2026-07-17 01:18:17,483 | INFO | Table nyc_taxi.gold.gold_fact_trips saved
2026-07-17 01:18:18,530 | INFO | ============ Suppression d'une période ============ 
2026-07-17 01:18:18,532 | INFO | ========================================================================================================================
2026-07-17 01:18:18,532 | INFO | Period 202501 deleted from gold_dim_date
2026-07-17 01:18:21,605 | INFO | Table nyc_taxi.gold.gold_dim_date saved
2026-07-17 01:18:22,683 | INFO | ============ Suppression d'une période ============ 
2026-07-17 01:18:22,685 | INFO | ========================================================================================================================
2026-07-17 01:18:22,685 | INFO | Period 202501 deleted from gold_kpi_daily
2026-07-17 01:18:26,568 | INFO | Table nyc_taxi.gold.gold_kpi_daily saved
2026-07-17 01:18:26,570 | INFO | context.status = None
2026-07-17 01:18:26,571 | INFO | ============ Application de optimize_period ============ 
2026-07-17 01:18:26,571 | INFO | ============ OPTIMIZE period ============ 
2026-07-17 01:18:29,330 | INFO | ============ Optimisation ============ 
2026-07-17 01:18:29,331 | INFO | OPTIMIZE completed on nyc_taxi.silver.silver_nyc_taxi for period 202501
2026-07-17 01:18:29,332 | INFO | ============ OPTIMIZE period ============ 
2026-07-17 01:18:30,639 | INFO | ============ Optimisation ============ 
2026-07-17 01:18:30,640 | INFO | OPTIMIZE completed on nyc_taxi.gold.gold_fact_trips for period 202501
2026-07-17 01:18:30,640 | INFO | ============ OPTIMIZE period ============ 
2026-07-17 01:18:31,855 | INFO | ============ Optimisation ============ 
2026-07-17 01:18:31,856 | INFO | OPTIMIZE completed on nyc_taxi.gold.gold_dim_date for period 202501
2026-07-17 01:18:31,856 | INFO | ============ OPTIMIZE period ============ 
2026-07-17 01:18:33,348 | INFO | ============ Optimisation ============ 
2026-07-17 01:18:33,350 | INFO | OPTIMIZE completed on nyc_taxi.gold.gold_kpi_daily for period 202501
2026-07-17 01:18:33,352 | INFO | run completed in 45.01s
2026-07-17 01:18:33,354 | INFO | ******************************************************* Finished UberGold *******************************************************
2026-07-17 01:18:33,355 | INFO | ========================================================================================================================
2026-07-17 01:18:33,356 | INFO | MaintenanceJob started
2026-07-17 01:18:33,356 | INFO | Processing nyc_taxi.silver.silver_nyc_taxi
2026-07-17 01:18:34,633 | INFO | ============ OPTIMIZE completed ============ 
2026-07-17 01:18:34,635 | INFO | OPTIMIZE completed nyc_taxi.silver.silver_nyc_taxi
2026-07-17 01:18:55,838 | INFO | VACUUM completed on nyc_taxi.silver.silver_nyc_taxi
2026-07-17 01:18:55,846 | INFO | Maintenance completed for nyc_taxi.silver.silver_nyc_taxi
2026-07-17 01:18:55,862 | INFO | Processing nyc_taxi.gold.gold_fact_trips
2026-07-17 01:18:57,045 | INFO | ============ OPTIMIZE completed ============ 
2026-07-17 01:18:57,046 | INFO | OPTIMIZE completed nyc_taxi.gold.gold_fact_trips
2026-07-17 01:19:11,381 | INFO | VACUUM completed on nyc_taxi.gold.gold_fact_trips
2026-07-17 01:19:11,382 | INFO | Maintenance completed for nyc_taxi.gold.gold_fact_trips
2026-07-17 01:19:11,383 | INFO | Processing nyc_taxi.gold.gold_dim_date
2026-07-17 01:19:13,101 | INFO | ============ OPTIMIZE completed ============ 
2026-07-17 01:19:13,102 | INFO | OPTIMIZE completed nyc_taxi.gold.gold_dim_date
2026-07-17 01:19:27,218 | INFO | VACUUM completed on nyc_taxi.gold.gold_dim_date
2026-07-17 01:19:27,219 | INFO | Maintenance completed for nyc_taxi.gold.gold_dim_date
2026-07-17 01:19:27,221 | INFO | Processing nyc_taxi.gold.gold_kpi_daily
2026-07-17 01:19:28,499 | INFO | ============ OPTIMIZE completed ============ 
2026-07-17 01:19:28,500 | INFO | OPTIMIZE completed nyc_taxi.gold.gold_kpi_daily
2026-07-17 01:19:40,610 | INFO | VACUUM completed on nyc_taxi.gold.gold_kpi_daily
2026-07-17 01:19:40,611 | INFO | Maintenance completed for nyc_taxi.gold.gold_kpi_daily
2026-07-17 01:19:40,612 | INFO | MaintenanceJob finished
2026-07-17 01:40:50,324 | INFO | periode = 202501, type = <class 'int'>
2026-07-17 01:40:50,326 | INFO | periode = 202501
2026-07-17 01:40:50,326 | INFO | table_name = silver_nyc_taxi
2026-07-17 01:40:50,327 | INFO | taxi_type = yellow
2026-07-17 01:40:50,602 | INFO | ******************************************************* Starting UberBronze *******************************************************
2026-07-17 01:40:50,604 | INFO | Extracting yellow_tripdata_2025-01.parquet from /Volumes/nyc_taxi/bronze/raw_files/yellow/2025/yellow_tripdata_2025-01.parquet
2026-07-17 01:40:52,611 | INFO | ======================================================= Bronze rows : 3475226 ======================================================= 
2026-07-17 01:40:52,612 | INFO | run completed in 2.01s
2026-07-17 01:40:52,613 | INFO | ******************************************************* Finished UberBronze *******************************************************
2026-07-17 01:40:52,614 | INFO | ========================================================================================================================
2026-07-17 01:40:52,614 | INFO | ******************************************************* Starting UberSilver *******************************************************
2026-07-17 01:40:52,917 | INFO | add_trip_duration completed in 0.03s
2026-07-17 01:40:52,919 | INFO | add_date_key completed in 0.0s
2026-07-17 01:40:52,919 | INFO | add_tip_percent completed in 0.0s
2026-07-17 01:40:52,920 | INFO | add_average_speed completed in 0.0s
2026-07-17 01:40:52,921 | INFO | add_date_features completed in 0.0s
2026-07-17 01:40:52,922 | INFO | apply_quality_rules completed in 0.0s
2026-07-17 01:40:53,942 | INFO | Silver rows : 3475226 -> 3323486
2026-07-17 01:40:54,902 | INFO | run completed in 2.29s
2026-07-17 01:40:54,903 | INFO | ******************************************************* Finished UberSilver *******************************************************
2026-07-17 01:40:54,904 | INFO | ========================================================================================================================
2026-07-17 01:40:54,905 | INFO | ******************************************************* Starting UberGold *******************************************************
2026-07-17 01:40:54,906 | INFO | get_fact_trips completed in 0.0s
2026-07-17 01:40:54,908 | INFO | get_dim_date completed in 0.0s
2026-07-17 01:40:54,909 | INFO | get_kpi_daily completed in 0.0s
2026-07-17 01:41:00,014 | INFO | ============ Chargement des données dans Delta ============ 
2026-07-17 01:41:00,364 | ERROR | [TABLE_OR_VIEW_NOT_FOUND] The table or view `nyc_taxi`.`silver`.`silver_nyc_taxi` cannot be found. Verify the spelling and correctness of the schema and catalog.
Search path: [`system`.`session`, `system`.`builtin`, `system`.`ai`, `workspace`.`default`].
If you did not qualify the name with a schema, verify the current_schema() output, or qualify the name with the correct schema and catalog.
To tolerate the error on drop use DROP VIEW IF EXISTS or DROP TABLE IF EXISTS. SQLSTATE: 42P01; line 2 pos 24;
'DeleteFromTable ('periode = 202501)
+- 'UnresolvedRelation [nyc_taxi, silver, silver_nyc_taxi], [__required_write_privileges__=DELETE], false


JVM stacktrace:
org.apache.spark.sql.catalyst.ExtendedAnalysisException
	at org.apache.spark.sql.errors.QueryCompilationErrors$.tableOrViewNotFoundWithSearchPath(QueryCompilationErrors.scala:1464)
	at org.apache.spark.sql.catalyst.analysis.package$AnalysisErrorAt.tableNotFound(package.scala:97)
	at org.apache.spark.sql.catalyst.analysis.RelationResolution$.throwTableNotFound(RelationResolution.scala:1806)
	at org.apache.spark.sql.catalyst.analysis.CheckAnalysis.$anonfun$checkAnalysis0$2(CheckAnalysis.scala:467)
	at org.apache.spark.sql.catalyst.analysis.CheckAnalysis.$anonfun$checkAnalysis0$2$adapted(CheckAnalysis.scala:410)
	at org.apache.spark.sql.catalyst.trees.TreeNode.foreachUp(TreeNode.scala:392)
	at org.apache.spark.sql.catalyst.trees.TreeNode.$anonfun$foreachUp$1(TreeNode.scala:391)
	at org.apache.spark.sql.catalyst.trees.TreeNode.$anonfun$foreachUp$1$adapted(TreeNode.scala:391)
	at scala.collection.immutable.Vector.foreach(Vector.scala:2125)
	at org.apache.spark.sql.catalyst.trees.TreeNode.foreachUp(TreeNode.scala:391)
	at org.apache.spark.sql.catalyst.analysis.CheckAnalysis.checkAnalysis0(CheckAnalysis.scala:410)
	at org.apache.spark.sql.catalyst.analysis.CheckAnalysis.checkAnalysis0$(CheckAnalysis.scala:377)
	at org.apache.spark.sql.catalyst.analysis.Analyzer.checkAnalysis0(Analyzer.scala:610)
	at org.apache.spark.sql.catalyst.analysis.CheckAnalysis.$anonfun$checkAnalysis$1(CheckAnalysis.scala:362)
	at scala.runtime.java8.JFunction0$mcV$sp.apply(JFunction0$mcV$sp.scala:18)
	at com.databricks.spark.util.FrameProfiler$.$anonfun$record$1(FrameProfiler.scala:114)
	at com.databricks.spark.util.FrameProfilerExporter$.maybeExportFrameProfiler(FrameProfilerExporter.scala:201)
	at com.databricks.spark.util.FrameProfiler$.record(FrameProfiler.scala:105)
	at org.apache.spark.sql.catalyst.analysis.CheckAnalysis.checkAnalysis(CheckAnalysis.scala:349)
	at org.apache.spark.sql.catalyst.analysis.CheckAnalysis.checkAnalysis$(CheckAnalysis.scala:345)
	at org.apache.spark.sql.catalyst.analysis.Analyzer.checkAnalysis(Analyzer.scala:610)
	at org.apache.spark.sql.catalyst.analysis.resolver.HybridAnalyzer.$anonfun$resolveInFixedPoint$1(HybridAnalyzer.scala:417)
	at scala.runtime.java8.JFunction0$mcV$sp.apply(JFunction0$mcV$sp.scala:18)
	at org.apache.spark.sql.catalyst.QueryPlanningTracker$.withTracker(QueryPlanningTracker.scala:274)
	at org.apache.spark.sql.catalyst.analysis.resolver.HybridAnalyzer.resolveInFixedPoint(HybridAnalyzer.scala:417)
	at org.apache.spark.sql.catalyst.analysis.resolver.HybridAnalyzer.$anonfun$apply$1(HybridAnalyzer.scala:98)
	at org.apache.spark.sql.catalyst.analysis.resolver.HybridAnalyzer.withTrackedAnalyzerBridgeState(HybridAnalyzer.scala:135)
	at org.apache.spark.sql.catalyst.analysis.resolver.HybridAnalyzer.apply(HybridAnalyzer.scala:91)
	at org.apache.spark.sql.catalyst.analysis.Analyzer.$anonfun$executeAndCheck$2(Analyzer.scala:677)
	at org.apache.spark.sql.catalyst.plans.logical.AnalysisHelper$.markInAnalyzer(AnalysisHelper.scala:425)
	at org.apache.spark.sql.catalyst.analysis.Analyzer.$anonfun$executeAndCheck$1(Analyzer.scala:677)
	at com.databricks.sql.unity.SAMSnapshotHelper$.visitPlansDuringAnalysis(SAMSnapshotHelper.scala:43)
	at org.apache.spark.sql.catalyst.analysis.Analyzer.executeAndCheck(Analyzer.scala:666)
	at org.apache.spark.sql.execution.QueryExecution.$anonfun$lazyAnalyzed$3(QueryExecution.scala:607)
	at com.databricks.spark.util.FrameProfiler$.$anonfun$record$1(FrameProfiler.scala:114)
	at com.databricks.spark.util.FrameProfilerExporter$.maybeExportFrameProfiler(FrameProfilerExporter.scala:201)
	at com.databricks.spark.util.FrameProfiler$.record(FrameProfiler.scala:105)
	at org.apache.spark.sql.catalyst.QueryPlanningTracker.measurePhase(QueryPlanningTracker.scala:979)
	at org.apache.spark.sql.execution.QueryExecution.$anonfun$executePhase$8(QueryExecution.scala:1073)
	at org.apache.spark.sql.execution.SQLExecution$.$anonfun$withExecutionPhase$1(SQLExecution.scala:335)
	at com.databricks.util.TracingSpanUtils$.withTracing(TracingSpanUtils.scala:251)
	at com.databricks.spark.util.DatabricksTracingHelper.withSpan(DatabricksSparkTracingHelper.scala:154)
	at com.databricks.spark.util.DBRTracing$.withSpan(DBRTracing.scala:87)
	at org.apache.spark.sql.execution.SQLExecution$.withExecutionPhase(SQLExecution.scala:316)
	at org.apache.spark.sql.execution.QueryExecution.$anonfun$executePhase$7(QueryExecution.scala:1073)
	at org.apache.spark.sql.execution.QueryExecution$.withInternalError(QueryExecution.scala:1822)
	at org.apache.spark.sql.execution.QueryExecution.$anonfun$executePhase$5(QueryExecution.scala:1066)
	at com.databricks.util.LexicalThreadLocal$Handle.runWith(LexicalThreadLocal.scala:63)
	at org.apache.spark.sql.execution.QueryExecution.$anonfun$executePhase$4(QueryExecution.scala:1063)
	at com.databricks.util.LexicalThreadLocal$Handle.runWith(LexicalThreadLocal.scala:63)
	at org.apache.spark.sql.execution.QueryExecution.$anonfun$executePhase$3(QueryExecution.scala:1063)
	at com.databricks.util.LexicalThreadLocal$Handle.runWith(LexicalThreadLocal.scala:63)
	at org.apache.spark.sql.execution.QueryExecution.$anonfun$executePhase$2(QueryExecution.scala:1062)
	at com.databricks.util.LexicalThreadLocal$Handle.runWith(LexicalThreadLocal.scala:63)
	at org.apache.spark.sql.execution.QueryExecution.localBlock$1(QueryExecution.scala:1043)
	at org.apache.spark.sql.execution.QueryExecution.$anonfun$withQueryExecutionId$4(QueryExecution.scala:1053)
	at com.databricks.unity.UCSManager$.withTemporaryScope(UCSManager.scala:168)
	at org.apache.spark.sql.execution.QueryExecution.$anonfun$withQueryExecutionId$3(QueryExecution.scala:1052)
	at org.apache.spark.sql.execution.QueryExecution$.$anonfun$runWithWrappers$2(QueryExecution.scala:2075)
	at org.apache.spark.sql.execution.QueryExecution$.org$apache$spark$sql$execution$QueryExecution$$runWithWrappers(QueryExecution.scala:2074)
	at org.apache.spark.sql.execution.QueryExecution.withQueryExecutionId(QueryExecution.scala:1053)
	at org.apache.spark.sql.execution.QueryExecution.$anonfun$executePhase$1(QueryExecution.scala:1061)
	at org.apache.spark.sql.SparkSession.withActive(SparkSession.scala:866)
	at org.apache.spark.sql.execution.QueryExecution.executePhase(QueryExecution.scala:1060)
	at org.apache.spark.sql.execution.QueryExecution.$anonfun$lazyAnalyzed$2(QueryExecution.scala:598)
	at com.databricks.sql.util.MemoryTrackerHelper.withMemoryTracking(MemoryTrackerHelper.scala:111)
	at org.apache.spark.sql.execution.QueryExecution.$anonfun$lazyAnalyzed$1(QueryExecution.scala:597)
	at scala.util.Try$.apply(Try.scala:217)
	at org.apache.spark.util.Utils$.doTryWithCallerStacktrace(Utils.scala:1796)
	at org.apache.spark.util.Utils$.getTryWithCallerStacktrace(Utils.scala:1846)
	at org.apache.spark.util.LazyTry.get(LazyTry.scala:78)
	at org.apache.spark.sql.execution.QueryExecution.analyzed(QueryExecution.scala:661)
	at org.apache.spark.sql.execution.QueryExecution.assertAnalyzed(QueryExecution.scala:520)
	at org.apache.spark.sql.classic.Dataset$.$anonfun$ofRows$3(Dataset.scala:157)
	at org.apache.spark.sql.SparkSession.withActive(SparkSession.scala:866)
	at org.apache.spark.sql.classic.SparkSession.$anonfun$withActiveAndFrameProfiler$1(SparkSession.scala:1332)
	at com.databricks.spark.util.FrameProfiler$.$anonfun$record$1(FrameProfiler.scala:114)
	at com.databricks.spark.util.FrameProfilerExporter$.maybeExportFrameProfiler(FrameProfilerExporter.scala:201)
	at com.databricks.spark.util.FrameProfiler$.record(FrameProfiler.scala:105)
	at org.apache.spark.sql.classic.SparkSession.withActiveAndFrameProfiler(SparkSession.scala:1332)
	at org.apache.spark.sql.classic.Dataset$.ofRows(Dataset.scala:149)
	at org.apache.spark.sql.classic.SparkSession.$anonfun$sql$6(SparkSession.scala:1017)
	at org.apache.spark.sql.SparkSession.withActive(SparkSession.scala:866)
	at org.apache.spark.sql.classic.SparkSession.sql(SparkSession.scala:982)
	at org.apache.spark.sql.connect.planner.SparkConnectPlanner.executeSQL(SparkConnectPlanner.scala:4299)
	at org.apache.spark.sql.connect.planner.SparkConnectPlanner.handleSqlCommand(SparkConnectPlanner.scala:4092)
	at org.apache.spark.sql.connect.planner.SparkConnectPlanner.process(SparkConnectPlanner.scala:3790)
	at org.apache.spark.sql.connect.execution.ExecuteThreadRunner.handleCommand(ExecuteThreadRunner.scala:516)
	at org.apache.spark.sql.connect.execution.ExecuteThreadRunner.$anonfun$executeInternal$1(ExecuteThreadRunner.scala:406)
	at org.apache.spark.sql.connect.execution.ExecuteThreadRunner.$anonfun$executeInternal$1$adapted(ExecuteThreadRunner.scala:329)
	at org.apache.spark.sql.connect.service.SessionHolder.$anonfun$withSession$2(SessionHolder.scala:844)
	at org.apache.spark.sql.SparkSession.withActive(SparkSession.scala:866)
	at org.apache.spark.sql.connect.service.SessionHolder.$anonfun$withSession$1(SessionHolder.scala:844)
	at org.apache.spark.JobArtifactSet$.withActiveJobArtifactState(JobArtifactSet.scala:97)
	at org.apache.spark.sql.artifact.ArtifactManager.$anonfun$withResources$1(ArtifactManager.scala:124)
	at org.apache.spark.sql.artifact.ArtifactManager.withClassLoaderIfNeeded(ArtifactManager.scala:118)
	at org.apache.spark.sql.artifact.ArtifactManager.withResources(ArtifactManager.scala:123)
	at org.apache.spark.sql.connect.service.SessionHolder.withSession(SessionHolder.scala:843)
	at org.apache.spark.sql.connect.execution.ExecuteThreadRunner.executeInternal(ExecuteThreadRunner.scala:329)
	at org.apache.spark.sql.connect.execution.ExecuteThreadRunner.$anonfun$execute$1(ExecuteThreadRunner.scala:194)
	at scala.runtime.java8.JFunction0$mcV$sp.apply(JFunction0$mcV$sp.scala:18)
	at com.databricks.spark.connect.service.UtilizationMetrics.recordActiveQueries(UtilizationMetrics.scala:92)
	at com.databricks.spark.connect.service.UtilizationMetrics.recordActiveQueries$(UtilizationMetrics.scala:89)
	at org.apache.spark.sql.connect.execution.ExecuteThreadRunner.recordActiveQueries(ExecuteThreadRunner.scala:55)
	at org.apache.spark.sql.connect.execution.ExecuteThreadRunner.org$apache$spark$sql$connect$execution$ExecuteThreadRunner$$execute(ExecuteThreadRunner.scala:186)
	at org.apache.spark.sql.connect.execution.ExecuteThreadRunner$ExecutionThread.$anonfun$run$3(ExecuteThreadRunner.scala:587)
	at scala.runtime.java8.JFunction0$mcV$sp.apply(JFunction0$mcV$sp.scala:18)
	at com.databricks.spark.util.DBRTracing$.withSpanFromParent(DBRTracing.scala:70)
	at org.apache.spark.sql.connect.execution.ExecuteThreadRunner$ExecutionThread.$anonfun$run$2(ExecuteThreadRunner.scala:587)
	at scala.runtime.java8.JFunction0$mcV$sp.apply(JFunction0$mcV$sp.scala:18)
	at com.databricks.unity.UCSEphemeralState$Handle.runWith(UCSEphemeralState.scala:51)
	at com.databricks.unity.HandleImpl.runWith(UCSHandle.scala:128)
	at com.databricks.unity.HandleImpl.$anonfun$runWithAndClose$1(UCSHandle.scala:133)
	at scala.util.Using$.resource(Using.scala:296)
	at com.databricks.unity.HandleImpl.runWithAndClose(UCSHandle.scala:132)
	at org.apache.spark.sql.connect.execution.ExecuteThreadRunner$ExecutionThread.run(ExecuteThreadRunner.scala:586)
2026-07-17 01:41:00,366 | ERROR | Error in pipeline : [TABLE_OR_VIEW_NOT_FOUND] The table or view `nyc_taxi`.`silver`.`silver_nyc_taxi` cannot be found. Verify the spelling and correctness of the schema and catalog.
Search path: [`system`.`session`, `system`.`builtin`, `system`.`ai`, `workspace`.`default`].
If you did not qualify the name with a schema, verify the current_schema() output, or qualify the name with the correct schema and catalog.
To tolerate the error on drop use DROP VIEW IF EXISTS or DROP TABLE IF EXISTS. SQLSTATE: 42P01; line 2 pos 24;
'DeleteFromTable ('periode = 202501)
+- 'UnresolvedRelation [nyc_taxi, silver, silver_nyc_taxi], [__required_write_privileges__=DELETE], false


JVM stacktrace:
org.apache.spark.sql.catalyst.ExtendedAnalysisException
	at org.apache.spark.sql.errors.QueryCompilationErrors$.tableOrViewNotFoundWithSearchPath(QueryCompilationErrors.scala:1464)
	at org.apache.spark.sql.catalyst.analysis.package$AnalysisErrorAt.tableNotFound(package.scala:97)
	at org.apache.spark.sql.catalyst.analysis.RelationResolution$.throwTableNotFound(RelationResolution.scala:1806)
	at org.apache.spark.sql.catalyst.analysis.CheckAnalysis.$anonfun$checkAnalysis0$2(CheckAnalysis.scala:467)
	at org.apache.spark.sql.catalyst.analysis.CheckAnalysis.$anonfun$checkAnalysis0$2$adapted(CheckAnalysis.scala:410)
	at org.apache.spark.sql.catalyst.trees.TreeNode.foreachUp(TreeNode.scala:392)
	at org.apache.spark.sql.catalyst.trees.TreeNode.$anonfun$foreachUp$1(TreeNode.scala:391)
	at org.apache.spark.sql.catalyst.trees.TreeNode.$anonfun$foreachUp$1$adapted(TreeNode.scala:391)
	at scala.collection.immutable.Vector.foreach(Vector.scala:2125)
	at org.apache.spark.sql.catalyst.trees.TreeNode.foreachUp(TreeNode.scala:391)
	at org.apache.spark.sql.catalyst.analysis.CheckAnalysis.checkAnalysis0(CheckAnalysis.scala:410)
	at org.apache.spark.sql.catalyst.analysis.CheckAnalysis.checkAnalysis0$(CheckAnalysis.scala:377)
	at org.apache.spark.sql.catalyst.analysis.Analyzer.checkAnalysis0(Analyzer.scala:610)
	at org.apache.spark.sql.catalyst.analysis.CheckAnalysis.$anonfun$checkAnalysis$1(CheckAnalysis.scala:362)
	at scala.runtime.java8.JFunction0$mcV$sp.apply(JFunction0$mcV$sp.scala:18)
	at com.databricks.spark.util.FrameProfiler$.$anonfun$record$1(FrameProfiler.scala:114)
	at com.databricks.spark.util.FrameProfilerExporter$.maybeExportFrameProfiler(FrameProfilerExporter.scala:201)
	at com.databricks.spark.util.FrameProfiler$.record(FrameProfiler.scala:105)
	at org.apache.spark.sql.catalyst.analysis.CheckAnalysis.checkAnalysis(CheckAnalysis.scala:349)
	at org.apache.spark.sql.catalyst.analysis.CheckAnalysis.checkAnalysis$(CheckAnalysis.scala:345)
	at org.apache.spark.sql.catalyst.analysis.Analyzer.checkAnalysis(Analyzer.scala:610)
	at org.apache.spark.sql.catalyst.analysis.resolver.HybridAnalyzer.$anonfun$resolveInFixedPoint$1(HybridAnalyzer.scala:417)
	at scala.runtime.java8.JFunction0$mcV$sp.apply(JFunction0$mcV$sp.scala:18)
	at org.apache.spark.sql.catalyst.QueryPlanningTracker$.withTracker(QueryPlanningTracker.scala:274)
	at org.apache.spark.sql.catalyst.analysis.resolver.HybridAnalyzer.resolveInFixedPoint(HybridAnalyzer.scala:417)
	at org.apache.spark.sql.catalyst.analysis.resolver.HybridAnalyzer.$anonfun$apply$1(HybridAnalyzer.scala:98)
	at org.apache.spark.sql.catalyst.analysis.resolver.HybridAnalyzer.withTrackedAnalyzerBridgeState(HybridAnalyzer.scala:135)
	at org.apache.spark.sql.catalyst.analysis.resolver.HybridAnalyzer.apply(HybridAnalyzer.scala:91)
	at org.apache.spark.sql.catalyst.analysis.Analyzer.$anonfun$executeAndCheck$2(Analyzer.scala:677)
	at org.apache.spark.sql.catalyst.plans.logical.AnalysisHelper$.markInAnalyzer(AnalysisHelper.scala:425)
	at org.apache.spark.sql.catalyst.analysis.Analyzer.$anonfun$executeAndCheck$1(Analyzer.scala:677)
	at com.databricks.sql.unity.SAMSnapshotHelper$.visitPlansDuringAnalysis(SAMSnapshotHelper.scala:43)
	at org.apache.spark.sql.catalyst.analysis.Analyzer.executeAndCheck(Analyzer.scala:666)
	at org.apache.spark.sql.execution.QueryExecution.$anonfun$lazyAnalyzed$3(QueryExecution.scala:607)
	at com.databricks.spark.util.FrameProfiler$.$anonfun$record$1(FrameProfiler.scala:114)
	at com.databricks.spark.util.FrameProfilerExporter$.maybeExportFrameProfiler(FrameProfilerExporter.scala:201)
	at com.databricks.spark.util.FrameProfiler$.record(FrameProfiler.scala:105)
	at org.apache.spark.sql.catalyst.QueryPlanningTracker.measurePhase(QueryPlanningTracker.scala:979)
	at org.apache.spark.sql.execution.QueryExecution.$anonfun$executePhase$8(QueryExecution.scala:1073)
	at org.apache.spark.sql.execution.SQLExecution$.$anonfun$withExecutionPhase$1(SQLExecution.scala:335)
	at com.databricks.util.TracingSpanUtils$.withTracing(TracingSpanUtils.scala:251)
	at com.databricks.spark.util.DatabricksTracingHelper.withSpan(DatabricksSparkTracingHelper.scala:154)
	at com.databricks.spark.util.DBRTracing$.withSpan(DBRTracing.scala:87)
	at org.apache.spark.sql.execution.SQLExecution$.withExecutionPhase(SQLExecution.scala:316)
	at org.apache.spark.sql.execution.QueryExecution.$anonfun$executePhase$7(QueryExecution.scala:1073)
	at org.apache.spark.sql.execution.QueryExecution$.withInternalError(QueryExecution.scala:1822)
	at org.apache.spark.sql.execution.QueryExecution.$anonfun$executePhase$5(QueryExecution.scala:1066)
	at com.databricks.util.LexicalThreadLocal$Handle.runWith(LexicalThreadLocal.scala:63)
	at org.apache.spark.sql.execution.QueryExecution.$anonfun$executePhase$4(QueryExecution.scala:1063)
	at com.databricks.util.LexicalThreadLocal$Handle.runWith(LexicalThreadLocal.scala:63)
	at org.apache.spark.sql.execution.QueryExecution.$anonfun$executePhase$3(QueryExecution.scala:1063)
	at com.databricks.util.LexicalThreadLocal$Handle.runWith(LexicalThreadLocal.scala:63)
	at org.apache.spark.sql.execution.QueryExecution.$anonfun$executePhase$2(QueryExecution.scala:1062)
	at com.databricks.util.LexicalThreadLocal$Handle.runWith(LexicalThreadLocal.scala:63)
	at org.apache.spark.sql.execution.QueryExecution.localBlock$1(QueryExecution.scala:1043)
	at org.apache.spark.sql.execution.QueryExecution.$anonfun$withQueryExecutionId$4(QueryExecution.scala:1053)
	at com.databricks.unity.UCSManager$.withTemporaryScope(UCSManager.scala:168)
	at org.apache.spark.sql.execution.QueryExecution.$anonfun$withQueryExecutionId$3(QueryExecution.scala:1052)
	at org.apache.spark.sql.execution.QueryExecution$.$anonfun$runWithWrappers$2(QueryExecution.scala:2075)
	at org.apache.spark.sql.execution.QueryExecution$.org$apache$spark$sql$execution$QueryExecution$$runWithWrappers(QueryExecution.scala:2074)
	at org.apache.spark.sql.execution.QueryExecution.withQueryExecutionId(QueryExecution.scala:1053)
	at org.apache.spark.sql.execution.QueryExecution.$anonfun$executePhase$1(QueryExecution.scala:1061)
	at org.apache.spark.sql.SparkSession.withActive(SparkSession.scala:866)
	at org.apache.spark.sql.execution.QueryExecution.executePhase(QueryExecution.scala:1060)
	at org.apache.spark.sql.execution.QueryExecution.$anonfun$lazyAnalyzed$2(QueryExecution.scala:598)
	at com.databricks.sql.util.MemoryTrackerHelper.withMemoryTracking(MemoryTrackerHelper.scala:111)
	at org.apache.spark.sql.execution.QueryExecution.$anonfun$lazyAnalyzed$1(QueryExecution.scala:597)
	at scala.util.Try$.apply(Try.scala:217)
	at org.apache.spark.util.Utils$.doTryWithCallerStacktrace(Utils.scala:1796)
	at org.apache.spark.util.Utils$.getTryWithCallerStacktrace(Utils.scala:1846)
	at org.apache.spark.util.LazyTry.get(LazyTry.scala:78)
	at org.apache.spark.sql.execution.QueryExecution.analyzed(QueryExecution.scala:661)
	at org.apache.spark.sql.execution.QueryExecution.assertAnalyzed(QueryExecution.scala:520)
	at org.apache.spark.sql.classic.Dataset$.$anonfun$ofRows$3(Dataset.scala:157)
	at org.apache.spark.sql.SparkSession.withActive(SparkSession.scala:866)
	at org.apache.spark.sql.classic.SparkSession.$anonfun$withActiveAndFrameProfiler$1(SparkSession.scala:1332)
	at com.databricks.spark.util.FrameProfiler$.$anonfun$record$1(FrameProfiler.scala:114)
	at com.databricks.spark.util.FrameProfilerExporter$.maybeExportFrameProfiler(FrameProfilerExporter.scala:201)
	at com.databricks.spark.util.FrameProfiler$.record(FrameProfiler.scala:105)
	at org.apache.spark.sql.classic.SparkSession.withActiveAndFrameProfiler(SparkSession.scala:1332)
	at org.apache.spark.sql.classic.Dataset$.ofRows(Dataset.scala:149)
	at org.apache.spark.sql.classic.SparkSession.$anonfun$sql$6(SparkSession.scala:1017)
	at org.apache.spark.sql.SparkSession.withActive(SparkSession.scala:866)
	at org.apache.spark.sql.classic.SparkSession.sql(SparkSession.scala:982)
	at org.apache.spark.sql.connect.planner.SparkConnectPlanner.executeSQL(SparkConnectPlanner.scala:4299)
	at org.apache.spark.sql.connect.planner.SparkConnectPlanner.handleSqlCommand(SparkConnectPlanner.scala:4092)
	at org.apache.spark.sql.connect.planner.SparkConnectPlanner.process(SparkConnectPlanner.scala:3790)
	at org.apache.spark.sql.connect.execution.ExecuteThreadRunner.handleCommand(ExecuteThreadRunner.scala:516)
	at org.apache.spark.sql.connect.execution.ExecuteThreadRunner.$anonfun$executeInternal$1(ExecuteThreadRunner.scala:406)
	at org.apache.spark.sql.connect.execution.ExecuteThreadRunner.$anonfun$executeInternal$1$adapted(ExecuteThreadRunner.scala:329)
	at org.apache.spark.sql.connect.service.SessionHolder.$anonfun$withSession$2(SessionHolder.scala:844)
	at org.apache.spark.sql.SparkSession.withActive(SparkSession.scala:866)
	at org.apache.spark.sql.connect.service.SessionHolder.$anonfun$withSession$1(SessionHolder.scala:844)
	at org.apache.spark.JobArtifactSet$.withActiveJobArtifactState(JobArtifactSet.scala:97)
	at org.apache.spark.sql.artifact.ArtifactManager.$anonfun$withResources$1(ArtifactManager.scala:124)
	at org.apache.spark.sql.artifact.ArtifactManager.withClassLoaderIfNeeded(ArtifactManager.scala:118)
	at org.apache.spark.sql.artifact.ArtifactManager.withResources(ArtifactManager.scala:123)
	at org.apache.spark.sql.connect.service.SessionHolder.withSession(SessionHolder.scala:843)
	at org.apache.spark.sql.connect.execution.ExecuteThreadRunner.executeInternal(ExecuteThreadRunner.scala:329)
	at org.apache.spark.sql.connect.execution.ExecuteThreadRunner.$anonfun$execute$1(ExecuteThreadRunner.scala:194)
	at scala.runtime.java8.JFunction0$mcV$sp.apply(JFunction0$mcV$sp.scala:18)
	at com.databricks.spark.connect.service.UtilizationMetrics.recordActiveQueries(UtilizationMetrics.scala:92)
	at com.databricks.spark.connect.service.UtilizationMetrics.recordActiveQueries$(UtilizationMetrics.scala:89)
	at org.apache.spark.sql.connect.execution.ExecuteThreadRunner.recordActiveQueries(ExecuteThreadRunner.scala:55)
	at org.apache.spark.sql.connect.execution.ExecuteThreadRunner.org$apache$spark$sql$connect$execution$ExecuteThreadRunner$$execute(ExecuteThreadRunner.scala:186)
	at org.apache.spark.sql.connect.execution.ExecuteThreadRunner$ExecutionThread.$anonfun$run$3(ExecuteThreadRunner.scala:587)
	at scala.runtime.java8.JFunction0$mcV$sp.apply(JFunction0$mcV$sp.scala:18)
	at com.databricks.spark.util.DBRTracing$.withSpanFromParent(DBRTracing.scala:70)
	at org.apache.spark.sql.connect.execution.ExecuteThreadRunner$ExecutionThread.$anonfun$run$2(ExecuteThreadRunner.scala:587)
	at scala.runtime.java8.JFunction0$mcV$sp.apply(JFunction0$mcV$sp.scala:18)
	at com.databricks.unity.UCSEphemeralState$Handle.runWith(UCSEphemeralState.scala:51)
	at com.databricks.unity.HandleImpl.runWith(UCSHandle.scala:128)
	at com.databricks.unity.HandleImpl.$anonfun$runWithAndClose$1(UCSHandle.scala:133)
	at scala.util.Using$.resource(Using.scala:296)
	at com.databricks.unity.HandleImpl.runWithAndClose(UCSHandle.scala:132)
	at org.apache.spark.sql.connect.execution.ExecuteThreadRunner$ExecutionThread.run(ExecuteThreadRunner.scala:586)
2026-07-17 17:14:05,951 | INFO | periode = 202501, type = <class 'int'>
2026-07-17 17:14:05,952 | INFO | periode = 202501
2026-07-17 17:14:05,952 | INFO | table_name = silver_nyc_taxi
2026-07-17 17:14:05,953 | INFO | taxi_type = yellow
2026-07-17 18:15:37,371 | INFO | periode = 202501, type = <class 'int'>
2026-07-17 18:15:37,372 | INFO | periode = 202501
2026-07-17 18:15:37,373 | INFO | table_name = silver_nyc_taxi
2026-07-17 18:15:37,373 | INFO | taxi_type = yellow
2026-07-17 18:51:50,359 | INFO | periode = 202501, type = <class 'int'>
2026-07-17 18:51:50,360 | INFO | periode = 202501
2026-07-17 18:51:50,361 | INFO | table_name = silver_nyc_taxi
2026-07-17 18:51:50,362 | INFO | taxi_type = yellow
2026-07-17 18:51:53,772 | INFO | ******************************************************* Starting UberBronze *******************************************************
2026-07-17 18:51:53,773 | INFO | Extracting yellow_tripdata_2025-01.parquet from /Volumes/nyc_taxi/bronze/raw_files/yellow/2025/yellow_tripdata_2025-01.parquet
2026-07-17 18:52:04,696 | INFO | ======================================================= Bronze rows : 3475226 ======================================================= 
2026-07-17 18:52:04,696 | INFO | run completed in 10.92s
2026-07-17 18:52:04,697 | INFO | ******************************************************* Finished UberBronze *******************************************************
2026-07-17 18:52:04,698 | INFO | ========================================================================================================================
2026-07-17 18:52:04,699 | INFO | ******************************************************* Starting UberSilver *******************************************************
2026-07-17 18:52:05,503 | INFO | add_trip_duration completed in 0.1s
2026-07-17 18:52:05,505 | INFO | add_date_key completed in 0.0s
2026-07-17 18:52:05,506 | INFO | add_tip_percent completed in 0.0s
2026-07-17 18:52:05,506 | INFO | add_average_speed completed in 0.0s
2026-07-17 18:52:05,507 | INFO | add_date_features completed in 0.0s
2026-07-17 18:52:05,508 | INFO | apply_quality_rules completed in 0.0s
2026-07-17 18:52:07,547 | INFO | Silver rows : 3475226 -> 3323486
2026-07-17 18:52:09,580 | INFO | run completed in 4.88s
2026-07-17 18:52:09,581 | INFO | ******************************************************* Finished UberSilver *******************************************************
2026-07-17 18:52:09,582 | INFO | ========================================================================================================================
2026-07-17 18:52:09,582 | INFO | ******************************************************* Starting UberGold *******************************************************
2026-07-17 18:52:09,583 | INFO | get_fact_trips completed in 0.0s
2026-07-17 18:52:09,585 | INFO | get_dim_date completed in 0.0s
2026-07-17 18:52:09,587 | INFO | get_kpi_daily completed in 0.0s
2026-07-17 18:52:17,867 | INFO | ============ Chargement des données dans Delta ============ 
2026-07-17 18:52:19,314 | INFO | ============ Suppression d'une période ============ 
2026-07-17 18:52:19,315 | INFO | ========================================================================================================================
2026-07-17 18:52:19,316 | INFO | Period 202501 deleted from silver_nyc_taxi
2026-07-17 18:52:21,018 | ERROR | [DELTA_FAILED_TO_MERGE_FIELDS] Failed to merge fields 'tpep_pickup_datetime' and 'tpep_pickup_datetime'.

JVM stacktrace:
com.databricks.sql.transaction.tahoe.DeltaAnalysisException
	at com.databricks.sql.transaction.tahoe.schema.SchemaMergingUtils$.$anonfun$mergeDataTypes$1(SchemaMergingUtils.scala:232)
	at scala.collection.ArrayOps$.map$extension(ArrayOps.scala:936)
	at com.databricks.sql.transaction.tahoe.schema.SchemaMergingUtils$.merge$1(SchemaMergingUtils.scala:218)
	at com.databricks.sql.transaction.tahoe.schema.SchemaMergingUtils$.mergeDataTypes(SchemaMergingUtils.scala:336)
	at com.databricks.sql.transaction.tahoe.schema.SchemaMergingUtils$.mergeSchemas(SchemaMergingUtils.scala:180)
	at com.databricks.sql.transaction.tahoe.schema.ImplicitMetadataOperation$.mergeSchema(ImplicitMetadataOperation.scala:367)
	at com.databricks.sql.transaction.tahoe.schema.ImplicitMetadataOperation.updateMetadata(ImplicitMetadataOperation.scala:113)
	at com.databricks.sql.transaction.tahoe.schema.ImplicitMetadataOperation.updateMetadata$(ImplicitMetadataOperation.scala:92)
	at com.databricks.sql.transaction.tahoe.commands.WriteIntoDeltaEdge.updateMetadata(WriteIntoDeltaEdge.scala:137)
	at com.databricks.sql.transaction.tahoe.commands.WriteIntoDeltaEdge.writeAndReturnCommitDataAndMaterializationPlans(WriteIntoDeltaEdge.scala:548)
	at com.databricks.sql.transaction.tahoe.commands.WriteIntoDeltaEdge.writeAndReturnCommitData(WriteIntoDeltaEdge.scala:369)
	at com.databricks.sql.transaction.tahoe.commands.CreateDeltaTableCommand.doDeltaWrite$1(CreateDeltaTableCommand.scala:751)
	at com.databricks.sql.transaction.tahoe.commands.CreateDeltaTableCommand.handleCreateTableAsSelect(CreateDeltaTableCommand.scala:899)
	at com.databricks.sql.transaction.tahoe.commands.CreateDeltaTableCommand.$anonfun$handleCommit$1(CreateDeltaTableCommand.scala:461)
	at com.databricks.sql.transaction.tahoe.OptimisticTransaction$.withActive(OptimisticTransaction.scala:300)
	at com.databricks.sql.transaction.tahoe.commands.CreateDeltaTableCommand.handleCommit(CreateDeltaTableCommand.scala:441)
	at com.databricks.sql.transaction.tahoe.commands.CreateDeltaTableCommand.$anonfun$run$9(CreateDeltaTableCommand.scala:344)
	at com.databricks.sql.transaction.tahoe.metering.DeltaLogging.withOperationTypeTag(DeltaLogging.scala:854)
	at com.databricks.sql.transaction.tahoe.metering.DeltaLogging.withOperationTypeTag$(DeltaLogging.scala:841)
	at com.databricks.sql.transaction.tahoe.commands.CreateDeltaTableCommand.withOperationTypeTag(CreateDeltaTableCommand.scala:108)
	at com.databricks.sql.transaction.tahoe.metering.DeltaLogging.$anonfun$recordDeltaOperationInternal$2(DeltaLogging.scala:527)
	at com.databricks.spark.util.FrameProfiler$.$anonfun$record$1(FrameProfiler.scala:114)
	at com.databricks.spark.util.FrameProfilerExporter$.maybeExportFrameProfiler(FrameProfilerExporter.scala:201)
	at com.databricks.spark.util.FrameProfiler$.record(FrameProfiler.scala:105)
	at com.databricks.sql.transaction.tahoe.metering.DeltaLogging.recordFrameProfileWithCallSite(DeltaLogging.scala:969)
	at com.databricks.sql.transaction.tahoe.metering.DeltaLogging.recordFrameProfileWithCallSite$(DeltaLogging.scala:966)
	at com.databricks.sql.transaction.tahoe.commands.CreateDeltaTableCommand.recordFrameProfileWithCallSite(CreateDeltaTableCommand.scala:108)
	at com.databricks.sql.transaction.tahoe.metering.DeltaLogging.$anonfun$recordDeltaOperationInternal$1(DeltaLogging.scala:526)
	at com.databricks.logging.UsageLogging.$anonfun$recordOperation$1(UsageLogging.scala:531)
	at com.databricks.logging.UsageLogging.executeThunkAndCaptureResultTags$1(UsageLogging.scala:669)
	at com.databricks.logging.UsageLogging.$anonfun$recordOperationWithResultTags$6(UsageLogging.scala:696)
	at com.databricks.logging.AttributionContextTracing.$anonfun$withAttributionContext$1(AttributionContextTracing.scala:146)
	at com.databricks.logging.AttributionContext$.$anonfun$withValue$1(AttributionContext.scala:349)
	at scala.util.DynamicVariable.withValue(DynamicVariable.scala:59)
	at com.databricks.logging.AttributionContext$.withValue(AttributionContext.scala:345)
	at com.databricks.logging.AttributionContextTracing.withAttributionContext(AttributionContextTracing.scala:144)
	at com.databricks.logging.AttributionContextTracing.withAttributionContext$(AttributionContextTracing.scala:141)
	at com.databricks.spark.util.PublicDBLogging.withAttributionContext(DatabricksSparkUsageLogger.scala:29)
	at com.databricks.logging.AttributionContextTracing.withAttributionTags(AttributionContextTracing.scala:201)
	at com.databricks.logging.AttributionContextTracing.withAttributionTags$(AttributionContextTracing.scala:182)
	at com.databricks.spark.util.PublicDBLogging.withAttributionTags(DatabricksSparkUsageLogger.scala:29)
	at com.databricks.logging.UsageLogging.$anonfun$recordOperationWithResultTags$5(UsageLogging.scala:664)
	at com.databricks.logging.UsageLogging.withOtelSpanInContext$1(UsageLogging.scala:656)
	at com.databricks.logging.UsageLogging.recordOperationWithResultTags(UsageLogging.scala:659)
	at com.databricks.logging.UsageLogging.recordOperationWithResultTags$(UsageLogging.scala:540)
	at com.databricks.spark.util.PublicDBLogging.recordOperationWithResultTags(DatabricksSparkUsageLogger.scala:29)
	at com.databricks.logging.UsageLogging.recordOperation(UsageLogging.scala:532)
	at com.databricks.logging.UsageLogging.recordOperation$(UsageLogging.scala:496)
	at com.databricks.spark.util.PublicDBLogging.recordOperation(DatabricksSparkUsageLogger.scala:29)
	at com.databricks.spark.util.PublicDBLogging.recordOperation0(DatabricksSparkUsageLogger.scala:104)
	at com.databricks.spark.util.DatabricksSparkUsageLogger.recordOperation(DatabricksSparkUsageLogger.scala:193)
	at com.databricks.spark.util.UsageLogger.recordOperation(UsageLogger.scala:78)
	at com.databricks.spark.util.UsageLogger.recordOperation$(UsageLogger.scala:65)
	at com.databricks.spark.util.DatabricksSparkUsageLogger.recordOperation(DatabricksSparkUsageLogger.scala:152)
	at com.databricks.spark.util.UsageLogging.recordOperation(UsageLogger.scala:537)
	at com.databricks.spark.util.UsageLogging.recordOperation$(UsageLogger.scala:516)
	at com.databricks.sql.transaction.tahoe.commands.CreateDeltaTableCommand.recordOperation(CreateDeltaTableCommand.scala:108)
	at com.databricks.sql.transaction.tahoe.metering.DeltaLogging.recordDeltaOperationInternal(DeltaLogging.scala:525)
	at com.databricks.sql.transaction.tahoe.metering.DeltaLogging.recordDeltaOperation(DeltaLogging.scala:515)
	at com.databricks.sql.transaction.tahoe.metering.DeltaLogging.recordDeltaOperation$(DeltaLogging.scala:504)
	at com.databricks.sql.transaction.tahoe.commands.CreateDeltaTableCommand.recordDeltaOperation(CreateDeltaTableCommand.scala:108)
	at com.databricks.sql.transaction.tahoe.commands.CreateDeltaTableCommand.run(CreateDeltaTableCommand.scala:298)
	at com.databricks.sql.transaction.tahoe.catalog.AbstractDeltaCatalog.$anonfun$createDeltaTable$1(AbstractDeltaCatalog.scala:1033)
	at com.databricks.spark.util.FrameProfiler$.$anonfun$record$1(FrameProfiler.scala:114)
	at com.databricks.spark.util.FrameProfilerExporter$.maybeExportFrameProfiler(FrameProfilerExporter.scala:201)
	at com.databricks.spark.util.FrameProfiler$.record(FrameProfiler.scala:105)
	at com.databricks.sql.transaction.tahoe.metering.DeltaLogging.recordFrameProfileWithCallSite(DeltaLogging.scala:969)
	at com.databricks.sql.transaction.tahoe.metering.DeltaLogging.recordFrameProfileWithCallSite$(DeltaLogging.scala:966)
	at com.databricks.sql.transaction.tahoe.catalog.AbstractDeltaCatalog.recordFrameProfileWithCallSite(AbstractDeltaCatalog.scala:202)
	at com.databricks.sql.transaction.tahoe.catalog.AbstractDeltaCatalog.com$databricks$sql$transaction$tahoe$catalog$AbstractDeltaCatalog$$createDeltaTable(AbstractDeltaCatalog.scala:433)
	at com.databricks.sql.transaction.tahoe.catalog.AbstractDeltaCatalog$StagedDeltaTableV2.$anonfun$commitStagedChanges$1(AbstractDeltaCatalog.scala:2511)
	at com.databricks.spark.util.FrameProfiler$.$anonfun$record$1(FrameProfiler.scala:114)
	at com.databricks.spark.util.FrameProfilerExporter$.maybeExportFrameProfiler(FrameProfilerExporter.scala:201)
	at com.databricks.spark.util.FrameProfiler$.record(FrameProfiler.scala:105)
	at com.databricks.sql.transaction.tahoe.metering.DeltaLogging.recordFrameProfileWithCallSite(DeltaLogging.scala:969)
	at com.databricks.sql.transaction.tahoe.metering.DeltaLogging.recordFrameProfileWithCallSite$(DeltaLogging.scala:966)
	at com.databricks.sql.transaction.tahoe.catalog.AbstractDeltaCatalog.recordFrameProfileWithCallSite(AbstractDeltaCatalog.scala:202)
	at com.databricks.sql.transaction.tahoe.catalog.AbstractDeltaCatalog$StagedDeltaTableV2.commitStagedChanges(AbstractDeltaCatalog.scala:2485)
	at org.apache.spark.sql.execution.datasources.v2.DataSourceV2Utils$.commitStagedChanges(DataSourceV2Utils.scala:325)
	at org.apache.spark.sql.execution.datasources.v2.V2CreateTableAsSelectBaseExec.$anonfun$writeToTable$6(WriteToDataSourceV2Exec.scala:1046)
	at scala.runtime.java8.JFunction0$mcV$sp.apply(JFunction0$mcV$sp.scala:18)
	at org.apache.spark.sql.execution.datasources.v2.WriteToDataSourceV2Exec$.handleConcurrentCreateExceptions(WriteToDataSourceV2Exec.scala:79)
	at org.apache.spark.sql.execution.datasources.v2.V2CreateTableAsSelectBaseExec.$anonfun$writeToTable$2(WriteToDataSourceV2Exec.scala:1046)
	at org.apache.spark.util.Utils$.tryWithSafeFinallyAndFailureCallbacks(Utils.scala:1726)
	at org.apache.spark.sql.execution.datasources.v2.V2CreateTableAsSelectBaseExec.$anonfun$writeToTable$1(WriteToDataSourceV2Exec.scala:1026)
	at com.databricks.spark.util.FrameProfiler$.$anonfun$record$1(FrameProfiler.scala:114)
	at com.databricks.spark.util.FrameProfilerExporter$.maybeExportFrameProfiler(FrameProfilerExporter.scala:201)
	at com.databricks.spark.util.FrameProfiler$.record(FrameProfiler.scala:105)
	at org.apache.spark.sql.execution.datasources.v2.V2CreateTableAsSelectBaseExec.writeToTable(WriteToDataSourceV2Exec.scala:1050)
	at org.apache.spark.sql.execution.datasources.v2.V2CreateTableAsSelectBaseExec.writeToTable$(WriteToDataSourceV2Exec.scala:1012)
	at org.apache.spark.sql.execution.datasources.v2.AtomicReplaceTableAsSelectExec.writeToTable(WriteToDataSourceV2Exec.scala:287)
	at org.apache.spark.sql.execution.datasources.v2.AtomicReplaceTableAsSelectExec.run(WriteToDataSourceV2Exec.scala:372)
	at org.apache.spark.sql.execution.datasources.v2.V2CommandExec.$anonfun$result$2(V2CommandExec.scala:48)
	at org.apache.spark.sql.execution.SparkPlan.runCommandInAetherOrSpark(SparkPlan.scala:202)
	at org.apache.spark.sql.execution.datasources.v2.V2CommandExec.$anonfun$result$1(V2CommandExec.scala:48)
	at com.databricks.spark.util.FrameProfiler$.$anonfun$record$1(FrameProfiler.scala:114)
	at com.databricks.spark.util.FrameProfilerExporter$.maybeExportFrameProfiler(FrameProfilerExporter.scala:201)
	at com.databricks.spark.util.FrameProfiler$.record(FrameProfiler.scala:105)
	at org.apache.spark.sql.execution.datasources.v2.V2CommandExec.result$lzycompute(V2CommandExec.scala:47)
	at org.apache.spark.sql.execution.datasources.v2.V2CommandExec.result(V2CommandExec.scala:45)
	at org.apache.spark.sql.execution.datasources.v2.V2CommandExec.executeCollect(V2CommandExec.scala:56)
	at org.apache.spark.sql.execution.QueryExecution$.$anonfun$runCommand$12(QueryExecution.scala:1968)
	at com.databricks.util.LexicalThreadLocal$Handle.runWith(LexicalThreadLocal.scala:63)
	at org.apache.spark.sql.execution.QueryExecution$.$anonfun$runCommand$11(QueryExecution.scala:1962)
	at com.databricks.util.LexicalThreadLocal$Handle.runWith(LexicalThreadLocal.scala:63)
	at org.apache.spark.sql.execution.QueryExecution$.executeWithCaches$1(QueryExecution.scala:1962)
	at org.apache.spark.sql.execution.QueryExecution$.$anonfun$runCommand$10(QueryExecution.scala:1968)
	at org.apache.spark.sql.catalyst.QueryPlanningTracker$.withTracker(QueryPlanningTracker.scala:274)
	at org.apache.spark.sql.execution.QueryExecution$.$anonfun$runCommand$9(QueryExecution.scala:1955)
	at org.apache.spark.sql.execution.SQLExecution$.$anonfun$withNewExecutionId0$24(SQLExecution.scala:1120)
	at com.databricks.sql.util.MemoryTrackerHelper.withMemoryTracking(MemoryTrackerHelper.scala:111)
	at org.apache.spark.sql.execution.SQLExecution$.$anonfun$withNewExecutionId0$21(SQLExecution.scala:1040)
	at com.databricks.unity.UCSManager$.withTemporaryScope(UCSManager.scala:168)
	at org.apache.spark.sql.execution.SQLExecution$.$anonfun$withNewExecutionId0$20(SQLExecution.scala:936)
	at org.apache.spark.sql.execution.SQLExecution$.withSessionTagsApplied(SQLExecution.scala:1580)
	at org.apache.spark.sql.execution.SQLExecution$.$anonfun$withNewExecutionId0$19(SQLExecution.scala:925)
	at org.apache.spark.JobArtifactSet$.withActiveJobArtifactState(JobArtifactSet.scala:97)
	at org.apache.spark.sql.artifact.ArtifactManager.$anonfun$withResources$1(ArtifactManager.scala:124)
	at org.apache.spark.sql.artifact.ArtifactManager.withClassLoaderIfNeeded(ArtifactManager.scala:118)
	at org.apache.spark.sql.artifact.ArtifactManager.withResources(ArtifactManager.scala:123)
	at org.apache.spark.sql.execution.SQLExecution$.$anonfun$withNewExecutionId0$18(SQLExecution.scala:925)
	at org.apache.spark.sql.execution.SQLExecution$.withSQLConfPropagated(SQLExecution.scala:1615)
	at org.apache.spark.sql.execution.SQLExecution$.$anonfun$withNewExecutionId0$1(SQLExecution.scala:924)
	at org.apache.spark.sql.SparkSession.withActive(SparkSession.scala:866)
	at org.apache.spark.sql.execution.SQLExecution$.withNewExecutionId0(SQLExecution.scala:657)
	at org.apache.spark.sql.execution.SQLExecution$.withNewExecutionId(SQLExecution.scala:1533)
	at org.apache.spark.sql.execution.QueryExecution$.$anonfun$runCommand$8(QueryExecution.scala:1955)
	at org.apache.spark.sql.execution.QueryExecution$.withInternalError(QueryExecution.scala:1822)
	at org.apache.spark.sql.execution.QueryExecution$.$anonfun$runCommand$7(QueryExecution.scala:1951)
	at org.apache.spark.sql.execution.QueryExecution.withMVTagsIfNecessary(QueryExecution.scala:710)
	at org.apache.spark.sql.execution.QueryExecution$.$anonfun$runCommand$4(QueryExecution.scala:1936)
	at scala.Option.map(Option.scala:242)
	at org.apache.spark.sql.execution.QueryExecution$.executeWithMVTags$1(QueryExecution.scala:1936)
	at org.apache.spark.sql.execution.QueryExecution$.runCommand(QueryExecution.scala:1949)
	at org.apache.spark.sql.execution.QueryExecution.org$apache$spark$sql$execution$QueryExecution$$eagerlyExecute$1(QueryExecution.scala:747)
	at org.apache.spark.sql.execution.QueryExecution$$anonfun$$nestedInanonfun$eagerlyExecuteCommands$1$1.applyOrElse(QueryExecution.scala:764)
	at org.apache.spark.sql.execution.QueryExecution$$anonfun$$nestedInanonfun$eagerlyExecuteCommands$1$1.applyOrElse(QueryExecution.scala:756)
	at org.apache.spark.sql.catalyst.trees.TreeNode.$anonfun$transformDownWithPruning$1(TreeNode.scala:610)
	at org.apache.spark.sql.catalyst.trees.CurrentOrigin$.withOrigin(origin.scala:142)
	at org.apache.spark.sql.catalyst.trees.TreeNode.transformDownWithPruning(TreeNode.scala:610)
	at org.apache.spark.sql.catalyst.plans.logical.LogicalPlan.org$apache$spark$sql$catalyst$plans$logical$AnalysisHelper$$super$transformDownWithPruning(LogicalPlan.scala:48)
	at org.apache.spark.sql.catalyst.plans.logical.AnalysisHelper.transformDownWithPruning(AnalysisHelper.scala:361)
	at org.apache.spark.sql.catalyst.plans.logical.AnalysisHelper.transformDownWithPruning$(AnalysisHelper.scala:357)
	at org.apache.spark.sql.catalyst.plans.logical.LogicalPlan.transformDownWithPruning(LogicalPlan.scala:48)
	at org.apache.spark.sql.catalyst.plans.logical.LogicalPlan.transformDownWithPruning(LogicalPlan.scala:48)
	at org.apache.spark.sql.catalyst.trees.TreeNode.transformDown(TreeNode.scala:586)
	at org.apache.spark.sql.execution.QueryExecution.$anonfun$eagerlyExecuteCommands$1(QueryExecution.scala:756)
	at org.apache.spark.sql.catalyst.plans.logical.AnalysisHelper$.allowInvokingTransformsInAnalyzer(AnalysisHelper.scala:418)
	at org.apache.spark.sql.execution.QueryExecution.eagerlyExecuteCommands(QueryExecution.scala:756)
	at org.apache.spark.sql.execution.QueryExecution.$anonfun$lazyCommandExecuted$1(QueryExecution.scala:666)
	at scala.util.Try$.apply(Try.scala:217)
	at org.apache.spark.util.Utils$.doTryWithCallerStacktrace(Utils.scala:1796)
	at org.apache.spark.util.Utils$.getTryWithCallerStacktrace(Utils.scala:1846)
	at org.apache.spark.util.LazyTry.get(LazyTry.scala:78)
	at org.apache.spark.sql.execution.QueryExecution.commandExecuted(QueryExecution.scala:671)
	at org.apache.spark.sql.execution.QueryExecution.assertCommandExecuted(QueryExecution.scala:804)
	at org.apache.spark.sql.classic.DataFrameWriter.runCommand(DataFrameWriter.scala:887)
	at org.apache.spark.sql.classic.DataFrameWriter.saveAsTable(DataFrameWriter.scala:732)
	at org.apache.spark.sql.classic.DataFrameWriter.saveAsTable(DataFrameWriter.scala:630)
	at org.apache.spark.sql.connect.planner.SparkConnectPlanner.handleWriteOperation(SparkConnectPlanner.scala:4603)
	at org.apache.spark.sql.connect.planner.SparkConnectPlanner.process(SparkConnectPlanner.scala:3782)
	at org.apache.spark.sql.connect.execution.ExecuteThreadRunner.handleCommand(ExecuteThreadRunner.scala:516)
	at org.apache.spark.sql.connect.execution.ExecuteThreadRunner.$anonfun$executeInternal$1(ExecuteThreadRunner.scala:406)
	at org.apache.spark.sql.connect.execution.ExecuteThreadRunner.$anonfun$executeInternal$1$adapted(ExecuteThreadRunner.scala:329)
	at org.apache.spark.sql.connect.service.SessionHolder.$anonfun$withSession$2(SessionHolder.scala:844)
	at org.apache.spark.sql.SparkSession.withActive(SparkSession.scala:866)
	at org.apache.spark.sql.connect.service.SessionHolder.$anonfun$withSession$1(SessionHolder.scala:844)
	at org.apache.spark.JobArtifactSet$.withActiveJobArtifactState(JobArtifactSet.scala:97)
	at org.apache.spark.sql.artifact.ArtifactManager.$anonfun$withResources$1(ArtifactManager.scala:124)
	at org.apache.spark.sql.artifact.ArtifactManager.withClassLoaderIfNeeded(ArtifactManager.scala:118)
	at org.apache.spark.sql.artifact.ArtifactManager.withResources(ArtifactManager.scala:123)
	at org.apache.spark.sql.connect.service.SessionHolder.withSession(SessionHolder.scala:843)
	at org.apache.spark.sql.connect.execution.ExecuteThreadRunner.executeInternal(ExecuteThreadRunner.scala:329)
	at org.apache.spark.sql.connect.execution.ExecuteThreadRunner.$anonfun$execute$1(ExecuteThreadRunner.scala:194)
	at scala.runtime.java8.JFunction0$mcV$sp.apply(JFunction0$mcV$sp.scala:18)
	at com.databricks.spark.connect.service.UtilizationMetrics.recordActiveQueries(UtilizationMetrics.scala:92)
	at com.databricks.spark.connect.service.UtilizationMetrics.recordActiveQueries$(UtilizationMetrics.scala:89)
	at org.apache.spark.sql.connect.execution.ExecuteThreadRunner.recordActiveQueries(ExecuteThreadRunner.scala:55)
	at org.apache.spark.sql.connect.execution.ExecuteThreadRunner.org$apache$spark$sql$connect$execution$ExecuteThreadRunner$$execute(ExecuteThreadRunner.scala:186)
	at org.apache.spark.sql.connect.execution.ExecuteThreadRunner$ExecutionThread.$anonfun$run$3(ExecuteThreadRunner.scala:587)
	at scala.runtime.java8.JFunction0$mcV$sp.apply(JFunction0$mcV$sp.scala:18)
	at com.databricks.logging.AttributionContext$.$anonfun$withValue$1(AttributionContext.scala:349)
	at scala.util.DynamicVariable.withValue(DynamicVariable.scala:59)
	at com.databricks.logging.AttributionContext$.withValue(AttributionContext.scala:345)
	at com.databricks.spark.util.DatabricksTracingHelper.$anonfun$withSpanFromParent$4(DatabricksSparkTracingHelper.scala:106)
	at com.databricks.util.TracingSpanUtils$.withTracing(TracingSpanUtils.scala:100)
	at com.databricks.spark.util.DatabricksTracingHelper.withSpanFromParent(DatabricksSparkTracingHelper.scala:104)
	at com.databricks.spark.util.DBRTracing$.withSpanFromParent(DBRTracing.scala:68)
	at org.apache.spark.sql.connect.execution.ExecuteThreadRunner$ExecutionThread.$anonfun$run$2(ExecuteThreadRunner.scala:587)
	at scala.runtime.java8.JFunction0$mcV$sp.apply(JFunction0$mcV$sp.scala:18)
	at com.databricks.unity.UCSEphemeralState$Handle.runWith(UCSEphemeralState.scala:51)
	at com.databricks.unity.HandleImpl.runWith(UCSHandle.scala:128)
	at com.databricks.unity.HandleImpl.$anonfun$runWithAndClose$1(UCSHandle.scala:133)
	at scala.util.Using$.resource(Using.scala:296)
	at com.databricks.unity.HandleImpl.runWithAndClose(UCSHandle.scala:132)
	at org.apache.spark.sql.connect.execution.ExecuteThreadRunner$ExecutionThread.run(ExecuteThreadRunner.scala:586)
Caused by: com.databricks.sql.transaction.tahoe.DeltaAnalysisException: [DELTA_MERGE_INCOMPATIBLE_DATATYPE] Failed to merge incompatible data types TimestampType and TimestampNTZType.
	at com.databricks.sql.transaction.tahoe.schema.SchemaMergingUtils$.merge$1(SchemaMergingUtils.scala:332)
	at com.databricks.sql.transaction.tahoe.schema.SchemaMergingUtils$.$anonfun$mergeDataTypes$1(SchemaMergingUtils.scala:227)
	at scala.collection.ArrayOps$.map$extension(ArrayOps.scala:936)
	at com.databricks.sql.transaction.tahoe.schema.SchemaMergingUtils$.merge$1(SchemaMergingUtils.scala:218)
	at com.databricks.sql.transaction.tahoe.schema.SchemaMergingUtils$.mergeDataTypes(SchemaMergingUtils.scala:336)
	at com.databricks.sql.transaction.tahoe.schema.SchemaMergingUtils$.mergeSchemas(SchemaMergingUtils.scala:180)
	at com.databricks.sql.transaction.tahoe.schema.ImplicitMetadataOperation$.mergeSchema(ImplicitMetadataOperation.scala:367)
	at com.databricks.sql.transaction.tahoe.schema.ImplicitMetadataOperation.updateMetadata(ImplicitMetadataOperation.scala:113)
	at com.databricks.sql.transaction.tahoe.schema.ImplicitMetadataOperation.updateMetadata$(ImplicitMetadataOperation.scala:92)
	at com.databricks.sql.transaction.tahoe.commands.WriteIntoDeltaEdge.updateMetadata(WriteIntoDeltaEdge.scala:137)
	at com.databricks.sql.transaction.tahoe.commands.WriteIntoDeltaEdge.writeAndReturnCommitDataAndMaterializationPlans(WriteIntoDeltaEdge.scala:548)
	at com.databricks.sql.transaction.tahoe.commands.WriteIntoDeltaEdge.writeAndReturnCommitData(WriteIntoDeltaEdge.scala:369)
	at com.databricks.sql.transaction.tahoe.commands.CreateDeltaTableCommand.doDeltaWrite$1(CreateDeltaTableCommand.scala:751)
	at com.databricks.sql.transaction.tahoe.commands.CreateDeltaTableCommand.handleCreateTableAsSelect(CreateDeltaTableCommand.scala:899)
	at com.databricks.sql.transaction.tahoe.commands.CreateDeltaTableCommand.$anonfun$handleCommit$1(CreateDeltaTableCommand.scala:461)
	at com.databricks.sql.transaction.tahoe.OptimisticTransaction$.withActive(OptimisticTransaction.scala:300)
	at com.databricks.sql.transaction.tahoe.commands.CreateDeltaTableCommand.handleCommit(CreateDeltaTableCommand.scala:441)
	at com.databricks.sql.transaction.tahoe.commands.CreateDeltaTableCommand.$anonfun$run$9(CreateDeltaTableCommand.scala:344)
	at com.databricks.sql.transaction.tahoe.metering.DeltaLogging.withOperationTypeTag(DeltaLogging.scala:854)
	at com.databricks.sql.transaction.tahoe.metering.DeltaLogging.withOperationTypeTag$(DeltaLogging.scala:841)
	at com.databricks.sql.transaction.tahoe.commands.CreateDeltaTableCommand.withOperationTypeTag(CreateDeltaTableCommand.scala:108)
	at com.databricks.sql.transaction.tahoe.metering.DeltaLogging.$anonfun$recordDeltaOperationInternal$2(DeltaLogging.scala:527)
	at com.databricks.spark.util.FrameProfiler$.$anonfun$record$1(FrameProfiler.scala:114)
	at com.databricks.spark.util.FrameProfilerExporter$.maybeExportFrameProfiler(FrameProfilerExporter.scala:201)
	at com.databricks.spark.util.FrameProfiler$.record(FrameProfiler.scala:105)
	at com.databricks.sql.transaction.tahoe.metering.DeltaLogging.recordFrameProfileWithCallSite(DeltaLogging.scala:969)
	at com.databricks.sql.transaction.tahoe.metering.DeltaLogging.recordFrameProfileWithCallSite$(DeltaLogging.scala:966)
	at com.databricks.sql.transaction.tahoe.commands.CreateDeltaTableCommand.recordFrameProfileWithCallSite(CreateDeltaTableCommand.scala:108)
	at com.databricks.sql.transaction.tahoe.metering.DeltaLogging.$anonfun$recordDeltaOperationInternal$1(DeltaLogging.scala:526)
	at com.databricks.logging.UsageLogging.$anonfun$recordOperation$1(UsageLogging.scala:531)
	at com.databricks.logging.UsageLogging.executeThunkAndCaptureResultTags$1(UsageLogging.scala:669)
	at com.databricks.logging.UsageLogging.$anonfun$recordOperationWithResultTags$6(UsageLogging.scala:696)
	at com.databricks.logging.AttributionContextTracing.$anonfun$withAttributionContext$1(AttributionContextTracing.scala:146)
	at com.databricks.logging.AttributionContext$.$anonfun$withValue$1(AttributionContext.scala:349)
	at scala.util.DynamicVariable.withValue(DynamicVariable.scala:59)
	at com.databricks.logging.AttributionContext$.withValue(AttributionContext.scala:345)
	at com.databricks.logging.AttributionContextTracing.withAttributionContext(AttributionContextTracing.scala:144)
	at com.databricks.logging.AttributionContextTracing.withAttributionContext$(AttributionContextTracing.scala:141)
	at com.databricks.spark.util.PublicDBLogging.withAttributionContext(DatabricksSparkUsageLogger.scala:29)
	at com.databricks.logging.AttributionContextTracing.withAttributionTags(AttributionContextTracing.scala:201)
	at com.databricks.logging.AttributionContextTracing.withAttributionTags$(AttributionContextTracing.scala:182)
	at com.databricks.spark.util.PublicDBLogging.withAttributionTags(DatabricksSparkUsageLogger.scala:29)
	at com.databricks.logging.UsageLogging.$anonfun$recordOperationWithResultTags$5(UsageLogging.scala:664)
	at com.databricks.logging.UsageLogging.withOtelSpanInContext$1(UsageLogging.scala:656)
	at com.databricks.logging.UsageLogging.recordOperationWithResultTags(UsageLogging.scala:659)
	at com.databricks.logging.UsageLogging.recordOperationWithResultTags$(UsageLogging.scala:540)
	at com.databricks.spark.util.PublicDBLogging.recordOperationWithResultTags(DatabricksSparkUsageLogger.scala:29)
	at com.databricks.logging.UsageLogging.recordOperation(UsageLogging.scala:532)
	at com.databricks.logging.UsageLogging.recordOperation$(UsageLogging.scala:496)
	at com.databricks.spark.util.PublicDBLogging.recordOperation(DatabricksSparkUsageLogger.scala:29)
	at com.databricks.spark.util.PublicDBLogging.recordOperation0(DatabricksSparkUsageLogger.scala:104)
	at com.databricks.spark.util.DatabricksSparkUsageLogger.recordOperation(DatabricksSparkUsageLogger.scala:193)
	at com.databricks.spark.util.UsageLogger.recordOperation(UsageLogger.scala:78)
	at com.databricks.spark.util.UsageLogger.recordOperation$(UsageLogger.scala:65)
	at com.databricks.spark.util.DatabricksSparkUsageLogger.recordOperation(DatabricksSparkUsageLogger.scala:152)
	at com.databricks.spark.util.UsageLogging.recordOperation(UsageLogger.scala:537)
	at com.databricks.spark.util.UsageLogging.recordOperation$(UsageLogger.scala:516)
	at com.databricks.sql.transaction.tahoe.commands.CreateDeltaTableCommand.recordOperation(CreateDeltaTableCommand.scala:108)
	at com.databricks.sql.transaction.tahoe.metering.DeltaLogging.recordDeltaOperationInternal(DeltaLogging.scala:525)
	at com.databricks.sql.transaction.tahoe.metering.DeltaLogging.recordDeltaOperation(DeltaLogging.scala:515)
	at com.databricks.sql.transaction.tahoe.metering.DeltaLogging.recordDeltaOperation$(DeltaLogging.scala:504)
	at com.databricks.sql.transaction.tahoe.commands.CreateDeltaTableCommand.recordDeltaOperation(CreateDeltaTableCommand.scala:108)
	at com.databricks.sql.transaction.tahoe.commands.CreateDeltaTableCommand.run(CreateDeltaTableCommand.scala:298)
	at com.databricks.sql.transaction.tahoe.catalog.AbstractDeltaCatalog.$anonfun$createDeltaTable$1(AbstractDeltaCatalog.scala:1033)
	at com.databricks.spark.util.FrameProfiler$.$anonfun$record$1(FrameProfiler.scala:114)
	at com.databricks.spark.util.FrameProfilerExporter$.maybeExportFrameProfiler(FrameProfilerExporter.scala:201)
	at com.databricks.spark.util.FrameProfiler$.record(FrameProfiler.scala:105)
	at com.databricks.sql.transaction.tahoe.metering.DeltaLogging.recordFrameProfileWithCallSite(DeltaLogging.scala:969)
	at com.databricks.sql.transaction.tahoe.metering.DeltaLogging.recordFrameProfileWithCallSite$(DeltaLogging.scala:966)
	at com.databricks.sql.transaction.tahoe.catalog.AbstractDeltaCatalog.recordFrameProfileWithCallSite(AbstractDeltaCatalog.scala:202)
	at com.databricks.sql.transaction.tahoe.catalog.AbstractDeltaCatalog.com$databricks$sql$transaction$tahoe$catalog$AbstractDeltaCatalog$$createDeltaTable(AbstractDeltaCatalog.scala:433)
	at com.databricks.sql.transaction.tahoe.catalog.AbstractDeltaCatalog$StagedDeltaTableV2.$anonfun$commitStagedChanges$1(AbstractDeltaCatalog.scala:2511)
	at com.databricks.spark.util.FrameProfiler$.$anonfun$record$1(FrameProfiler.scala:114)
	at com.databricks.spark.util.FrameProfilerExporter$.maybeExportFrameProfiler(FrameProfilerExporter.scala:201)
	at com.databricks.spark.util.FrameProfiler$.record(FrameProfiler.scala:105)
	at com.databricks.sql.transaction.tahoe.metering.DeltaLogging.recordFrameProfileWithCallSite(DeltaLogging.scala:969)
	at com.databricks.sql.transaction.tahoe.metering.DeltaLogging.recordFrameProfileWithCallSite$(DeltaLogging.scala:966)
	at com.databricks.sql.transaction.tahoe.catalog.AbstractDeltaCatalog.recordFrameProfileWithCallSite(AbstractDeltaCatalog.scala:202)
	at com.databricks.sql.transaction.tahoe.catalog.AbstractDeltaCatalog$StagedDeltaTableV2.commitStagedChanges(AbstractDeltaCatalog.scala:2485)
	at org.apache.spark.sql.execution.datasources.v2.DataSourceV2Utils$.commitStagedChanges(DataSourceV2Utils.scala:325)
	at org.apache.spark.sql.execution.datasources.v2.V2CreateTableAsSelectBaseExec.$anonfun$writeToTable$6(WriteToDataSourceV2Exec.scala:1046)
	at scala.runtime.java8.JFunction0$mcV$sp.apply(JFunction0$mcV$sp.scala:18)
	at org.apache.spark.sql.execution.datasources.v2.WriteToDataSourceV2Exec$.handleConcurrentCreateExceptions(WriteToDataSourceV2Exec.scala:79)
	at org.apache.spark.sql.execution.datasources.v2.V2CreateTableAsSelectBaseExec.$anonfun$writeToTable$2(WriteToDataSourceV2Exec.scala:1046)
	at org.apache.spark.util.Utils$.tryWithSafeFinallyAndFailureCallbacks(Utils.scala:1726)
	at org.apache.spark.sql.execution.datasources.v2.V2CreateTableAsSelectBaseExec.$anonfun$writeToTable$1(WriteToDataSourceV2Exec.scala:1026)
	at com.databricks.spark.util.FrameProfiler$.$anonfun$record$1(FrameProfiler.scala:114)
	at com.databricks.spark.util.FrameProfilerExporter$.maybeExportFrameProfiler(FrameProfilerExporter.scala:201)
	at com.databricks.spark.util.FrameProfiler$.record(FrameProfiler.scala:105)
	at org.apache.spark.sql.execution.datasources.v2.V2CreateTableAsSelectBaseExec.writeToTable(WriteToDataSourceV2Exec.scala:1050)
	at org.apache.spark.sql.execution.datasources.v2.V2CreateTableAsSelectBaseExec.writeToTable$(WriteToDataSourceV2Exec.scala:1012)
	at org.apache.spark.sql.execution.datasources.v2.AtomicReplaceTableAsSelectExec.writeToTable(WriteToDataSourceV2Exec.scala:287)
	at org.apache.spark.sql.execution.datasources.v2.AtomicReplaceTableAsSelectExec.run(WriteToDataSourceV2Exec.scala:372)
	at org.apache.spark.sql.execution.datasources.v2.V2CommandExec.$anonfun$result$2(V2CommandExec.scala:48)
	at org.apache.spark.sql.execution.SparkPlan.runCommandInAetherOrSpark(SparkPlan.scala:202)
	at org.apache.spark.sql.execution.datasources.v2.V2CommandExec.$anonfun$result$1(V2CommandExec.scala:48)
	at com.databricks.spark.util.FrameProfiler$.$anonfun$record$1(FrameProfiler.scala:114)
	at com.databricks.spark.util.FrameProfilerExporter$.maybeExportFrameProfiler(FrameProfilerExporter.scala:201)
	at com.databricks.spark.util.FrameProfiler$.record(FrameProfiler.scala:105)
	at org.apache.spark.sql.execution.datasources.v2.V2CommandExec.result$lzycompute(V2CommandExec.scala:47)
	at org.apache.spark.sql.execution.datasources.v2.V2CommandExec.result(V2CommandExec.scala:45)
	at org.apache.spark.sql.execution.datasources.v2.V2CommandExec.executeCollect(V2CommandExec.scala:56)
	at org.apache.spark.sql.execution.QueryExecution$.$anonfun$runCommand$12(QueryExecution.scala:1968)
	at com.databricks.util.LexicalThreadLocal$Handle.runWith(LexicalThreadLocal.scala:63)
	at org.apache.spark.sql.execution.QueryExecution$.$anonfun$runCommand$11(QueryExecution.scala:1962)
	at com.databricks.util.LexicalThreadLocal$Handle.runWith(LexicalThreadLocal.scala:63)
	at org.apache.spark.sql.execution.QueryExecution$.executeWithCaches$1(QueryExecution.scala:1962)
	at org.apache.spark.sql.execution.QueryExecution$.$anonfun$runCommand$10(QueryExecution.scala:1968)
	at org.apache.spark.sql.catalyst.QueryPlanningTracker$.withTracker(QueryPlanningTracker.scala:274)
	at org.apache.spark.sql.execution.QueryExecution$.$anonfun$runCommand$9(QueryExecution.scala:1955)
	at org.apache.spark.sql.execution.SQLExecution$.$anonfun$withNewExecutionId0$24(SQLExecution.scala:1120)
	at com.databricks.sql.util.MemoryTrackerHelper.withMemoryTracking(MemoryTrackerHelper.scala:111)
	at org.apache.spark.sql.execution.SQLExecution$.$anonfun$withNewExecutionId0$21(SQLExecution.scala:1040)
	at com.databricks.unity.UCSManager$.withTemporaryScope(UCSManager.scala:168)
	at org.apache.spark.sql.execution.SQLExecution$.$anonfun$withNewExecutionId0$20(SQLExecution.scala:936)
	at org.apache.spark.sql.execution.SQLExecution$.withSessionTagsApplied(SQLExecution.scala:1580)
	at org.apache.spark.sql.execution.SQLExecution$.$anonfun$withNewExecutionId0$19(SQLExecution.scala:925)
	at org.apache.spark.JobArtifactSet$.withActiveJobArtifactState(JobArtifactSet.scala:97)
	at org.apache.spark.sql.artifact.ArtifactManager.$anonfun$withResources$1(ArtifactManager.scala:124)
	at org.apache.spark.sql.artifact.ArtifactManager.withClassLoaderIfNeeded(ArtifactManager.scala:118)
	at org.apache.spark.sql.artifact.ArtifactManager.withResources(ArtifactManager.scala:123)
	at org.apache.spark.sql.execution.SQLExecution$.$anonfun$withNewExecutionId0$18(SQLExecution.scala:925)
	at org.apache.spark.sql.execution.SQLExecution$.withSQLConfPropagated(SQLExecution.scala:1615)
	at org.apache.spark.sql.execution.SQLExecution$.$anonfun$withNewExecutionId0$1(SQLExecution.scala:924)
	at org.apache.spark.sql.SparkSession.withActive(SparkSession.scala:866)
	at org.apache.spark.sql.execution.SQLExecution$.withNewExecutionId0(SQLExecution.scala:657)
	at org.apache.spark.sql.execution.SQLExecution$.withNewExecutionId(SQLExecution.scala:1533)
	at org.apache.spark.sql.execution.QueryExecution$.$anonfun$runCommand$8(QueryExecution.scala:1955)
	at org.apache.spark.sql.execution.QueryExecution$.withInternalError(QueryExecution.scala:1822)
	at org.apache.spark.sql.execution.QueryExecution$.$anonfun$runCommand$7(QueryExecution.scala:1951)
	at org.apache.spark.sql.execution.QueryExecution.withMVTagsIfNecessary(QueryExecution.scala:710)
	at org.apache.spark.sql.execution.QueryExecution$.$anonfun$runCommand$4(QueryExecution.scala:1936)
	at scala.Option.map(Option.scala:242)
	at org.apache.spark.sql.execution.QueryExecution$.executeWithMVTags$1(QueryExecution.scala:1936)
	at org.apache.spark.sql.execution.QueryExecution$.runCommand(QueryExecution.scala:1949)
	at org.apache.spark.sql.execution.QueryExecution.org$apache$spark$sql$execution$QueryExecution$$eagerlyExecute$1(QueryExecution.scala:747)
	at org.apache.spark.sql.execution.QueryExecution$$anonfun$$nestedInanonfun$eagerlyExecuteCommands$1$1.applyOrElse(QueryExecution.scala:764)
	at org.apache.spark.sql.execution.QueryExecution$$anonfun$$nestedInanonfun$eagerlyExecuteCommands$1$1.applyOrElse(QueryExecution.scala:756)
	at org.apache.spark.sql.catalyst.trees.TreeNode.$anonfun$transformDownWithPruning$1(TreeNode.scala:610)
	at org.apache.spark.sql.catalyst.trees.CurrentOrigin$.withOrigin(origin.scala:142)
	at org.apache.spark.sql.catalyst.trees.TreeNode.transformDownWithPruning(TreeNode.scala:610)
	at org.apache.spark.sql.catalyst.plans.logical.LogicalPlan.org$apache$spark$sql$catalyst$plans$logical$AnalysisHelper$$super$transformDownWithPruning(LogicalPlan.scala:48)
	at org.apache.spark.sql.catalyst.plans.logical.AnalysisHelper.transformDownWithPruning(AnalysisHelper.scala:361)
	at org.apache.spark.sql.catalyst.plans.logical.AnalysisHelper.transformDownWithPruning$(AnalysisHelper.scala:357)
	at org.apache.spark.sql.catalyst.plans.logical.LogicalPlan.transformDownWithPruning(LogicalPlan.scala:48)
	at org.apache.spark.sql.catalyst.plans.logical.LogicalPlan.transformDownWithPruning(LogicalPlan.scala:48)
	at org.apache.spark.sql.catalyst.trees.TreeNode.transformDown(TreeNode.scala:586)
	at org.apache.spark.sql.execution.QueryExecution.$anonfun$eagerlyExecuteCommands$1(QueryExecution.scala:756)
	at org.apache.spark.sql.catalyst.plans.logical.AnalysisHelper$.allowInvokingTransformsInAnalyzer(AnalysisHelper.scala:418)
	at org.apache.spark.sql.execution.QueryExecution.eagerlyExecuteCommands(QueryExecution.scala:756)
	at org.apache.spark.sql.execution.QueryExecution.$anonfun$lazyCommandExecuted$1(QueryExecution.scala:666)
	at scala.util.Try$.apply(Try.scala:217)
	at org.apache.spark.util.Utils$.doTryWithCallerStacktrace(Utils.scala:1796)
	at org.apache.spark.util.LazyTry.tryT$lzycompute(LazyTry.scala:60)
	at org.apache.spark.util.LazyTry.tryT(LazyTry.scala:59)
	at org.apache.spark.util.LazyTry.get(LazyTry.scala:78)
	at org.apache.spark.sql.execution.QueryExecution.commandExecuted(QueryExecution.scala:671)
	at org.apache.spark.sql.execution.QueryExecution.assertCommandExecuted(QueryExecution.scala:804)
	at org.apache.spark.sql.classic.DataFrameWriter.runCommand(DataFrameWriter.scala:887)
	at org.apache.spark.sql.classic.DataFrameWriter.saveAsTable(DataFrameWriter.scala:732)
	at org.apache.spark.sql.classic.DataFrameWriter.saveAsTable(DataFrameWriter.scala:630)
	at org.apache.spark.sql.connect.planner.SparkConnectPlanner.handleWriteOperation(SparkConnectPlanner.scala:4603)
	at org.apache.spark.sql.connect.planner.SparkConnectPlanner.process(SparkConnectPlanner.scala:3782)
	at org.apache.spark.sql.connect.execution.ExecuteThreadRunner.handleCommand(ExecuteThreadRunner.scala:516)
	at org.apache.spark.sql.connect.execution.ExecuteThreadRunner.$anonfun$executeInternal$1(ExecuteThreadRunner.scala:406)
	at org.apache.spark.sql.connect.execution.ExecuteThreadRunner.$anonfun$executeInternal$1$adapted(ExecuteThreadRunner.scala:329)
	at org.apache.spark.sql.connect.service.SessionHolder.$anonfun$withSession$2(SessionHolder.scala:844)
	at org.apache.spark.sql.SparkSession.withActive(SparkSession.scala:866)
	at org.apache.spark.sql.connect.service.SessionHolder.$anonfun$withSession$1(SessionHolder.scala:844)
	at org.apache.spark.JobArtifactSet$.withActiveJobArtifactState(JobArtifactSet.scala:97)
	at org.apache.spark.sql.artifact.ArtifactManager.$anonfun$withResources$1(ArtifactManager.scala:124)
	at org.apache.spark.sql.artifact.ArtifactManager.withClassLoaderIfNeeded(ArtifactManager.scala:118)
	at org.apache.spark.sql.artifact.ArtifactManager.withResources(ArtifactManager.scala:123)
	at org.apache.spark.sql.connect.service.SessionHolder.withSession(SessionHolder.scala:843)
	at org.apache.spark.sql.connect.execution.ExecuteThreadRunner.executeInternal(ExecuteThreadRunner.scala:329)
	at org.apache.spark.sql.connect.execution.ExecuteThreadRunner.$anonfun$execute$1(ExecuteThreadRunner.scala:194)
	at scala.runtime.java8.JFunction0$mcV$sp.apply(JFunction0$mcV$sp.scala:18)
	at com.databricks.spark.connect.service.UtilizationMetrics.recordActiveQueries(UtilizationMetrics.scala:92)
	at com.databricks.spark.connect.service.UtilizationMetrics.recordActiveQueries$(UtilizationMetrics.scala:89)
	at org.apache.spark.sql.connect.execution.ExecuteThreadRunner.recordActiveQueries(ExecuteThreadRunner.scala:55)
	at org.apache.spark.sql.connect.execution.ExecuteThreadRunner.org$apache$spark$sql$connect$execution$ExecuteThreadRunner$$execute(ExecuteThreadRunner.scala:186)
	at org.apache.spark.sql.connect.execution.ExecuteThreadRunner$ExecutionThread.$anonfun$run$3(ExecuteThreadRunner.scala:587)
	at scala.runtime.java8.JFunction0$mcV$sp.apply(JFunction0$mcV$sp.scala:18)
	at com.databricks.logging.AttributionContext$.$anonfun$withValue$1(AttributionContext.scala:349)
	at scala.util.DynamicVariable.withValue(DynamicVariable.scala:59)
	at com.databricks.logging.AttributionContext$.withValue(AttributionContext.scala:345)
	at com.databricks.spark.util.DatabricksTracingHelper.$anonfun$withSpanFromParent$4(DatabricksSparkTracingHelper.scala:106)
	at com.databricks.util.TracingSpanUtils$.withTracing(TracingSpanUtils.scala:100)
	at com.databricks.spark.util.DatabricksTracingHelper.withSpanFromParent(DatabricksSparkTracingHelper.scala:104)
	at com.databricks.spark.util.DBRTracing$.withSpanFromParent(DBRTracing.scala:68)
	at org.apache.spark.sql.connect.execution.ExecuteThreadRunner$ExecutionThread.$anonfun$run$2(ExecuteThreadRunner.scala:587)
	at scala.runtime.java8.JFunction0$mcV$sp.apply(JFunction0$mcV$sp.scala:18)
	at com.databricks.unity.UCSEphemeralState$Handle.runWith(UCSEphemeralState.scala:51)
	at com.databricks.unity.HandleImpl.runWith(UCSHandle.scala:128)
	at com.databricks.unity.HandleImpl.$anonfun$runWithAndClose$1(UCSHandle.scala:133)
	at scala.util.Using$.resource(Using.scala:296)
	at com.databricks.unity.HandleImpl.runWithAndClose(UCSHandle.scala:132)
	at org.apache.spark.sql.connect.execution.ExecuteThreadRunner$ExecutionThread.run(ExecuteThreadRunner.scala:586)
2026-07-17 18:52:21,028 | ERROR | Error in pipeline : [DELTA_FAILED_TO_MERGE_FIELDS] Failed to merge fields 'tpep_pickup_datetime' and 'tpep_pickup_datetime'.

JVM stacktrace:
com.databricks.sql.transaction.tahoe.DeltaAnalysisException
	at com.databricks.sql.transaction.tahoe.schema.SchemaMergingUtils$.$anonfun$mergeDataTypes$1(SchemaMergingUtils.scala:232)
	at scala.collection.ArrayOps$.map$extension(ArrayOps.scala:936)
	at com.databricks.sql.transaction.tahoe.schema.SchemaMergingUtils$.merge$1(SchemaMergingUtils.scala:218)
	at com.databricks.sql.transaction.tahoe.schema.SchemaMergingUtils$.mergeDataTypes(SchemaMergingUtils.scala:336)
	at com.databricks.sql.transaction.tahoe.schema.SchemaMergingUtils$.mergeSchemas(SchemaMergingUtils.scala:180)
	at com.databricks.sql.transaction.tahoe.schema.ImplicitMetadataOperation$.mergeSchema(ImplicitMetadataOperation.scala:367)
	at com.databricks.sql.transaction.tahoe.schema.ImplicitMetadataOperation.updateMetadata(ImplicitMetadataOperation.scala:113)
	at com.databricks.sql.transaction.tahoe.schema.ImplicitMetadataOperation.updateMetadata$(ImplicitMetadataOperation.scala:92)
	at com.databricks.sql.transaction.tahoe.commands.WriteIntoDeltaEdge.updateMetadata(WriteIntoDeltaEdge.scala:137)
	at com.databricks.sql.transaction.tahoe.commands.WriteIntoDeltaEdge.writeAndReturnCommitDataAndMaterializationPlans(WriteIntoDeltaEdge.scala:548)
	at com.databricks.sql.transaction.tahoe.commands.WriteIntoDeltaEdge.writeAndReturnCommitData(WriteIntoDeltaEdge.scala:369)
	at com.databricks.sql.transaction.tahoe.commands.CreateDeltaTableCommand.doDeltaWrite$1(CreateDeltaTableCommand.scala:751)
	at com.databricks.sql.transaction.tahoe.commands.CreateDeltaTableCommand.handleCreateTableAsSelect(CreateDeltaTableCommand.scala:899)
	at com.databricks.sql.transaction.tahoe.commands.CreateDeltaTableCommand.$anonfun$handleCommit$1(CreateDeltaTableCommand.scala:461)
	at com.databricks.sql.transaction.tahoe.OptimisticTransaction$.withActive(OptimisticTransaction.scala:300)
	at com.databricks.sql.transaction.tahoe.commands.CreateDeltaTableCommand.handleCommit(CreateDeltaTableCommand.scala:441)
	at com.databricks.sql.transaction.tahoe.commands.CreateDeltaTableCommand.$anonfun$run$9(CreateDeltaTableCommand.scala:344)
	at com.databricks.sql.transaction.tahoe.metering.DeltaLogging.withOperationTypeTag(DeltaLogging.scala:854)
	at com.databricks.sql.transaction.tahoe.metering.DeltaLogging.withOperationTypeTag$(DeltaLogging.scala:841)
	at com.databricks.sql.transaction.tahoe.commands.CreateDeltaTableCommand.withOperationTypeTag(CreateDeltaTableCommand.scala:108)
	at com.databricks.sql.transaction.tahoe.metering.DeltaLogging.$anonfun$recordDeltaOperationInternal$2(DeltaLogging.scala:527)
	at com.databricks.spark.util.FrameProfiler$.$anonfun$record$1(FrameProfiler.scala:114)
	at com.databricks.spark.util.FrameProfilerExporter$.maybeExportFrameProfiler(FrameProfilerExporter.scala:201)
	at com.databricks.spark.util.FrameProfiler$.record(FrameProfiler.scala:105)
	at com.databricks.sql.transaction.tahoe.metering.DeltaLogging.recordFrameProfileWithCallSite(DeltaLogging.scala:969)
	at com.databricks.sql.transaction.tahoe.metering.DeltaLogging.recordFrameProfileWithCallSite$(DeltaLogging.scala:966)
	at com.databricks.sql.transaction.tahoe.commands.CreateDeltaTableCommand.recordFrameProfileWithCallSite(CreateDeltaTableCommand.scala:108)
	at com.databricks.sql.transaction.tahoe.metering.DeltaLogging.$anonfun$recordDeltaOperationInternal$1(DeltaLogging.scala:526)
	at com.databricks.logging.UsageLogging.$anonfun$recordOperation$1(UsageLogging.scala:531)
	at com.databricks.logging.UsageLogging.executeThunkAndCaptureResultTags$1(UsageLogging.scala:669)
	at com.databricks.logging.UsageLogging.$anonfun$recordOperationWithResultTags$6(UsageLogging.scala:696)
	at com.databricks.logging.AttributionContextTracing.$anonfun$withAttributionContext$1(AttributionContextTracing.scala:146)
	at com.databricks.logging.AttributionContext$.$anonfun$withValue$1(AttributionContext.scala:349)
	at scala.util.DynamicVariable.withValue(DynamicVariable.scala:59)
	at com.databricks.logging.AttributionContext$.withValue(AttributionContext.scala:345)
	at com.databricks.logging.AttributionContextTracing.withAttributionContext(AttributionContextTracing.scala:144)
	at com.databricks.logging.AttributionContextTracing.withAttributionContext$(AttributionContextTracing.scala:141)
	at com.databricks.spark.util.PublicDBLogging.withAttributionContext(DatabricksSparkUsageLogger.scala:29)
	at com.databricks.logging.AttributionContextTracing.withAttributionTags(AttributionContextTracing.scala:201)
	at com.databricks.logging.AttributionContextTracing.withAttributionTags$(AttributionContextTracing.scala:182)
	at com.databricks.spark.util.PublicDBLogging.withAttributionTags(DatabricksSparkUsageLogger.scala:29)
	at com.databricks.logging.UsageLogging.$anonfun$recordOperationWithResultTags$5(UsageLogging.scala:664)
	at com.databricks.logging.UsageLogging.withOtelSpanInContext$1(UsageLogging.scala:656)
	at com.databricks.logging.UsageLogging.recordOperationWithResultTags(UsageLogging.scala:659)
	at com.databricks.logging.UsageLogging.recordOperationWithResultTags$(UsageLogging.scala:540)
	at com.databricks.spark.util.PublicDBLogging.recordOperationWithResultTags(DatabricksSparkUsageLogger.scala:29)
	at com.databricks.logging.UsageLogging.recordOperation(UsageLogging.scala:532)
	at com.databricks.logging.UsageLogging.recordOperation$(UsageLogging.scala:496)
	at com.databricks.spark.util.PublicDBLogging.recordOperation(DatabricksSparkUsageLogger.scala:29)
	at com.databricks.spark.util.PublicDBLogging.recordOperation0(DatabricksSparkUsageLogger.scala:104)
	at com.databricks.spark.util.DatabricksSparkUsageLogger.recordOperation(DatabricksSparkUsageLogger.scala:193)
	at com.databricks.spark.util.UsageLogger.recordOperation(UsageLogger.scala:78)
	at com.databricks.spark.util.UsageLogger.recordOperation$(UsageLogger.scala:65)
	at com.databricks.spark.util.DatabricksSparkUsageLogger.recordOperation(DatabricksSparkUsageLogger.scala:152)
	at com.databricks.spark.util.UsageLogging.recordOperation(UsageLogger.scala:537)
	at com.databricks.spark.util.UsageLogging.recordOperation$(UsageLogger.scala:516)
	at com.databricks.sql.transaction.tahoe.commands.CreateDeltaTableCommand.recordOperation(CreateDeltaTableCommand.scala:108)
	at com.databricks.sql.transaction.tahoe.metering.DeltaLogging.recordDeltaOperationInternal(DeltaLogging.scala:525)
	at com.databricks.sql.transaction.tahoe.metering.DeltaLogging.recordDeltaOperation(DeltaLogging.scala:515)
	at com.databricks.sql.transaction.tahoe.metering.DeltaLogging.recordDeltaOperation$(DeltaLogging.scala:504)
	at com.databricks.sql.transaction.tahoe.commands.CreateDeltaTableCommand.recordDeltaOperation(CreateDeltaTableCommand.scala:108)
	at com.databricks.sql.transaction.tahoe.commands.CreateDeltaTableCommand.run(CreateDeltaTableCommand.scala:298)
	at com.databricks.sql.transaction.tahoe.catalog.AbstractDeltaCatalog.$anonfun$createDeltaTable$1(AbstractDeltaCatalog.scala:1033)
	at com.databricks.spark.util.FrameProfiler$.$anonfun$record$1(FrameProfiler.scala:114)
	at com.databricks.spark.util.FrameProfilerExporter$.maybeExportFrameProfiler(FrameProfilerExporter.scala:201)
	at com.databricks.spark.util.FrameProfiler$.record(FrameProfiler.scala:105)
	at com.databricks.sql.transaction.tahoe.metering.DeltaLogging.recordFrameProfileWithCallSite(DeltaLogging.scala:969)
	at com.databricks.sql.transaction.tahoe.metering.DeltaLogging.recordFrameProfileWithCallSite$(DeltaLogging.scala:966)
	at com.databricks.sql.transaction.tahoe.catalog.AbstractDeltaCatalog.recordFrameProfileWithCallSite(AbstractDeltaCatalog.scala:202)
	at com.databricks.sql.transaction.tahoe.catalog.AbstractDeltaCatalog.com$databricks$sql$transaction$tahoe$catalog$AbstractDeltaCatalog$$createDeltaTable(AbstractDeltaCatalog.scala:433)
	at com.databricks.sql.transaction.tahoe.catalog.AbstractDeltaCatalog$StagedDeltaTableV2.$anonfun$commitStagedChanges$1(AbstractDeltaCatalog.scala:2511)
	at com.databricks.spark.util.FrameProfiler$.$anonfun$record$1(FrameProfiler.scala:114)
	at com.databricks.spark.util.FrameProfilerExporter$.maybeExportFrameProfiler(FrameProfilerExporter.scala:201)
	at com.databricks.spark.util.FrameProfiler$.record(FrameProfiler.scala:105)
	at com.databricks.sql.transaction.tahoe.metering.DeltaLogging.recordFrameProfileWithCallSite(DeltaLogging.scala:969)
	at com.databricks.sql.transaction.tahoe.metering.DeltaLogging.recordFrameProfileWithCallSite$(DeltaLogging.scala:966)
	at com.databricks.sql.transaction.tahoe.catalog.AbstractDeltaCatalog.recordFrameProfileWithCallSite(AbstractDeltaCatalog.scala:202)
	at com.databricks.sql.transaction.tahoe.catalog.AbstractDeltaCatalog$StagedDeltaTableV2.commitStagedChanges(AbstractDeltaCatalog.scala:2485)
	at org.apache.spark.sql.execution.datasources.v2.DataSourceV2Utils$.commitStagedChanges(DataSourceV2Utils.scala:325)
	at org.apache.spark.sql.execution.datasources.v2.V2CreateTableAsSelectBaseExec.$anonfun$writeToTable$6(WriteToDataSourceV2Exec.scala:1046)
	at scala.runtime.java8.JFunction0$mcV$sp.apply(JFunction0$mcV$sp.scala:18)
	at org.apache.spark.sql.execution.datasources.v2.WriteToDataSourceV2Exec$.handleConcurrentCreateExceptions(WriteToDataSourceV2Exec.scala:79)
	at org.apache.spark.sql.execution.datasources.v2.V2CreateTableAsSelectBaseExec.$anonfun$writeToTable$2(WriteToDataSourceV2Exec.scala:1046)
	at org.apache.spark.util.Utils$.tryWithSafeFinallyAndFailureCallbacks(Utils.scala:1726)
	at org.apache.spark.sql.execution.datasources.v2.V2CreateTableAsSelectBaseExec.$anonfun$writeToTable$1(WriteToDataSourceV2Exec.scala:1026)
	at com.databricks.spark.util.FrameProfiler$.$anonfun$record$1(FrameProfiler.scala:114)
	at com.databricks.spark.util.FrameProfilerExporter$.maybeExportFrameProfiler(FrameProfilerExporter.scala:201)
	at com.databricks.spark.util.FrameProfiler$.record(FrameProfiler.scala:105)
	at org.apache.spark.sql.execution.datasources.v2.V2CreateTableAsSelectBaseExec.writeToTable(WriteToDataSourceV2Exec.scala:1050)
	at org.apache.spark.sql.execution.datasources.v2.V2CreateTableAsSelectBaseExec.writeToTable$(WriteToDataSourceV2Exec.scala:1012)
	at org.apache.spark.sql.execution.datasources.v2.AtomicReplaceTableAsSelectExec.writeToTable(WriteToDataSourceV2Exec.scala:287)
	at org.apache.spark.sql.execution.datasources.v2.AtomicReplaceTableAsSelectExec.run(WriteToDataSourceV2Exec.scala:372)
	at org.apache.spark.sql.execution.datasources.v2.V2CommandExec.$anonfun$result$2(V2CommandExec.scala:48)
	at org.apache.spark.sql.execution.SparkPlan.runCommandInAetherOrSpark(SparkPlan.scala:202)
	at org.apache.spark.sql.execution.datasources.v2.V2CommandExec.$anonfun$result$1(V2CommandExec.scala:48)
	at com.databricks.spark.util.FrameProfiler$.$anonfun$record$1(FrameProfiler.scala:114)
	at com.databricks.spark.util.FrameProfilerExporter$.maybeExportFrameProfiler(FrameProfilerExporter.scala:201)
	at com.databricks.spark.util.FrameProfiler$.record(FrameProfiler.scala:105)
	at org.apache.spark.sql.execution.datasources.v2.V2CommandExec.result$lzycompute(V2CommandExec.scala:47)
	at org.apache.spark.sql.execution.datasources.v2.V2CommandExec.result(V2CommandExec.scala:45)
	at org.apache.spark.sql.execution.datasources.v2.V2CommandExec.executeCollect(V2CommandExec.scala:56)
	at org.apache.spark.sql.execution.QueryExecution$.$anonfun$runCommand$12(QueryExecution.scala:1968)
	at com.databricks.util.LexicalThreadLocal$Handle.runWith(LexicalThreadLocal.scala:63)
	at org.apache.spark.sql.execution.QueryExecution$.$anonfun$runCommand$11(QueryExecution.scala:1962)
	at com.databricks.util.LexicalThreadLocal$Handle.runWith(LexicalThreadLocal.scala:63)
	at org.apache.spark.sql.execution.QueryExecution$.executeWithCaches$1(QueryExecution.scala:1962)
	at org.apache.spark.sql.execution.QueryExecution$.$anonfun$runCommand$10(QueryExecution.scala:1968)
	at org.apache.spark.sql.catalyst.QueryPlanningTracker$.withTracker(QueryPlanningTracker.scala:274)
	at org.apache.spark.sql.execution.QueryExecution$.$anonfun$runCommand$9(QueryExecution.scala:1955)
	at org.apache.spark.sql.execution.SQLExecution$.$anonfun$withNewExecutionId0$24(SQLExecution.scala:1120)
	at com.databricks.sql.util.MemoryTrackerHelper.withMemoryTracking(MemoryTrackerHelper.scala:111)
	at org.apache.spark.sql.execution.SQLExecution$.$anonfun$withNewExecutionId0$21(SQLExecution.scala:1040)
	at com.databricks.unity.UCSManager$.withTemporaryScope(UCSManager.scala:168)
	at org.apache.spark.sql.execution.SQLExecution$.$anonfun$withNewExecutionId0$20(SQLExecution.scala:936)
	at org.apache.spark.sql.execution.SQLExecution$.withSessionTagsApplied(SQLExecution.scala:1580)
	at org.apache.spark.sql.execution.SQLExecution$.$anonfun$withNewExecutionId0$19(SQLExecution.scala:925)
	at org.apache.spark.JobArtifactSet$.withActiveJobArtifactState(JobArtifactSet.scala:97)
	at org.apache.spark.sql.artifact.ArtifactManager.$anonfun$withResources$1(ArtifactManager.scala:124)
	at org.apache.spark.sql.artifact.ArtifactManager.withClassLoaderIfNeeded(ArtifactManager.scala:118)
	at org.apache.spark.sql.artifact.ArtifactManager.withResources(ArtifactManager.scala:123)
	at org.apache.spark.sql.execution.SQLExecution$.$anonfun$withNewExecutionId0$18(SQLExecution.scala:925)
	at org.apache.spark.sql.execution.SQLExecution$.withSQLConfPropagated(SQLExecution.scala:1615)
	at org.apache.spark.sql.execution.SQLExecution$.$anonfun$withNewExecutionId0$1(SQLExecution.scala:924)
	at org.apache.spark.sql.SparkSession.withActive(SparkSession.scala:866)
	at org.apache.spark.sql.execution.SQLExecution$.withNewExecutionId0(SQLExecution.scala:657)
	at org.apache.spark.sql.execution.SQLExecution$.withNewExecutionId(SQLExecution.scala:1533)
	at org.apache.spark.sql.execution.QueryExecution$.$anonfun$runCommand$8(QueryExecution.scala:1955)
	at org.apache.spark.sql.execution.QueryExecution$.withInternalError(QueryExecution.scala:1822)
	at org.apache.spark.sql.execution.QueryExecution$.$anonfun$runCommand$7(QueryExecution.scala:1951)
	at org.apache.spark.sql.execution.QueryExecution.withMVTagsIfNecessary(QueryExecution.scala:710)
	at org.apache.spark.sql.execution.QueryExecution$.$anonfun$runCommand$4(QueryExecution.scala:1936)
	at scala.Option.map(Option.scala:242)
	at org.apache.spark.sql.execution.QueryExecution$.executeWithMVTags$1(QueryExecution.scala:1936)
	at org.apache.spark.sql.execution.QueryExecution$.runCommand(QueryExecution.scala:1949)
	at org.apache.spark.sql.execution.QueryExecution.org$apache$spark$sql$execution$QueryExecution$$eagerlyExecute$1(QueryExecution.scala:747)
	at org.apache.spark.sql.execution.QueryExecution$$anonfun$$nestedInanonfun$eagerlyExecuteCommands$1$1.applyOrElse(QueryExecution.scala:764)
	at org.apache.spark.sql.execution.QueryExecution$$anonfun$$nestedInanonfun$eagerlyExecuteCommands$1$1.applyOrElse(QueryExecution.scala:756)
	at org.apache.spark.sql.catalyst.trees.TreeNode.$anonfun$transformDownWithPruning$1(TreeNode.scala:610)
	at org.apache.spark.sql.catalyst.trees.CurrentOrigin$.withOrigin(origin.scala:142)
	at org.apache.spark.sql.catalyst.trees.TreeNode.transformDownWithPruning(TreeNode.scala:610)
	at org.apache.spark.sql.catalyst.plans.logical.LogicalPlan.org$apache$spark$sql$catalyst$plans$logical$AnalysisHelper$$super$transformDownWithPruning(LogicalPlan.scala:48)
	at org.apache.spark.sql.catalyst.plans.logical.AnalysisHelper.transformDownWithPruning(AnalysisHelper.scala:361)
	at org.apache.spark.sql.catalyst.plans.logical.AnalysisHelper.transformDownWithPruning$(AnalysisHelper.scala:357)
	at org.apache.spark.sql.catalyst.plans.logical.LogicalPlan.transformDownWithPruning(LogicalPlan.scala:48)
	at org.apache.spark.sql.catalyst.plans.logical.LogicalPlan.transformDownWithPruning(LogicalPlan.scala:48)
	at org.apache.spark.sql.catalyst.trees.TreeNode.transformDown(TreeNode.scala:586)
	at org.apache.spark.sql.execution.QueryExecution.$anonfun$eagerlyExecuteCommands$1(QueryExecution.scala:756)
	at org.apache.spark.sql.catalyst.plans.logical.AnalysisHelper$.allowInvokingTransformsInAnalyzer(AnalysisHelper.scala:418)
	at org.apache.spark.sql.execution.QueryExecution.eagerlyExecuteCommands(QueryExecution.scala:756)
	at org.apache.spark.sql.execution.QueryExecution.$anonfun$lazyCommandExecuted$1(QueryExecution.scala:666)
	at scala.util.Try$.apply(Try.scala:217)
	at org.apache.spark.util.Utils$.doTryWithCallerStacktrace(Utils.scala:1796)
	at org.apache.spark.util.Utils$.getTryWithCallerStacktrace(Utils.scala:1846)
	at org.apache.spark.util.LazyTry.get(LazyTry.scala:78)
	at org.apache.spark.sql.execution.QueryExecution.commandExecuted(QueryExecution.scala:671)
	at org.apache.spark.sql.execution.QueryExecution.assertCommandExecuted(QueryExecution.scala:804)
	at org.apache.spark.sql.classic.DataFrameWriter.runCommand(DataFrameWriter.scala:887)
	at org.apache.spark.sql.classic.DataFrameWriter.saveAsTable(DataFrameWriter.scala:732)
	at org.apache.spark.sql.classic.DataFrameWriter.saveAsTable(DataFrameWriter.scala:630)
	at org.apache.spark.sql.connect.planner.SparkConnectPlanner.handleWriteOperation(SparkConnectPlanner.scala:4603)
	at org.apache.spark.sql.connect.planner.SparkConnectPlanner.process(SparkConnectPlanner.scala:3782)
	at org.apache.spark.sql.connect.execution.ExecuteThreadRunner.handleCommand(ExecuteThreadRunner.scala:516)
	at org.apache.spark.sql.connect.execution.ExecuteThreadRunner.$anonfun$executeInternal$1(ExecuteThreadRunner.scala:406)
	at org.apache.spark.sql.connect.execution.ExecuteThreadRunner.$anonfun$executeInternal$1$adapted(ExecuteThreadRunner.scala:329)
	at org.apache.spark.sql.connect.service.SessionHolder.$anonfun$withSession$2(SessionHolder.scala:844)
	at org.apache.spark.sql.SparkSession.withActive(SparkSession.scala:866)
	at org.apache.spark.sql.connect.service.SessionHolder.$anonfun$withSession$1(SessionHolder.scala:844)
	at org.apache.spark.JobArtifactSet$.withActiveJobArtifactState(JobArtifactSet.scala:97)
	at org.apache.spark.sql.artifact.ArtifactManager.$anonfun$withResources$1(ArtifactManager.scala:124)
	at org.apache.spark.sql.artifact.ArtifactManager.withClassLoaderIfNeeded(ArtifactManager.scala:118)
	at org.apache.spark.sql.artifact.ArtifactManager.withResources(ArtifactManager.scala:123)
	at org.apache.spark.sql.connect.service.SessionHolder.withSession(SessionHolder.scala:843)
	at org.apache.spark.sql.connect.execution.ExecuteThreadRunner.executeInternal(ExecuteThreadRunner.scala:329)
	at org.apache.spark.sql.connect.execution.ExecuteThreadRunner.$anonfun$execute$1(ExecuteThreadRunner.scala:194)
	at scala.runtime.java8.JFunction0$mcV$sp.apply(JFunction0$mcV$sp.scala:18)
	at com.databricks.spark.connect.service.UtilizationMetrics.recordActiveQueries(UtilizationMetrics.scala:92)
	at com.databricks.spark.connect.service.UtilizationMetrics.recordActiveQueries$(UtilizationMetrics.scala:89)
	at org.apache.spark.sql.connect.execution.ExecuteThreadRunner.recordActiveQueries(ExecuteThreadRunner.scala:55)
	at org.apache.spark.sql.connect.execution.ExecuteThreadRunner.org$apache$spark$sql$connect$execution$ExecuteThreadRunner$$execute(ExecuteThreadRunner.scala:186)
	at org.apache.spark.sql.connect.execution.ExecuteThreadRunner$ExecutionThread.$anonfun$run$3(ExecuteThreadRunner.scala:587)
	at scala.runtime.java8.JFunction0$mcV$sp.apply(JFunction0$mcV$sp.scala:18)
	at com.databricks.logging.AttributionContext$.$anonfun$withValue$1(AttributionContext.scala:349)
	at scala.util.DynamicVariable.withValue(DynamicVariable.scala:59)
	at com.databricks.logging.AttributionContext$.withValue(AttributionContext.scala:345)
	at com.databricks.spark.util.DatabricksTracingHelper.$anonfun$withSpanFromParent$4(DatabricksSparkTracingHelper.scala:106)
	at com.databricks.util.TracingSpanUtils$.withTracing(TracingSpanUtils.scala:100)
	at com.databricks.spark.util.DatabricksTracingHelper.withSpanFromParent(DatabricksSparkTracingHelper.scala:104)
	at com.databricks.spark.util.DBRTracing$.withSpanFromParent(DBRTracing.scala:68)
	at org.apache.spark.sql.connect.execution.ExecuteThreadRunner$ExecutionThread.$anonfun$run$2(ExecuteThreadRunner.scala:587)
	at scala.runtime.java8.JFunction0$mcV$sp.apply(JFunction0$mcV$sp.scala:18)
	at com.databricks.unity.UCSEphemeralState$Handle.runWith(UCSEphemeralState.scala:51)
	at com.databricks.unity.HandleImpl.runWith(UCSHandle.scala:128)
	at com.databricks.unity.HandleImpl.$anonfun$runWithAndClose$1(UCSHandle.scala:133)
	at scala.util.Using$.resource(Using.scala:296)
	at com.databricks.unity.HandleImpl.runWithAndClose(UCSHandle.scala:132)
	at org.apache.spark.sql.connect.execution.ExecuteThreadRunner$ExecutionThread.run(ExecuteThreadRunner.scala:586)
Caused by: com.databricks.sql.transaction.tahoe.DeltaAnalysisException: [DELTA_MERGE_INCOMPATIBLE_DATATYPE] Failed to merge incompatible data types TimestampType and TimestampNTZType.
	at com.databricks.sql.transaction.tahoe.schema.SchemaMergingUtils$.merge$1(SchemaMergingUtils.scala:332)
	at com.databricks.sql.transaction.tahoe.schema.SchemaMergingUtils$.$anonfun$mergeDataTypes$1(SchemaMergingUtils.scala:227)
	at scala.collection.ArrayOps$.map$extension(ArrayOps.scala:936)
	at com.databricks.sql.transaction.tahoe.schema.SchemaMergingUtils$.merge$1(SchemaMergingUtils.scala:218)
	at com.databricks.sql.transaction.tahoe.schema.SchemaMergingUtils$.mergeDataTypes(SchemaMergingUtils.scala:336)
	at com.databricks.sql.transaction.tahoe.schema.SchemaMergingUtils$.mergeSchemas(SchemaMergingUtils.scala:180)
	at com.databricks.sql.transaction.tahoe.schema.ImplicitMetadataOperation$.mergeSchema(ImplicitMetadataOperation.scala:367)
	at com.databricks.sql.transaction.tahoe.schema.ImplicitMetadataOperation.updateMetadata(ImplicitMetadataOperation.scala:113)
	at com.databricks.sql.transaction.tahoe.schema.ImplicitMetadataOperation.updateMetadata$(ImplicitMetadataOperation.scala:92)
	at com.databricks.sql.transaction.tahoe.commands.WriteIntoDeltaEdge.updateMetadata(WriteIntoDeltaEdge.scala:137)
	at com.databricks.sql.transaction.tahoe.commands.WriteIntoDeltaEdge.writeAndReturnCommitDataAndMaterializationPlans(WriteIntoDeltaEdge.scala:548)
	at com.databricks.sql.transaction.tahoe.commands.WriteIntoDeltaEdge.writeAndReturnCommitData(WriteIntoDeltaEdge.scala:369)
	at com.databricks.sql.transaction.tahoe.commands.CreateDeltaTableCommand.doDeltaWrite$1(CreateDeltaTableCommand.scala:751)
	at com.databricks.sql.transaction.tahoe.commands.CreateDeltaTableCommand.handleCreateTableAsSelect(CreateDeltaTableCommand.scala:899)
	at com.databricks.sql.transaction.tahoe.commands.CreateDeltaTableCommand.$anonfun$handleCommit$1(CreateDeltaTableCommand.scala:461)
	at com.databricks.sql.transaction.tahoe.OptimisticTransaction$.withActive(OptimisticTransaction.scala:300)
	at com.databricks.sql.transaction.tahoe.commands.CreateDeltaTableCommand.handleCommit(CreateDeltaTableCommand.scala:441)
	at com.databricks.sql.transaction.tahoe.commands.CreateDeltaTableCommand.$anonfun$run$9(CreateDeltaTableCommand.scala:344)
	at com.databricks.sql.transaction.tahoe.metering.DeltaLogging.withOperationTypeTag(DeltaLogging.scala:854)
	at com.databricks.sql.transaction.tahoe.metering.DeltaLogging.withOperationTypeTag$(DeltaLogging.scala:841)
	at com.databricks.sql.transaction.tahoe.commands.CreateDeltaTableCommand.withOperationTypeTag(CreateDeltaTableCommand.scala:108)
	at com.databricks.sql.transaction.tahoe.metering.DeltaLogging.$anonfun$recordDeltaOperationInternal$2(DeltaLogging.scala:527)
	at com.databricks.spark.util.FrameProfiler$.$anonfun$record$1(FrameProfiler.scala:114)
	at com.databricks.spark.util.FrameProfilerExporter$.maybeExportFrameProfiler(FrameProfilerExporter.scala:201)
	at com.databricks.spark.util.FrameProfiler$.record(FrameProfiler.scala:105)
	at com.databricks.sql.transaction.tahoe.metering.DeltaLogging.recordFrameProfileWithCallSite(DeltaLogging.scala:969)
	at com.databricks.sql.transaction.tahoe.metering.DeltaLogging.recordFrameProfileWithCallSite$(DeltaLogging.scala:966)
	at com.databricks.sql.transaction.tahoe.commands.CreateDeltaTableCommand.recordFrameProfileWithCallSite(CreateDeltaTableCommand.scala:108)
	at com.databricks.sql.transaction.tahoe.metering.DeltaLogging.$anonfun$recordDeltaOperationInternal$1(DeltaLogging.scala:526)
	at com.databricks.logging.UsageLogging.$anonfun$recordOperation$1(UsageLogging.scala:531)
	at com.databricks.logging.UsageLogging.executeThunkAndCaptureResultTags$1(UsageLogging.scala:669)
	at com.databricks.logging.UsageLogging.$anonfun$recordOperationWithResultTags$6(UsageLogging.scala:696)
	at com.databricks.logging.AttributionContextTracing.$anonfun$withAttributionContext$1(AttributionContextTracing.scala:146)
	at com.databricks.logging.AttributionContext$.$anonfun$withValue$1(AttributionContext.scala:349)
	at scala.util.DynamicVariable.withValue(DynamicVariable.scala:59)
	at com.databricks.logging.AttributionContext$.withValue(AttributionContext.scala:345)
	at com.databricks.logging.AttributionContextTracing.withAttributionContext(AttributionContextTracing.scala:144)
	at com.databricks.logging.AttributionContextTracing.withAttributionContext$(AttributionContextTracing.scala:141)
	at com.databricks.spark.util.PublicDBLogging.withAttributionContext(DatabricksSparkUsageLogger.scala:29)
	at com.databricks.logging.AttributionContextTracing.withAttributionTags(AttributionContextTracing.scala:201)
	at com.databricks.logging.AttributionContextTracing.withAttributionTags$(AttributionContextTracing.scala:182)
	at com.databricks.spark.util.PublicDBLogging.withAttributionTags(DatabricksSparkUsageLogger.scala:29)
	at com.databricks.logging.UsageLogging.$anonfun$recordOperationWithResultTags$5(UsageLogging.scala:664)
	at com.databricks.logging.UsageLogging.withOtelSpanInContext$1(UsageLogging.scala:656)
	at com.databricks.logging.UsageLogging.recordOperationWithResultTags(UsageLogging.scala:659)
	at com.databricks.logging.UsageLogging.recordOperationWithResultTags$(UsageLogging.scala:540)
	at com.databricks.spark.util.PublicDBLogging.recordOperationWithResultTags(DatabricksSparkUsageLogger.scala:29)
	at com.databricks.logging.UsageLogging.recordOperation(UsageLogging.scala:532)
	at com.databricks.logging.UsageLogging.recordOperation$(UsageLogging.scala:496)
	at com.databricks.spark.util.PublicDBLogging.recordOperation(DatabricksSparkUsageLogger.scala:29)
	at com.databricks.spark.util.PublicDBLogging.recordOperation0(DatabricksSparkUsageLogger.scala:104)
	at com.databricks.spark.util.DatabricksSparkUsageLogger.recordOperation(DatabricksSparkUsageLogger.scala:193)
	at com.databricks.spark.util.UsageLogger.recordOperation(UsageLogger.scala:78)
	at com.databricks.spark.util.UsageLogger.recordOperation$(UsageLogger.scala:65)
	at com.databricks.spark.util.DatabricksSparkUsageLogger.recordOperation(DatabricksSparkUsageLogger.scala:152)
	at com.databricks.spark.util.UsageLogging.recordOperation(UsageLogger.scala:537)
	at com.databricks.spark.util.UsageLogging.recordOperation$(UsageLogger.scala:516)
	at com.databricks.sql.transaction.tahoe.commands.CreateDeltaTableCommand.recordOperation(CreateDeltaTableCommand.scala:108)
	at com.databricks.sql.transaction.tahoe.metering.DeltaLogging.recordDeltaOperationInternal(DeltaLogging.scala:525)
	at com.databricks.sql.transaction.tahoe.metering.DeltaLogging.recordDeltaOperation(DeltaLogging.scala:515)
	at com.databricks.sql.transaction.tahoe.metering.DeltaLogging.recordDeltaOperation$(DeltaLogging.scala:504)
	at com.databricks.sql.transaction.tahoe.commands.CreateDeltaTableCommand.recordDeltaOperation(CreateDeltaTableCommand.scala:108)
	at com.databricks.sql.transaction.tahoe.commands.CreateDeltaTableCommand.run(CreateDeltaTableCommand.scala:298)
	at com.databricks.sql.transaction.tahoe.catalog.AbstractDeltaCatalog.$anonfun$createDeltaTable$1(AbstractDeltaCatalog.scala:1033)
	at com.databricks.spark.util.FrameProfiler$.$anonfun$record$1(FrameProfiler.scala:114)
	at com.databricks.spark.util.FrameProfilerExporter$.maybeExportFrameProfiler(FrameProfilerExporter.scala:201)
	at com.databricks.spark.util.FrameProfiler$.record(FrameProfiler.scala:105)
	at com.databricks.sql.transaction.tahoe.metering.DeltaLogging.recordFrameProfileWithCallSite(DeltaLogging.scala:969)
	at com.databricks.sql.transaction.tahoe.metering.DeltaLogging.recordFrameProfileWithCallSite$(DeltaLogging.scala:966)
	at com.databricks.sql.transaction.tahoe.catalog.AbstractDeltaCatalog.recordFrameProfileWithCallSite(AbstractDeltaCatalog.scala:202)
	at com.databricks.sql.transaction.tahoe.catalog.AbstractDeltaCatalog.com$databricks$sql$transaction$tahoe$catalog$AbstractDeltaCatalog$$createDeltaTable(AbstractDeltaCatalog.scala:433)
	at com.databricks.sql.transaction.tahoe.catalog.AbstractDeltaCatalog$StagedDeltaTableV2.$anonfun$commitStagedChanges$1(AbstractDeltaCatalog.scala:2511)
	at com.databricks.spark.util.FrameProfiler$.$anonfun$record$1(FrameProfiler.scala:114)
	at com.databricks.spark.util.FrameProfilerExporter$.maybeExportFrameProfiler(FrameProfilerExporter.scala:201)
	at com.databricks.spark.util.FrameProfiler$.record(FrameProfiler.scala:105)
	at com.databricks.sql.transaction.tahoe.metering.DeltaLogging.recordFrameProfileWithCallSite(DeltaLogging.scala:969)
	at com.databricks.sql.transaction.tahoe.metering.DeltaLogging.recordFrameProfileWithCallSite$(DeltaLogging.scala:966)
	at com.databricks.sql.transaction.tahoe.catalog.AbstractDeltaCatalog.recordFrameProfileWithCallSite(AbstractDeltaCatalog.scala:202)
	at com.databricks.sql.transaction.tahoe.catalog.AbstractDeltaCatalog$StagedDeltaTableV2.commitStagedChanges(AbstractDeltaCatalog.scala:2485)
	at org.apache.spark.sql.execution.datasources.v2.DataSourceV2Utils$.commitStagedChanges(DataSourceV2Utils.scala:325)
	at org.apache.spark.sql.execution.datasources.v2.V2CreateTableAsSelectBaseExec.$anonfun$writeToTable$6(WriteToDataSourceV2Exec.scala:1046)
	at scala.runtime.java8.JFunction0$mcV$sp.apply(JFunction0$mcV$sp.scala:18)
	at org.apache.spark.sql.execution.datasources.v2.WriteToDataSourceV2Exec$.handleConcurrentCreateExceptions(WriteToDataSourceV2Exec.scala:79)
	at org.apache.spark.sql.execution.datasources.v2.V2CreateTableAsSelectBaseExec.$anonfun$writeToTable$2(WriteToDataSourceV2Exec.scala:1046)
	at org.apache.spark.util.Utils$.tryWithSafeFinallyAndFailureCallbacks(Utils.scala:1726)
	at org.apache.spark.sql.execution.datasources.v2.V2CreateTableAsSelectBaseExec.$anonfun$writeToTable$1(WriteToDataSourceV2Exec.scala:1026)
	at com.databricks.spark.util.FrameProfiler$.$anonfun$record$1(FrameProfiler.scala:114)
	at com.databricks.spark.util.FrameProfilerExporter$.maybeExportFrameProfiler(FrameProfilerExporter.scala:201)
	at com.databricks.spark.util.FrameProfiler$.record(FrameProfiler.scala:105)
	at org.apache.spark.sql.execution.datasources.v2.V2CreateTableAsSelectBaseExec.writeToTable(WriteToDataSourceV2Exec.scala:1050)
	at org.apache.spark.sql.execution.datasources.v2.V2CreateTableAsSelectBaseExec.writeToTable$(WriteToDataSourceV2Exec.scala:1012)
	at org.apache.spark.sql.execution.datasources.v2.AtomicReplaceTableAsSelectExec.writeToTable(WriteToDataSourceV2Exec.scala:287)
	at org.apache.spark.sql.execution.datasources.v2.AtomicReplaceTableAsSelectExec.run(WriteToDataSourceV2Exec.scala:372)
	at org.apache.spark.sql.execution.datasources.v2.V2CommandExec.$anonfun$result$2(V2CommandExec.scala:48)
	at org.apache.spark.sql.execution.SparkPlan.runCommandInAetherOrSpark(SparkPlan.scala:202)
	at org.apache.spark.sql.execution.datasources.v2.V2CommandExec.$anonfun$result$1(V2CommandExec.scala:48)
	at com.databricks.spark.util.FrameProfiler$.$anonfun$record$1(FrameProfiler.scala:114)
	at com.databricks.spark.util.FrameProfilerExporter$.maybeExportFrameProfiler(FrameProfilerExporter.scala:201)
	at com.databricks.spark.util.FrameProfiler$.record(FrameProfiler.scala:105)
	at org.apache.spark.sql.execution.datasources.v2.V2CommandExec.result$lzycompute(V2CommandExec.scala:47)
	at org.apache.spark.sql.execution.datasources.v2.V2CommandExec.result(V2CommandExec.scala:45)
	at org.apache.spark.sql.execution.datasources.v2.V2CommandExec.executeCollect(V2CommandExec.scala:56)
	at org.apache.spark.sql.execution.QueryExecution$.$anonfun$runCommand$12(QueryExecution.scala:1968)
	at com.databricks.util.LexicalThreadLocal$Handle.runWith(LexicalThreadLocal.scala:63)
	at org.apache.spark.sql.execution.QueryExecution$.$anonfun$runCommand$11(QueryExecution.scala:1962)
	at com.databricks.util.LexicalThreadLocal$Handle.runWith(LexicalThreadLocal.scala:63)
	at org.apache.spark.sql.execution.QueryExecution$.executeWithCaches$1(QueryExecution.scala:1962)
	at org.apache.spark.sql.execution.QueryExecution$.$anonfun$runCommand$10(QueryExecution.scala:1968)
	at org.apache.spark.sql.catalyst.QueryPlanningTracker$.withTracker(QueryPlanningTracker.scala:274)
	at org.apache.spark.sql.execution.QueryExecution$.$anonfun$runCommand$9(QueryExecution.scala:1955)
	at org.apache.spark.sql.execution.SQLExecution$.$anonfun$withNewExecutionId0$24(SQLExecution.scala:1120)
	at com.databricks.sql.util.MemoryTrackerHelper.withMemoryTracking(MemoryTrackerHelper.scala:111)
	at org.apache.spark.sql.execution.SQLExecution$.$anonfun$withNewExecutionId0$21(SQLExecution.scala:1040)
	at com.databricks.unity.UCSManager$.withTemporaryScope(UCSManager.scala:168)
	at org.apache.spark.sql.execution.SQLExecution$.$anonfun$withNewExecutionId0$20(SQLExecution.scala:936)
	at org.apache.spark.sql.execution.SQLExecution$.withSessionTagsApplied(SQLExecution.scala:1580)
	at org.apache.spark.sql.execution.SQLExecution$.$anonfun$withNewExecutionId0$19(SQLExecution.scala:925)
	at org.apache.spark.JobArtifactSet$.withActiveJobArtifactState(JobArtifactSet.scala:97)
	at org.apache.spark.sql.artifact.ArtifactManager.$anonfun$withResources$1(ArtifactManager.scala:124)
	at org.apache.spark.sql.artifact.ArtifactManager.withClassLoaderIfNeeded(ArtifactManager.scala:118)
	at org.apache.spark.sql.artifact.ArtifactManager.withResources(ArtifactManager.scala:123)
	at org.apache.spark.sql.execution.SQLExecution$.$anonfun$withNewExecutionId0$18(SQLExecution.scala:925)
	at org.apache.spark.sql.execution.SQLExecution$.withSQLConfPropagated(SQLExecution.scala:1615)
	at org.apache.spark.sql.execution.SQLExecution$.$anonfun$withNewExecutionId0$1(SQLExecution.scala:924)
	at org.apache.spark.sql.SparkSession.withActive(SparkSession.scala:866)
	at org.apache.spark.sql.execution.SQLExecution$.withNewExecutionId0(SQLExecution.scala:657)
	at org.apache.spark.sql.execution.SQLExecution$.withNewExecutionId(SQLExecution.scala:1533)
	at org.apache.spark.sql.execution.QueryExecution$.$anonfun$runCommand$8(QueryExecution.scala:1955)
	at org.apache.spark.sql.execution.QueryExecution$.withInternalError(QueryExecution.scala:1822)
	at org.apache.spark.sql.execution.QueryExecution$.$anonfun$runCommand$7(QueryExecution.scala:1951)
	at org.apache.spark.sql.execution.QueryExecution.withMVTagsIfNecessary(QueryExecution.scala:710)
	at org.apache.spark.sql.execution.QueryExecution$.$anonfun$runCommand$4(QueryExecution.scala:1936)
	at scala.Option.map(Option.scala:242)
	at org.apache.spark.sql.execution.QueryExecution$.executeWithMVTags$1(QueryExecution.scala:1936)
	at org.apache.spark.sql.execution.QueryExecution$.runCommand(QueryExecution.scala:1949)
	at org.apache.spark.sql.execution.QueryExecution.org$apache$spark$sql$execution$QueryExecution$$eagerlyExecute$1(QueryExecution.scala:747)
	at org.apache.spark.sql.execution.QueryExecution$$anonfun$$nestedInanonfun$eagerlyExecuteCommands$1$1.applyOrElse(QueryExecution.scala:764)
	at org.apache.spark.sql.execution.QueryExecution$$anonfun$$nestedInanonfun$eagerlyExecuteCommands$1$1.applyOrElse(QueryExecution.scala:756)
	at org.apache.spark.sql.catalyst.trees.TreeNode.$anonfun$transformDownWithPruning$1(TreeNode.scala:610)
	at org.apache.spark.sql.catalyst.trees.CurrentOrigin$.withOrigin(origin.scala:142)
	at org.apache.spark.sql.catalyst.trees.TreeNode.transformDownWithPruning(TreeNode.scala:610)
	at org.apache.spark.sql.catalyst.plans.logical.LogicalPlan.org$apache$spark$sql$catalyst$plans$logical$AnalysisHelper$$super$transformDownWithPruning(LogicalPlan.scala:48)
	at org.apache.spark.sql.catalyst.plans.logical.AnalysisHelper.transformDownWithPruning(AnalysisHelper.scala:361)
	at org.apache.spark.sql.catalyst.plans.logical.AnalysisHelper.transformDownWithPruning$(AnalysisHelper.scala:357)
	at org.apache.spark.sql.catalyst.plans.logical.LogicalPlan.transformDownWithPruning(LogicalPlan.scala:48)
	at org.apache.spark.sql.catalyst.plans.logical.LogicalPlan.transformDownWithPruning(LogicalPlan.scala:48)
	at org.apache.spark.sql.catalyst.trees.TreeNode.transformDown(TreeNode.scala:586)
	at org.apache.spark.sql.execution.QueryExecution.$anonfun$eagerlyExecuteCommands$1(QueryExecution.scala:756)
	at org.apache.spark.sql.catalyst.plans.logical.AnalysisHelper$.allowInvokingTransformsInAnalyzer(AnalysisHelper.scala:418)
	at org.apache.spark.sql.execution.QueryExecution.eagerlyExecuteCommands(QueryExecution.scala:756)
	at org.apache.spark.sql.execution.QueryExecution.$anonfun$lazyCommandExecuted$1(QueryExecution.scala:666)
	at scala.util.Try$.apply(Try.scala:217)
	at org.apache.spark.util.Utils$.doTryWithCallerStacktrace(Utils.scala:1796)
	at org.apache.spark.util.LazyTry.tryT$lzycompute(LazyTry.scala:60)
	at org.apache.spark.util.LazyTry.tryT(LazyTry.scala:59)
	at org.apache.spark.util.LazyTry.get(LazyTry.scala:78)
	at org.apache.spark.sql.execution.QueryExecution.commandExecuted(QueryExecution.scala:671)
	at org.apache.spark.sql.execution.QueryExecution.assertCommandExecuted(QueryExecution.scala:804)
	at org.apache.spark.sql.classic.DataFrameWriter.runCommand(DataFrameWriter.scala:887)
	at org.apache.spark.sql.classic.DataFrameWriter.saveAsTable(DataFrameWriter.scala:732)
	at org.apache.spark.sql.classic.DataFrameWriter.saveAsTable(DataFrameWriter.scala:630)
	at org.apache.spark.sql.connect.planner.SparkConnectPlanner.handleWriteOperation(SparkConnectPlanner.scala:4603)
	at org.apache.spark.sql.connect.planner.SparkConnectPlanner.process(SparkConnectPlanner.scala:3782)
	at org.apache.spark.sql.connect.execution.ExecuteThreadRunner.handleCommand(ExecuteThreadRunner.scala:516)
	at org.apache.spark.sql.connect.execution.ExecuteThreadRunner.$anonfun$executeInternal$1(ExecuteThreadRunner.scala:406)
	at org.apache.spark.sql.connect.execution.ExecuteThreadRunner.$anonfun$executeInternal$1$adapted(ExecuteThreadRunner.scala:329)
	at org.apache.spark.sql.connect.service.SessionHolder.$anonfun$withSession$2(SessionHolder.scala:844)
	at org.apache.spark.sql.SparkSession.withActive(SparkSession.scala:866)
	at org.apache.spark.sql.connect.service.SessionHolder.$anonfun$withSession$1(SessionHolder.scala:844)
	at org.apache.spark.JobArtifactSet$.withActiveJobArtifactState(JobArtifactSet.scala:97)
	at org.apache.spark.sql.artifact.ArtifactManager.$anonfun$withResources$1(ArtifactManager.scala:124)
	at org.apache.spark.sql.artifact.ArtifactManager.withClassLoaderIfNeeded(ArtifactManager.scala:118)
	at org.apache.spark.sql.artifact.ArtifactManager.withResources(ArtifactManager.scala:123)
	at org.apache.spark.sql.connect.service.SessionHolder.withSession(SessionHolder.scala:843)
	at org.apache.spark.sql.connect.execution.ExecuteThreadRunner.executeInternal(ExecuteThreadRunner.scala:329)
	at org.apache.spark.sql.connect.execution.ExecuteThreadRunner.$anonfun$execute$1(ExecuteThreadRunner.scala:194)
	at scala.runtime.java8.JFunction0$mcV$sp.apply(JFunction0$mcV$sp.scala:18)
	at com.databricks.spark.connect.service.UtilizationMetrics.recordActiveQueries(UtilizationMetrics.scala:92)
	at com.databricks.spark.connect.service.UtilizationMetrics.recordActiveQueries$(UtilizationMetrics.scala:89)
	at org.apache.spark.sql.connect.execution.ExecuteThreadRunner.recordActiveQueries(ExecuteThreadRunner.scala:55)
	at org.apache.spark.sql.connect.execution.ExecuteThreadRunner.org$apache$spark$sql$connect$execution$ExecuteThreadRunner$$execute(ExecuteThreadRunner.scala:186)
	at org.apache.spark.sql.connect.execution.ExecuteThreadRunner$ExecutionThread.$anonfun$run$3(ExecuteThreadRunner.scala:587)
	at scala.runtime.java8.JFunction0$mcV$sp.apply(JFunction0$mcV$sp.scala:18)
	at com.databricks.logging.AttributionContext$.$anonfun$withValue$1(AttributionContext.scala:349)
	at scala.util.DynamicVariable.withValue(DynamicVariable.scala:59)
	at com.databricks.logging.AttributionContext$.withValue(AttributionContext.scala:345)
	at com.databricks.spark.util.DatabricksTracingHelper.$anonfun$withSpanFromParent$4(DatabricksSparkTracingHelper.scala:106)
	at com.databricks.util.TracingSpanUtils$.withTracing(TracingSpanUtils.scala:100)
	at com.databricks.spark.util.DatabricksTracingHelper.withSpanFromParent(DatabricksSparkTracingHelper.scala:104)
	at com.databricks.spark.util.DBRTracing$.withSpanFromParent(DBRTracing.scala:68)
	at org.apache.spark.sql.connect.execution.ExecuteThreadRunner$ExecutionThread.$anonfun$run$2(ExecuteThreadRunner.scala:587)
	at scala.runtime.java8.JFunction0$mcV$sp.apply(JFunction0$mcV$sp.scala:18)
	at com.databricks.unity.UCSEphemeralState$Handle.runWith(UCSEphemeralState.scala:51)
	at com.databricks.unity.HandleImpl.runWith(UCSHandle.scala:128)
	at com.databricks.unity.HandleImpl.$anonfun$runWithAndClose$1(UCSHandle.scala:133)
	at scala.util.Using$.resource(Using.scala:296)
	at com.databricks.unity.HandleImpl.runWithAndClose(UCSHandle.scala:132)
	at org.apache.spark.sql.connect.execution.ExecuteThreadRunner$ExecutionThread.run(ExecuteThreadRunner.scala:586)
2026-07-17 20:40:19,947 | INFO | periode = 202501, type = <class 'int'>
2026-07-17 20:40:19,952 | INFO | periode = 202501
2026-07-17 20:40:19,954 | INFO | table_name = silver_nyc_taxi
2026-07-17 20:40:19,955 | INFO | taxi_type = yellow
2026-07-17 20:40:24,017 | INFO | ******************************************************* Starting UberBronze *******************************************************
2026-07-17 20:40:24,018 | INFO | Extracting yellow_tripdata_2025-01.parquet from /Volumes/nyc_taxi/bronze/raw_files/yellow/2025/yellow_tripdata_2025-01.parquet
2026-07-17 20:40:34,674 | INFO | ======================================================= Bronze rows : 3475226 ======================================================= 
2026-07-17 20:40:34,675 | INFO | run completed in 10.66s
2026-07-17 20:40:34,676 | INFO | ******************************************************* Finished UberBronze *******************************************************
2026-07-17 20:40:34,677 | INFO | ========================================================================================================================
2026-07-17 20:40:34,677 | INFO | ******************************************************* Starting UberSilver *******************************************************
2026-07-17 20:40:35,659 | INFO | add_trip_duration completed in 0.07s
2026-07-17 20:40:35,660 | INFO | add_date_key completed in 0.0s
2026-07-17 20:40:35,661 | INFO | add_tip_percent completed in 0.0s
2026-07-17 20:40:35,662 | INFO | add_average_speed completed in 0.0s
2026-07-17 20:40:35,663 | INFO | add_date_features completed in 0.0s
2026-07-17 20:40:35,664 | INFO | apply_quality_rules completed in 0.0s
2026-07-17 20:40:37,663 | INFO | Silver rows : 3475226 -> 3323486
2026-07-17 20:40:39,366 | INFO | run completed in 4.69s
2026-07-17 20:40:39,368 | INFO | ******************************************************* Finished UberSilver *******************************************************
2026-07-17 20:40:39,368 | INFO | ========================================================================================================================
2026-07-17 20:40:39,369 | INFO | ******************************************************* Starting UberGold *******************************************************
2026-07-17 20:40:39,370 | INFO | get_fact_trips completed in 0.0s
2026-07-17 20:40:39,371 | INFO | get_dim_date completed in 0.0s
2026-07-17 20:40:39,373 | INFO | get_kpi_daily completed in 0.0s
2026-07-17 20:40:47,916 | INFO | ============ Chargement des données dans Delta ============ 
2026-07-17 20:40:49,335 | INFO | ============ Suppression d'une période ============ 
2026-07-17 20:40:49,336 | INFO | ========================================================================================================================
2026-07-17 20:40:49,336 | INFO | Period 202501 deleted from silver_nyc_taxi
2026-07-17 20:40:51,566 | ERROR | [DELTA_FAILED_TO_MERGE_FIELDS] Failed to merge fields 'tpep_pickup_datetime' and 'tpep_pickup_datetime'.

JVM stacktrace:
com.databricks.sql.transaction.tahoe.DeltaAnalysisException
	at com.databricks.sql.transaction.tahoe.schema.SchemaMergingUtils$.$anonfun$mergeDataTypes$1(SchemaMergingUtils.scala:232)
	at scala.collection.ArrayOps$.map$extension(ArrayOps.scala:936)
	at com.databricks.sql.transaction.tahoe.schema.SchemaMergingUtils$.merge$1(SchemaMergingUtils.scala:218)
	at com.databricks.sql.transaction.tahoe.schema.SchemaMergingUtils$.mergeDataTypes(SchemaMergingUtils.scala:336)
	at com.databricks.sql.transaction.tahoe.schema.SchemaMergingUtils$.mergeSchemas(SchemaMergingUtils.scala:180)
	at com.databricks.sql.transaction.tahoe.schema.ImplicitMetadataOperation$.mergeSchema(ImplicitMetadataOperation.scala:367)
	at com.databricks.sql.transaction.tahoe.schema.ImplicitMetadataOperation.updateMetadata(ImplicitMetadataOperation.scala:113)
	at com.databricks.sql.transaction.tahoe.schema.ImplicitMetadataOperation.updateMetadata$(ImplicitMetadataOperation.scala:92)
	at com.databricks.sql.transaction.tahoe.commands.WriteIntoDeltaEdge.updateMetadata(WriteIntoDeltaEdge.scala:137)
	at com.databricks.sql.transaction.tahoe.commands.WriteIntoDeltaEdge.writeAndReturnCommitDataAndMaterializationPlans(WriteIntoDeltaEdge.scala:548)
	at com.databricks.sql.transaction.tahoe.commands.WriteIntoDeltaEdge.writeAndReturnCommitData(WriteIntoDeltaEdge.scala:369)
	at com.databricks.sql.transaction.tahoe.commands.CreateDeltaTableCommand.doDeltaWrite$1(CreateDeltaTableCommand.scala:784)
	at com.databricks.sql.transaction.tahoe.commands.CreateDeltaTableCommand.handleCreateTableAsSelect(CreateDeltaTableCommand.scala:932)
	at com.databricks.sql.transaction.tahoe.commands.CreateDeltaTableCommand.$anonfun$handleCommit$1(CreateDeltaTableCommand.scala:463)
	at com.databricks.sql.transaction.tahoe.OptimisticTransaction$.withActive(OptimisticTransaction.scala:324)
	at com.databricks.sql.transaction.tahoe.commands.CreateDeltaTableCommand.handleCommit(CreateDeltaTableCommand.scala:443)
	at com.databricks.sql.transaction.tahoe.commands.CreateDeltaTableCommand.$anonfun$run$9(CreateDeltaTableCommand.scala:346)
	at com.databricks.sql.transaction.tahoe.metering.DeltaLogging.withOperationTypeTag(DeltaLogging.scala:854)
	at com.databricks.sql.transaction.tahoe.metering.DeltaLogging.withOperationTypeTag$(DeltaLogging.scala:841)
	at com.databricks.sql.transaction.tahoe.commands.CreateDeltaTableCommand.withOperationTypeTag(CreateDeltaTableCommand.scala:109)
	at com.databricks.sql.transaction.tahoe.metering.DeltaLogging.$anonfun$recordDeltaOperationInternal$2(DeltaLogging.scala:527)
	at com.databricks.spark.util.FrameProfiler$.$anonfun$record$1(FrameProfiler.scala:114)
	at com.databricks.spark.util.FrameProfilerExporter$.maybeExportFrameProfiler(FrameProfilerExporter.scala:201)
	at com.databricks.spark.util.FrameProfiler$.record(FrameProfiler.scala:105)
	at com.databricks.sql.transaction.tahoe.metering.DeltaLogging.recordFrameProfileWithCallSite(DeltaLogging.scala:969)
	at com.databricks.sql.transaction.tahoe.metering.DeltaLogging.recordFrameProfileWithCallSite$(DeltaLogging.scala:966)
	at com.databricks.sql.transaction.tahoe.commands.CreateDeltaTableCommand.recordFrameProfileWithCallSite(CreateDeltaTableCommand.scala:109)
	at com.databricks.sql.transaction.tahoe.metering.DeltaLogging.$anonfun$recordDeltaOperationInternal$1(DeltaLogging.scala:526)
	at com.databricks.logging.UsageLogging.$anonfun$recordOperation$1(UsageLogging.scala:531)
	at com.databricks.logging.UsageLogging.executeThunkAndCaptureResultTags$1(UsageLogging.scala:669)
	at com.databricks.logging.UsageLogging.$anonfun$recordOperationWithResultTags$6(UsageLogging.scala:696)
	at com.databricks.logging.AttributionContextTracing.$anonfun$withAttributionContext$1(AttributionContextTracing.scala:146)
	at com.databricks.logging.AttributionContext$.$anonfun$withValue$1(AttributionContext.scala:349)
	at scala.util.DynamicVariable.withValue(DynamicVariable.scala:59)
	at com.databricks.logging.AttributionContext$.withValue(AttributionContext.scala:345)
	at com.databricks.logging.AttributionContextTracing.withAttributionContext(AttributionContextTracing.scala:144)
	at com.databricks.logging.AttributionContextTracing.withAttributionContext$(AttributionContextTracing.scala:141)
	at com.databricks.spark.util.PublicDBLogging.withAttributionContext(DatabricksSparkUsageLogger.scala:29)
	at com.databricks.logging.AttributionContextTracing.withAttributionTags(AttributionContextTracing.scala:201)
	at com.databricks.logging.AttributionContextTracing.withAttributionTags$(AttributionContextTracing.scala:182)
	at com.databricks.spark.util.PublicDBLogging.withAttributionTags(DatabricksSparkUsageLogger.scala:29)
	at com.databricks.logging.UsageLogging.$anonfun$recordOperationWithResultTags$5(UsageLogging.scala:664)
	at com.databricks.logging.UsageLogging.withOtelSpanInContext$1(UsageLogging.scala:656)
	at com.databricks.logging.UsageLogging.recordOperationWithResultTags(UsageLogging.scala:659)
	at com.databricks.logging.UsageLogging.recordOperationWithResultTags$(UsageLogging.scala:540)
	at com.databricks.spark.util.PublicDBLogging.recordOperationWithResultTags(DatabricksSparkUsageLogger.scala:29)
	at com.databricks.logging.UsageLogging.recordOperation(UsageLogging.scala:532)
	at com.databricks.logging.UsageLogging.recordOperation$(UsageLogging.scala:496)
	at com.databricks.spark.util.PublicDBLogging.recordOperation(DatabricksSparkUsageLogger.scala:29)
	at com.databricks.spark.util.PublicDBLogging.recordOperation0(DatabricksSparkUsageLogger.scala:104)
	at com.databricks.spark.util.DatabricksSparkUsageLogger.recordOperation(DatabricksSparkUsageLogger.scala:193)
	at com.databricks.spark.util.UsageLogger.recordOperation(UsageLogger.scala:78)
	at com.databricks.spark.util.UsageLogger.recordOperation$(UsageLogger.scala:65)
	at com.databricks.spark.util.DatabricksSparkUsageLogger.recordOperation(DatabricksSparkUsageLogger.scala:152)
	at com.databricks.spark.util.UsageLogging.recordOperation(UsageLogger.scala:537)
	at com.databricks.spark.util.UsageLogging.recordOperation$(UsageLogger.scala:516)
	at com.databricks.sql.transaction.tahoe.commands.CreateDeltaTableCommand.recordOperation(CreateDeltaTableCommand.scala:109)
	at com.databricks.sql.transaction.tahoe.metering.DeltaLogging.recordDeltaOperationInternal(DeltaLogging.scala:525)
	at com.databricks.sql.transaction.tahoe.metering.DeltaLogging.recordDeltaOperation(DeltaLogging.scala:515)
	at com.databricks.sql.transaction.tahoe.metering.DeltaLogging.recordDeltaOperation$(DeltaLogging.scala:504)
	at com.databricks.sql.transaction.tahoe.commands.CreateDeltaTableCommand.recordDeltaOperation(CreateDeltaTableCommand.scala:109)
	at com.databricks.sql.transaction.tahoe.commands.CreateDeltaTableCommand.run(CreateDeltaTableCommand.scala:300)
	at com.databricks.sql.transaction.tahoe.catalog.AbstractDeltaCatalog.$anonfun$createDeltaTable$1(AbstractDeltaCatalog.scala:1065)
	at com.databricks.spark.util.FrameProfiler$.$anonfun$record$1(FrameProfiler.scala:114)
	at com.databricks.spark.util.FrameProfilerExporter$.maybeExportFrameProfiler(FrameProfilerExporter.scala:201)
	at com.databricks.spark.util.FrameProfiler$.record(FrameProfiler.scala:105)
	at com.databricks.sql.transaction.tahoe.metering.DeltaLogging.recordFrameProfileWithCallSite(DeltaLogging.scala:969)
	at com.databricks.sql.transaction.tahoe.metering.DeltaLogging.recordFrameProfileWithCallSite$(DeltaLogging.scala:966)
	at com.databricks.sql.transaction.tahoe.catalog.AbstractDeltaCatalog.recordFrameProfileWithCallSite(AbstractDeltaCatalog.scala:203)
	at com.databricks.sql.transaction.tahoe.catalog.AbstractDeltaCatalog.com$databricks$sql$transaction$tahoe$catalog$AbstractDeltaCatalog$$createDeltaTable(AbstractDeltaCatalog.scala:434)
	at com.databricks.sql.transaction.tahoe.catalog.AbstractDeltaCatalog$StagedDeltaTableV2.$anonfun$commitStagedChanges$1(AbstractDeltaCatalog.scala:2543)
	at com.databricks.spark.util.FrameProfiler$.$anonfun$record$1(FrameProfiler.scala:114)
	at com.databricks.spark.util.FrameProfilerExporter$.maybeExportFrameProfiler(FrameProfilerExporter.scala:201)
	at com.databricks.spark.util.FrameProfiler$.record(FrameProfiler.scala:105)
	at com.databricks.sql.transaction.tahoe.metering.DeltaLogging.recordFrameProfileWithCallSite(DeltaLogging.scala:969)
	at com.databricks.sql.transaction.tahoe.metering.DeltaLogging.recordFrameProfileWithCallSite$(DeltaLogging.scala:966)
	at com.databricks.sql.transaction.tahoe.catalog.AbstractDeltaCatalog.recordFrameProfileWithCallSite(AbstractDeltaCatalog.scala:203)
	at com.databricks.sql.transaction.tahoe.catalog.AbstractDeltaCatalog$StagedDeltaTableV2.commitStagedChanges(AbstractDeltaCatalog.scala:2517)
	at org.apache.spark.sql.execution.datasources.v2.DataSourceV2Utils$.commitStagedChanges(DataSourceV2Utils.scala:325)
	at org.apache.spark.sql.execution.datasources.v2.V2CreateTableAsSelectBaseExec.$anonfun$writeToTable$6(WriteToDataSourceV2Exec.scala:1046)
	at scala.runtime.java8.JFunction0$mcV$sp.apply(JFunction0$mcV$sp.scala:18)
	at org.apache.spark.sql.execution.datasources.v2.WriteToDataSourceV2Exec$.handleConcurrentCreateExceptions(WriteToDataSourceV2Exec.scala:79)
	at org.apache.spark.sql.execution.datasources.v2.V2CreateTableAsSelectBaseExec.$anonfun$writeToTable$2(WriteToDataSourceV2Exec.scala:1046)
	at org.apache.spark.util.Utils$.tryWithSafeFinallyAndFailureCallbacks(Utils.scala:1726)
	at org.apache.spark.sql.execution.datasources.v2.V2CreateTableAsSelectBaseExec.$anonfun$writeToTable$1(WriteToDataSourceV2Exec.scala:1026)
	at com.databricks.spark.util.FrameProfiler$.$anonfun$record$1(FrameProfiler.scala:114)
	at com.databricks.spark.util.FrameProfilerExporter$.maybeExportFrameProfiler(FrameProfilerExporter.scala:201)
	at com.databricks.spark.util.FrameProfiler$.record(FrameProfiler.scala:105)
	at org.apache.spark.sql.execution.datasources.v2.V2CreateTableAsSelectBaseExec.writeToTable(WriteToDataSourceV2Exec.scala:1050)
	at org.apache.spark.sql.execution.datasources.v2.V2CreateTableAsSelectBaseExec.writeToTable$(WriteToDataSourceV2Exec.scala:1012)
	at org.apache.spark.sql.execution.datasources.v2.AtomicReplaceTableAsSelectExec.writeToTable(WriteToDataSourceV2Exec.scala:287)
	at org.apache.spark.sql.execution.datasources.v2.AtomicReplaceTableAsSelectExec.run(WriteToDataSourceV2Exec.scala:372)
	at org.apache.spark.sql.execution.datasources.v2.V2CommandExec.$anonfun$result$2(V2CommandExec.scala:48)
	at org.apache.spark.sql.execution.SparkPlan.runCommandInAetherOrSpark(SparkPlan.scala:202)
	at org.apache.spark.sql.execution.datasources.v2.V2CommandExec.$anonfun$result$1(V2CommandExec.scala:48)
	at com.databricks.spark.util.FrameProfiler$.$anonfun$record$1(FrameProfiler.scala:114)
	at com.databricks.spark.util.FrameProfilerExporter$.maybeExportFrameProfiler(FrameProfilerExporter.scala:201)
	at com.databricks.spark.util.FrameProfiler$.record(FrameProfiler.scala:105)
	at org.apache.spark.sql.execution.datasources.v2.V2CommandExec.result$lzycompute(V2CommandExec.scala:47)
	at org.apache.spark.sql.execution.datasources.v2.V2CommandExec.result(V2CommandExec.scala:45)
	at org.apache.spark.sql.execution.datasources.v2.V2CommandExec.executeCollect(V2CommandExec.scala:56)
	at org.apache.spark.sql.execution.QueryExecution$.$anonfun$runCommand$12(QueryExecution.scala:1968)
	at com.databricks.util.LexicalThreadLocal$Handle.runWith(LexicalThreadLocal.scala:63)
	at org.apache.spark.sql.execution.QueryExecution$.$anonfun$runCommand$11(QueryExecution.scala:1962)
	at com.databricks.util.LexicalThreadLocal$Handle.runWith(LexicalThreadLocal.scala:63)
	at org.apache.spark.sql.execution.QueryExecution$.executeWithCaches$1(QueryExecution.scala:1962)
	at org.apache.spark.sql.execution.QueryExecution$.$anonfun$runCommand$10(QueryExecution.scala:1968)
	at org.apache.spark.sql.catalyst.QueryPlanningTracker$.withTracker(QueryPlanningTracker.scala:275)
	at org.apache.spark.sql.execution.QueryExecution$.$anonfun$runCommand$9(QueryExecution.scala:1955)
	at org.apache.spark.sql.execution.SQLExecution$.$anonfun$withNewExecutionId0$24(SQLExecution.scala:1112)
	at com.databricks.sql.util.MemoryTrackerHelper.withMemoryTracking(MemoryTrackerHelper.scala:111)
	at org.apache.spark.sql.execution.SQLExecution$.$anonfun$withNewExecutionId0$21(SQLExecution.scala:1032)
	at com.databricks.unity.UCSManager$.withTemporaryScope(UCSManager.scala:168)
	at org.apache.spark.sql.execution.SQLExecution$.$anonfun$withNewExecutionId0$20(SQLExecution.scala:928)
	at org.apache.spark.sql.execution.SQLExecution$.withSessionTagsApplied(SQLExecution.scala:1572)
	at org.apache.spark.sql.execution.SQLExecution$.$anonfun$withNewExecutionId0$19(SQLExecution.scala:917)
	at org.apache.spark.JobArtifactSet$.withActiveJobArtifactState(JobArtifactSet.scala:97)
	at org.apache.spark.sql.artifact.ArtifactManager.$anonfun$withResources$1(ArtifactManager.scala:124)
	at org.apache.spark.sql.artifact.ArtifactManager.withClassLoaderIfNeeded(ArtifactManager.scala:118)
	at org.apache.spark.sql.artifact.ArtifactManager.withResources(ArtifactManager.scala:123)
	at org.apache.spark.sql.execution.SQLExecution$.$anonfun$withNewExecutionId0$18(SQLExecution.scala:917)
	at org.apache.spark.sql.execution.SQLExecution$.withSQLConfPropagated(SQLExecution.scala:1607)
	at org.apache.spark.sql.execution.SQLExecution$.$anonfun$withNewExecutionId0$1(SQLExecution.scala:916)
	at org.apache.spark.sql.SparkSession.withActive(SparkSession.scala:866)
	at org.apache.spark.sql.execution.SQLExecution$.withNewExecutionId0(SQLExecution.scala:657)
	at org.apache.spark.sql.execution.SQLExecution$.withNewExecutionId(SQLExecution.scala:1525)
	at org.apache.spark.sql.execution.QueryExecution$.$anonfun$runCommand$8(QueryExecution.scala:1955)
	at org.apache.spark.sql.execution.QueryExecution$.withInternalError(QueryExecution.scala:1822)
	at org.apache.spark.sql.execution.QueryExecution$.$anonfun$runCommand$7(QueryExecution.scala:1951)
	at org.apache.spark.sql.execution.QueryExecution.withMVTagsIfNecessary(QueryExecution.scala:710)
	at org.apache.spark.sql.execution.QueryExecution$.$anonfun$runCommand$4(QueryExecution.scala:1936)
	at scala.Option.map(Option.scala:242)
	at org.apache.spark.sql.execution.QueryExecution$.executeWithMVTags$1(QueryExecution.scala:1936)
	at org.apache.spark.sql.execution.QueryExecution$.runCommand(QueryExecution.scala:1949)
	at org.apache.spark.sql.execution.QueryExecution.org$apache$spark$sql$execution$QueryExecution$$eagerlyExecute$1(QueryExecution.scala:747)
	at org.apache.spark.sql.execution.QueryExecution$$anonfun$$nestedInanonfun$eagerlyExecuteCommands$1$1.applyOrElse(QueryExecution.scala:764)
	at org.apache.spark.sql.execution.QueryExecution$$anonfun$$nestedInanonfun$eagerlyExecuteCommands$1$1.applyOrElse(QueryExecution.scala:756)
	at org.apache.spark.sql.catalyst.trees.TreeNode.$anonfun$transformDownWithPruning$1(TreeNode.scala:610)
	at org.apache.spark.sql.catalyst.trees.CurrentOrigin$.withOrigin(origin.scala:142)
	at org.apache.spark.sql.catalyst.trees.TreeNode.transformDownWithPruning(TreeNode.scala:610)
	at org.apache.spark.sql.catalyst.plans.logical.LogicalPlan.org$apache$spark$sql$catalyst$plans$logical$AnalysisHelper$$super$transformDownWithPruning(LogicalPlan.scala:48)
	at org.apache.spark.sql.catalyst.plans.logical.AnalysisHelper.transformDownWithPruning(AnalysisHelper.scala:361)
	at org.apache.spark.sql.catalyst.plans.logical.AnalysisHelper.transformDownWithPruning$(AnalysisHelper.scala:357)
	at org.apache.spark.sql.catalyst.plans.logical.LogicalPlan.transformDownWithPruning(LogicalPlan.scala:48)
	at org.apache.spark.sql.catalyst.plans.logical.LogicalPlan.transformDownWithPruning(LogicalPlan.scala:48)
	at org.apache.spark.sql.catalyst.trees.TreeNode.transformDown(TreeNode.scala:586)
	at org.apache.spark.sql.execution.QueryExecution.$anonfun$eagerlyExecuteCommands$1(QueryExecution.scala:756)
	at org.apache.spark.sql.catalyst.plans.logical.AnalysisHelper$.allowInvokingTransformsInAnalyzer(AnalysisHelper.scala:418)
	at org.apache.spark.sql.execution.QueryExecution.eagerlyExecuteCommands(QueryExecution.scala:756)
	at org.apache.spark.sql.execution.QueryExecution.$anonfun$lazyCommandExecuted$1(QueryExecution.scala:666)
	at scala.util.Try$.apply(Try.scala:217)
	at org.apache.spark.util.Utils$.doTryWithCallerStacktrace(Utils.scala:1796)
	at org.apache.spark.util.Utils$.getTryWithCallerStacktrace(Utils.scala:1846)
	at org.apache.spark.util.LazyTry.get(LazyTry.scala:78)
	at org.apache.spark.sql.execution.QueryExecution.commandExecuted(QueryExecution.scala:671)
	at org.apache.spark.sql.execution.QueryExecution.assertCommandExecuted(QueryExecution.scala:804)
	at org.apache.spark.sql.classic.DataFrameWriter.runCommand(DataFrameWriter.scala:887)
	at org.apache.spark.sql.classic.DataFrameWriter.saveAsTable(DataFrameWriter.scala:732)
	at org.apache.spark.sql.classic.DataFrameWriter.saveAsTable(DataFrameWriter.scala:630)
	at org.apache.spark.sql.connect.planner.SparkConnectPlanner.handleWriteOperation(SparkConnectPlanner.scala:4607)
	at org.apache.spark.sql.connect.planner.SparkConnectPlanner.process(SparkConnectPlanner.scala:3782)
	at org.apache.spark.sql.connect.execution.ExecuteThreadRunner.handleCommand(ExecuteThreadRunner.scala:530)
	at org.apache.spark.sql.connect.execution.ExecuteThreadRunner.$anonfun$executeInternal$1(ExecuteThreadRunner.scala:420)
	at org.apache.spark.sql.connect.execution.ExecuteThreadRunner.$anonfun$executeInternal$1$adapted(ExecuteThreadRunner.scala:340)
	at org.apache.spark.sql.connect.service.SessionHolder.$anonfun$withSession$2(SessionHolder.scala:844)
	at org.apache.spark.sql.SparkSession.withActive(SparkSession.scala:866)
	at org.apache.spark.sql.connect.service.SessionHolder.$anonfun$withSession$1(SessionHolder.scala:844)
	at org.apache.spark.JobArtifactSet$.withActiveJobArtifactState(JobArtifactSet.scala:97)
	at org.apache.spark.sql.artifact.ArtifactManager.$anonfun$withResources$1(ArtifactManager.scala:124)
	at org.apache.spark.sql.artifact.ArtifactManager.withClassLoaderIfNeeded(ArtifactManager.scala:118)
	at org.apache.spark.sql.artifact.ArtifactManager.withResources(ArtifactManager.scala:123)
	at org.apache.spark.sql.connect.service.SessionHolder.withSession(SessionHolder.scala:843)
	at org.apache.spark.sql.connect.execution.ExecuteThreadRunner.executeInternal(ExecuteThreadRunner.scala:340)
	at org.apache.spark.sql.connect.execution.ExecuteThreadRunner.$anonfun$execute$1(ExecuteThreadRunner.scala:200)
	at scala.runtime.java8.JFunction0$mcV$sp.apply(JFunction0$mcV$sp.scala:18)
	at com.databricks.spark.connect.service.UtilizationMetrics.recordActiveQueries(UtilizationMetrics.scala:92)
	at com.databricks.spark.connect.service.UtilizationMetrics.recordActiveQueries$(UtilizationMetrics.scala:89)
	at org.apache.spark.sql.connect.execution.ExecuteThreadRunner.recordActiveQueries(ExecuteThreadRunner.scala:61)
	at org.apache.spark.sql.connect.execution.ExecuteThreadRunner.org$apache$spark$sql$connect$execution$ExecuteThreadRunner$$execute(ExecuteThreadRunner.scala:192)
	at org.apache.spark.sql.connect.execution.ExecuteThreadRunner$ExecutionThread.$anonfun$run$3(ExecuteThreadRunner.scala:601)
	at scala.runtime.java8.JFunction0$mcV$sp.apply(JFunction0$mcV$sp.scala:18)
	at com.databricks.spark.util.DBRTracing$.withSpanFromParent(DBRTracing.scala:70)
	at org.apache.spark.sql.connect.execution.ExecuteThreadRunner$ExecutionThread.$anonfun$run$2(ExecuteThreadRunner.scala:601)
	at scala.runtime.java8.JFunction0$mcV$sp.apply(JFunction0$mcV$sp.scala:18)
	at com.databricks.unity.UCSEphemeralState$Handle.runWith(UCSEphemeralState.scala:51)
	at com.databricks.unity.HandleImpl.runWith(UCSHandle.scala:128)
	at com.databricks.unity.HandleImpl.$anonfun$runWithAndClose$1(UCSHandle.scala:133)
	at scala.util.Using$.resource(Using.scala:296)
	at com.databricks.unity.HandleImpl.runWithAndClose(UCSHandle.scala:132)
	at org.apache.spark.sql.connect.execution.ExecuteThreadRunner$ExecutionThread.run(ExecuteThreadRunner.scala:600)
Caused by: com.databricks.sql.transaction.tahoe.DeltaAnalysisException: [DELTA_MERGE_INCOMPATIBLE_DATATYPE] Failed to merge incompatible data types TimestampType and TimestampNTZType.
	at com.databricks.sql.transaction.tahoe.schema.SchemaMergingUtils$.merge$1(SchemaMergingUtils.scala:332)
	at com.databricks.sql.transaction.tahoe.schema.SchemaMergingUtils$.$anonfun$mergeDataTypes$1(SchemaMergingUtils.scala:227)
	at scala.collection.ArrayOps$.map$extension(ArrayOps.scala:936)
	at com.databricks.sql.transaction.tahoe.schema.SchemaMergingUtils$.merge$1(SchemaMergingUtils.scala:218)
	at com.databricks.sql.transaction.tahoe.schema.SchemaMergingUtils$.mergeDataTypes(SchemaMergingUtils.scala:336)
	at com.databricks.sql.transaction.tahoe.schema.SchemaMergingUtils$.mergeSchemas(SchemaMergingUtils.scala:180)
	at com.databricks.sql.transaction.tahoe.schema.ImplicitMetadataOperation$.mergeSchema(ImplicitMetadataOperation.scala:367)
	at com.databricks.sql.transaction.tahoe.schema.ImplicitMetadataOperation.updateMetadata(ImplicitMetadataOperation.scala:113)
	at com.databricks.sql.transaction.tahoe.schema.ImplicitMetadataOperation.updateMetadata$(ImplicitMetadataOperation.scala:92)
	at com.databricks.sql.transaction.tahoe.commands.WriteIntoDeltaEdge.updateMetadata(WriteIntoDeltaEdge.scala:137)
	at com.databricks.sql.transaction.tahoe.commands.WriteIntoDeltaEdge.writeAndReturnCommitDataAndMaterializationPlans(WriteIntoDeltaEdge.scala:548)
	at com.databricks.sql.transaction.tahoe.commands.WriteIntoDeltaEdge.writeAndReturnCommitData(WriteIntoDeltaEdge.scala:369)
	at com.databricks.sql.transaction.tahoe.commands.CreateDeltaTableCommand.doDeltaWrite$1(CreateDeltaTableCommand.scala:784)
	at com.databricks.sql.transaction.tahoe.commands.CreateDeltaTableCommand.handleCreateTableAsSelect(CreateDeltaTableCommand.scala:932)
	at com.databricks.sql.transaction.tahoe.commands.CreateDeltaTableCommand.$anonfun$handleCommit$1(CreateDeltaTableCommand.scala:463)
	at com.databricks.sql.transaction.tahoe.OptimisticTransaction$.withActive(OptimisticTransaction.scala:324)
	at com.databricks.sql.transaction.tahoe.commands.CreateDeltaTableCommand.handleCommit(CreateDeltaTableCommand.scala:443)
	at com.databricks.sql.transaction.tahoe.commands.CreateDeltaTableCommand.$anonfun$run$9(CreateDeltaTableCommand.scala:346)
	at com.databricks.sql.transaction.tahoe.metering.DeltaLogging.withOperationTypeTag(DeltaLogging.scala:854)
	at com.databricks.sql.transaction.tahoe.metering.DeltaLogging.withOperationTypeTag$(DeltaLogging.scala:841)
	at com.databricks.sql.transaction.tahoe.commands.CreateDeltaTableCommand.withOperationTypeTag(CreateDeltaTableCommand.scala:109)
	at com.databricks.sql.transaction.tahoe.metering.DeltaLogging.$anonfun$recordDeltaOperationInternal$2(DeltaLogging.scala:527)
	at com.databricks.spark.util.FrameProfiler$.$anonfun$record$1(FrameProfiler.scala:114)
	at com.databricks.spark.util.FrameProfilerExporter$.maybeExportFrameProfiler(FrameProfilerExporter.scala:201)
	at com.databricks.spark.util.FrameProfiler$.record(FrameProfiler.scala:105)
	at com.databricks.sql.transaction.tahoe.metering.DeltaLogging.recordFrameProfileWithCallSite(DeltaLogging.scala:969)
	at com.databricks.sql.transaction.tahoe.metering.DeltaLogging.recordFrameProfileWithCallSite$(DeltaLogging.scala:966)
	at com.databricks.sql.transaction.tahoe.commands.CreateDeltaTableCommand.recordFrameProfileWithCallSite(CreateDeltaTableCommand.scala:109)
	at com.databricks.sql.transaction.tahoe.metering.DeltaLogging.$anonfun$recordDeltaOperationInternal$1(DeltaLogging.scala:526)
	at com.databricks.logging.UsageLogging.$anonfun$recordOperation$1(UsageLogging.scala:531)
	at com.databricks.logging.UsageLogging.executeThunkAndCaptureResultTags$1(UsageLogging.scala:669)
	at com.databricks.logging.UsageLogging.$anonfun$recordOperationWithResultTags$6(UsageLogging.scala:696)
	at com.databricks.logging.AttributionContextTracing.$anonfun$withAttributionContext$1(AttributionContextTracing.scala:146)
	at com.databricks.logging.AttributionContext$.$anonfun$withValue$1(AttributionContext.scala:349)
	at scala.util.DynamicVariable.withValue(DynamicVariable.scala:59)
	at com.databricks.logging.AttributionContext$.withValue(AttributionContext.scala:345)
	at com.databricks.logging.AttributionContextTracing.withAttributionContext(AttributionContextTracing.scala:144)
	at com.databricks.logging.AttributionContextTracing.withAttributionContext$(AttributionContextTracing.scala:141)
	at com.databricks.spark.util.PublicDBLogging.withAttributionContext(DatabricksSparkUsageLogger.scala:29)
	at com.databricks.logging.AttributionContextTracing.withAttributionTags(AttributionContextTracing.scala:201)
	at com.databricks.logging.AttributionContextTracing.withAttributionTags$(AttributionContextTracing.scala:182)
	at com.databricks.spark.util.PublicDBLogging.withAttributionTags(DatabricksSparkUsageLogger.scala:29)
	at com.databricks.logging.UsageLogging.$anonfun$recordOperationWithResultTags$5(UsageLogging.scala:664)
	at com.databricks.logging.UsageLogging.withOtelSpanInContext$1(UsageLogging.scala:656)
	at com.databricks.logging.UsageLogging.recordOperationWithResultTags(UsageLogging.scala:659)
	at com.databricks.logging.UsageLogging.recordOperationWithResultTags$(UsageLogging.scala:540)
	at com.databricks.spark.util.PublicDBLogging.recordOperationWithResultTags(DatabricksSparkUsageLogger.scala:29)
	at com.databricks.logging.UsageLogging.recordOperation(UsageLogging.scala:532)
	at com.databricks.logging.UsageLogging.recordOperation$(UsageLogging.scala:496)
	at com.databricks.spark.util.PublicDBLogging.recordOperation(DatabricksSparkUsageLogger.scala:29)
	at com.databricks.spark.util.PublicDBLogging.recordOperation0(DatabricksSparkUsageLogger.scala:104)
	at com.databricks.spark.util.DatabricksSparkUsageLogger.recordOperation(DatabricksSparkUsageLogger.scala:193)
	at com.databricks.spark.util.UsageLogger.recordOperation(UsageLogger.scala:78)
	at com.databricks.spark.util.UsageLogger.recordOperation$(UsageLogger.scala:65)
	at com.databricks.spark.util.DatabricksSparkUsageLogger.recordOperation(DatabricksSparkUsageLogger.scala:152)
	at com.databricks.spark.util.UsageLogging.recordOperation(UsageLogger.scala:537)
	at com.databricks.spark.util.UsageLogging.recordOperation$(UsageLogger.scala:516)
	at com.databricks.sql.transaction.tahoe.commands.CreateDeltaTableCommand.recordOperation(CreateDeltaTableCommand.scala:109)
	at com.databricks.sql.transaction.tahoe.metering.DeltaLogging.recordDeltaOperationInternal(DeltaLogging.scala:525)
	at com.databricks.sql.transaction.tahoe.metering.DeltaLogging.recordDeltaOperation(DeltaLogging.scala:515)
	at com.databricks.sql.transaction.tahoe.metering.DeltaLogging.recordDeltaOperation$(DeltaLogging.scala:504)
	at com.databricks.sql.transaction.tahoe.commands.CreateDeltaTableCommand.recordDeltaOperation(CreateDeltaTableCommand.scala:109)
	at com.databricks.sql.transaction.tahoe.commands.CreateDeltaTableCommand.run(CreateDeltaTableCommand.scala:300)
	at com.databricks.sql.transaction.tahoe.catalog.AbstractDeltaCatalog.$anonfun$createDeltaTable$1(AbstractDeltaCatalog.scala:1065)
	at com.databricks.spark.util.FrameProfiler$.$anonfun$record$1(FrameProfiler.scala:114)
	at com.databricks.spark.util.FrameProfilerExporter$.maybeExportFrameProfiler(FrameProfilerExporter.scala:201)
	at com.databricks.spark.util.FrameProfiler$.record(FrameProfiler.scala:105)
	at com.databricks.sql.transaction.tahoe.metering.DeltaLogging.recordFrameProfileWithCallSite(DeltaLogging.scala:969)
	at com.databricks.sql.transaction.tahoe.metering.DeltaLogging.recordFrameProfileWithCallSite$(DeltaLogging.scala:966)
	at com.databricks.sql.transaction.tahoe.catalog.AbstractDeltaCatalog.recordFrameProfileWithCallSite(AbstractDeltaCatalog.scala:203)
	at com.databricks.sql.transaction.tahoe.catalog.AbstractDeltaCatalog.com$databricks$sql$transaction$tahoe$catalog$AbstractDeltaCatalog$$createDeltaTable(AbstractDeltaCatalog.scala:434)
	at com.databricks.sql.transaction.tahoe.catalog.AbstractDeltaCatalog$StagedDeltaTableV2.$anonfun$commitStagedChanges$1(AbstractDeltaCatalog.scala:2543)
	at com.databricks.spark.util.FrameProfiler$.$anonfun$record$1(FrameProfiler.scala:114)
	at com.databricks.spark.util.FrameProfilerExporter$.maybeExportFrameProfiler(FrameProfilerExporter.scala:201)
	at com.databricks.spark.util.FrameProfiler$.record(FrameProfiler.scala:105)
	at com.databricks.sql.transaction.tahoe.metering.DeltaLogging.recordFrameProfileWithCallSite(DeltaLogging.scala:969)
	at com.databricks.sql.transaction.tahoe.metering.DeltaLogging.recordFrameProfileWithCallSite$(DeltaLogging.scala:966)
	at com.databricks.sql.transaction.tahoe.catalog.AbstractDeltaCatalog.recordFrameProfileWithCallSite(AbstractDeltaCatalog.scala:203)
	at com.databricks.sql.transaction.tahoe.catalog.AbstractDeltaCatalog$StagedDeltaTableV2.commitStagedChanges(AbstractDeltaCatalog.scala:2517)
	at org.apache.spark.sql.execution.datasources.v2.DataSourceV2Utils$.commitStagedChanges(DataSourceV2Utils.scala:325)
	at org.apache.spark.sql.execution.datasources.v2.V2CreateTableAsSelectBaseExec.$anonfun$writeToTable$6(WriteToDataSourceV2Exec.scala:1046)
	at scala.runtime.java8.JFunction0$mcV$sp.apply(JFunction0$mcV$sp.scala:18)
	at org.apache.spark.sql.execution.datasources.v2.WriteToDataSourceV2Exec$.handleConcurrentCreateExceptions(WriteToDataSourceV2Exec.scala:79)
	at org.apache.spark.sql.execution.datasources.v2.V2CreateTableAsSelectBaseExec.$anonfun$writeToTable$2(WriteToDataSourceV2Exec.scala:1046)
	at org.apache.spark.util.Utils$.tryWithSafeFinallyAndFailureCallbacks(Utils.scala:1726)
	at org.apache.spark.sql.execution.datasources.v2.V2CreateTableAsSelectBaseExec.$anonfun$writeToTable$1(WriteToDataSourceV2Exec.scala:1026)
	at com.databricks.spark.util.FrameProfiler$.$anonfun$record$1(FrameProfiler.scala:114)
	at com.databricks.spark.util.FrameProfilerExporter$.maybeExportFrameProfiler(FrameProfilerExporter.scala:201)
	at com.databricks.spark.util.FrameProfiler$.record(FrameProfiler.scala:105)
	at org.apache.spark.sql.execution.datasources.v2.V2CreateTableAsSelectBaseExec.writeToTable(WriteToDataSourceV2Exec.scala:1050)
	at org.apache.spark.sql.execution.datasources.v2.V2CreateTableAsSelectBaseExec.writeToTable$(WriteToDataSourceV2Exec.scala:1012)
	at org.apache.spark.sql.execution.datasources.v2.AtomicReplaceTableAsSelectExec.writeToTable(WriteToDataSourceV2Exec.scala:287)
	at org.apache.spark.sql.execution.datasources.v2.AtomicReplaceTableAsSelectExec.run(WriteToDataSourceV2Exec.scala:372)
	at org.apache.spark.sql.execution.datasources.v2.V2CommandExec.$anonfun$result$2(V2CommandExec.scala:48)
	at org.apache.spark.sql.execution.SparkPlan.runCommandInAetherOrSpark(SparkPlan.scala:202)
	at org.apache.spark.sql.execution.datasources.v2.V2CommandExec.$anonfun$result$1(V2CommandExec.scala:48)
	at com.databricks.spark.util.FrameProfiler$.$anonfun$record$1(FrameProfiler.scala:114)
	at com.databricks.spark.util.FrameProfilerExporter$.maybeExportFrameProfiler(FrameProfilerExporter.scala:201)
	at com.databricks.spark.util.FrameProfiler$.record(FrameProfiler.scala:105)
	at org.apache.spark.sql.execution.datasources.v2.V2CommandExec.result$lzycompute(V2CommandExec.scala:47)
	at org.apache.spark.sql.execution.datasources.v2.V2CommandExec.result(V2CommandExec.scala:45)
	at org.apache.spark.sql.execution.datasources.v2.V2CommandExec.executeCollect(V2CommandExec.scala:56)
	at org.apache.spark.sql.execution.QueryExecution$.$anonfun$runCommand$12(QueryExecution.scala:1968)
	at com.databricks.util.LexicalThreadLocal$Handle.runWith(LexicalThreadLocal.scala:63)
	at org.apache.spark.sql.execution.QueryExecution$.$anonfun$runCommand$11(QueryExecution.scala:1962)
	at com.databricks.util.LexicalThreadLocal$Handle.runWith(LexicalThreadLocal.scala:63)
	at org.apache.spark.sql.execution.QueryExecution$.executeWithCaches$1(QueryExecution.scala:1962)
	at org.apache.spark.sql.execution.QueryExecution$.$anonfun$runCommand$10(QueryExecution.scala:1968)
	at org.apache.spark.sql.catalyst.QueryPlanningTracker$.withTracker(QueryPlanningTracker.scala:275)
	at org.apache.spark.sql.execution.QueryExecution$.$anonfun$runCommand$9(QueryExecution.scala:1955)
	at org.apache.spark.sql.execution.SQLExecution$.$anonfun$withNewExecutionId0$24(SQLExecution.scala:1112)
	at com.databricks.sql.util.MemoryTrackerHelper.withMemoryTracking(MemoryTrackerHelper.scala:111)
	at org.apache.spark.sql.execution.SQLExecution$.$anonfun$withNewExecutionId0$21(SQLExecution.scala:1032)
	at com.databricks.unity.UCSManager$.withTemporaryScope(UCSManager.scala:168)
	at org.apache.spark.sql.execution.SQLExecution$.$anonfun$withNewExecutionId0$20(SQLExecution.scala:928)
	at org.apache.spark.sql.execution.SQLExecution$.withSessionTagsApplied(SQLExecution.scala:1572)
	at org.apache.spark.sql.execution.SQLExecution$.$anonfun$withNewExecutionId0$19(SQLExecution.scala:917)
	at org.apache.spark.JobArtifactSet$.withActiveJobArtifactState(JobArtifactSet.scala:97)
	at org.apache.spark.sql.artifact.ArtifactManager.$anonfun$withResources$1(ArtifactManager.scala:124)
	at org.apache.spark.sql.artifact.ArtifactManager.withClassLoaderIfNeeded(ArtifactManager.scala:118)
	at org.apache.spark.sql.artifact.ArtifactManager.withResources(ArtifactManager.scala:123)
	at org.apache.spark.sql.execution.SQLExecution$.$anonfun$withNewExecutionId0$18(SQLExecution.scala:917)
	at org.apache.spark.sql.execution.SQLExecution$.withSQLConfPropagated(SQLExecution.scala:1607)
	at org.apache.spark.sql.execution.SQLExecution$.$anonfun$withNewExecutionId0$1(SQLExecution.scala:916)
	at org.apache.spark.sql.SparkSession.withActive(SparkSession.scala:866)
	at org.apache.spark.sql.execution.SQLExecution$.withNewExecutionId0(SQLExecution.scala:657)
	at org.apache.spark.sql.execution.SQLExecution$.withNewExecutionId(SQLExecution.scala:1525)
	at org.apache.spark.sql.execution.QueryExecution$.$anonfun$runCommand$8(QueryExecution.scala:1955)
	at org.apache.spark.sql.execution.QueryExecution$.withInternalError(QueryExecution.scala:1822)
	at org.apache.spark.sql.execution.QueryExecution$.$anonfun$runCommand$7(QueryExecution.scala:1951)
	at org.apache.spark.sql.execution.QueryExecution.withMVTagsIfNecessary(QueryExecution.scala:710)
	at org.apache.spark.sql.execution.QueryExecution$.$anonfun$runCommand$4(QueryExecution.scala:1936)
	at scala.Option.map(Option.scala:242)
	at org.apache.spark.sql.execution.QueryExecution$.executeWithMVTags$1(QueryExecution.scala:1936)
	at org.apache.spark.sql.execution.QueryExecution$.runCommand(QueryExecution.scala:1949)
	at org.apache.spark.sql.execution.QueryExecution.org$apache$spark$sql$execution$QueryExecution$$eagerlyExecute$1(QueryExecution.scala:747)
	at org.apache.spark.sql.execution.QueryExecution$$anonfun$$nestedInanonfun$eagerlyExecuteCommands$1$1.applyOrElse(QueryExecution.scala:764)
	at org.apache.spark.sql.execution.QueryExecution$$anonfun$$nestedInanonfun$eagerlyExecuteCommands$1$1.applyOrElse(QueryExecution.scala:756)
	at org.apache.spark.sql.catalyst.trees.TreeNode.$anonfun$transformDownWithPruning$1(TreeNode.scala:610)
	at org.apache.spark.sql.catalyst.trees.CurrentOrigin$.withOrigin(origin.scala:142)
	at org.apache.spark.sql.catalyst.trees.TreeNode.transformDownWithPruning(TreeNode.scala:610)
	at org.apache.spark.sql.catalyst.plans.logical.LogicalPlan.org$apache$spark$sql$catalyst$plans$logical$AnalysisHelper$$super$transformDownWithPruning(LogicalPlan.scala:48)
	at org.apache.spark.sql.catalyst.plans.logical.AnalysisHelper.transformDownWithPruning(AnalysisHelper.scala:361)
	at org.apache.spark.sql.catalyst.plans.logical.AnalysisHelper.transformDownWithPruning$(AnalysisHelper.scala:357)
	at org.apache.spark.sql.catalyst.plans.logical.LogicalPlan.transformDownWithPruning(LogicalPlan.scala:48)
	at org.apache.spark.sql.catalyst.plans.logical.LogicalPlan.transformDownWithPruning(LogicalPlan.scala:48)
	at org.apache.spark.sql.catalyst.trees.TreeNode.transformDown(TreeNode.scala:586)
	at org.apache.spark.sql.execution.QueryExecution.$anonfun$eagerlyExecuteCommands$1(QueryExecution.scala:756)
	at org.apache.spark.sql.catalyst.plans.logical.AnalysisHelper$.allowInvokingTransformsInAnalyzer(AnalysisHelper.scala:418)
	at org.apache.spark.sql.execution.QueryExecution.eagerlyExecuteCommands(QueryExecution.scala:756)
	at org.apache.spark.sql.execution.QueryExecution.$anonfun$lazyCommandExecuted$1(QueryExecution.scala:666)
	at scala.util.Try$.apply(Try.scala:217)
	at org.apache.spark.util.Utils$.doTryWithCallerStacktrace(Utils.scala:1796)
	at org.apache.spark.util.LazyTry.tryT$lzycompute(LazyTry.scala:60)
	at org.apache.spark.util.LazyTry.tryT(LazyTry.scala:59)
	at org.apache.spark.util.LazyTry.get(LazyTry.scala:78)
	at org.apache.spark.sql.execution.QueryExecution.commandExecuted(QueryExecution.scala:671)
	at org.apache.spark.sql.execution.QueryExecution.assertCommandExecuted(QueryExecution.scala:804)
	at org.apache.spark.sql.classic.DataFrameWriter.runCommand(DataFrameWriter.scala:887)
	at org.apache.spark.sql.classic.DataFrameWriter.saveAsTable(DataFrameWriter.scala:732)
	at org.apache.spark.sql.classic.DataFrameWriter.saveAsTable(DataFrameWriter.scala:630)
	at org.apache.spark.sql.connect.planner.SparkConnectPlanner.handleWriteOperation(SparkConnectPlanner.scala:4607)
	at org.apache.spark.sql.connect.planner.SparkConnectPlanner.process(SparkConnectPlanner.scala:3782)
	at org.apache.spark.sql.connect.execution.ExecuteThreadRunner.handleCommand(ExecuteThreadRunner.scala:530)
	at org.apache.spark.sql.connect.execution.ExecuteThreadRunner.$anonfun$executeInternal$1(ExecuteThreadRunner.scala:420)
	at org.apache.spark.sql.connect.execution.ExecuteThreadRunner.$anonfun$executeInternal$1$adapted(ExecuteThreadRunner.scala:340)
	at org.apache.spark.sql.connect.service.SessionHolder.$anonfun$withSession$2(SessionHolder.scala:844)
	at org.apache.spark.sql.SparkSession.withActive(SparkSession.scala:866)
	at org.apache.spark.sql.connect.service.SessionHolder.$anonfun$withSession$1(SessionHolder.scala:844)
	at org.apache.spark.JobArtifactSet$.withActiveJobArtifactState(JobArtifactSet.scala:97)
	at org.apache.spark.sql.artifact.ArtifactManager.$anonfun$withResources$1(ArtifactManager.scala:124)
	at org.apache.spark.sql.artifact.ArtifactManager.withClassLoaderIfNeeded(ArtifactManager.scala:118)
	at org.apache.spark.sql.artifact.ArtifactManager.withResources(ArtifactManager.scala:123)
	at org.apache.spark.sql.connect.service.SessionHolder.withSession(SessionHolder.scala:843)
	at org.apache.spark.sql.connect.execution.ExecuteThreadRunner.executeInternal(ExecuteThreadRunner.scala:340)
	at org.apache.spark.sql.connect.execution.ExecuteThreadRunner.$anonfun$execute$1(ExecuteThreadRunner.scala:200)
	at scala.runtime.java8.JFunction0$mcV$sp.apply(JFunction0$mcV$sp.scala:18)
	at com.databricks.spark.connect.service.UtilizationMetrics.recordActiveQueries(UtilizationMetrics.scala:92)
	at com.databricks.spark.connect.service.UtilizationMetrics.recordActiveQueries$(UtilizationMetrics.scala:89)
	at org.apache.spark.sql.connect.execution.ExecuteThreadRunner.recordActiveQueries(ExecuteThreadRunner.scala:61)
	at org.apache.spark.sql.connect.execution.ExecuteThreadRunner.org$apache$spark$sql$connect$execution$ExecuteThreadRunner$$execute(ExecuteThreadRunner.scala:192)
	at org.apache.spark.sql.connect.execution.ExecuteThreadRunner$ExecutionThread.$anonfun$run$3(ExecuteThreadRunner.scala:601)
	at scala.runtime.java8.JFunction0$mcV$sp.apply(JFunction0$mcV$sp.scala:18)
	at com.databricks.spark.util.DBRTracing$.withSpanFromParent(DBRTracing.scala:70)
	at org.apache.spark.sql.connect.execution.ExecuteThreadRunner$ExecutionThread.$anonfun$run$2(ExecuteThreadRunner.scala:601)
	at scala.runtime.java8.JFunction0$mcV$sp.apply(JFunction0$mcV$sp.scala:18)
	at com.databricks.unity.UCSEphemeralState$Handle.runWith(UCSEphemeralState.scala:51)
	at com.databricks.unity.HandleImpl.runWith(UCSHandle.scala:128)
	at com.databricks.unity.HandleImpl.$anonfun$runWithAndClose$1(UCSHandle.scala:133)
	at scala.util.Using$.resource(Using.scala:296)
	at com.databricks.unity.HandleImpl.runWithAndClose(UCSHandle.scala:132)
	at org.apache.spark.sql.connect.execution.ExecuteThreadRunner$ExecutionThread.run(ExecuteThreadRunner.scala:600)
2026-07-17 20:40:51,576 | ERROR | Error in pipeline : [DELTA_FAILED_TO_MERGE_FIELDS] Failed to merge fields 'tpep_pickup_datetime' and 'tpep_pickup_datetime'.

JVM stacktrace:
com.databricks.sql.transaction.tahoe.DeltaAnalysisException
	at com.databricks.sql.transaction.tahoe.schema.SchemaMergingUtils$.$anonfun$mergeDataTypes$1(SchemaMergingUtils.scala:232)
	at scala.collection.ArrayOps$.map$extension(ArrayOps.scala:936)
	at com.databricks.sql.transaction.tahoe.schema.SchemaMergingUtils$.merge$1(SchemaMergingUtils.scala:218)
	at com.databricks.sql.transaction.tahoe.schema.SchemaMergingUtils$.mergeDataTypes(SchemaMergingUtils.scala:336)
	at com.databricks.sql.transaction.tahoe.schema.SchemaMergingUtils$.mergeSchemas(SchemaMergingUtils.scala:180)
	at com.databricks.sql.transaction.tahoe.schema.ImplicitMetadataOperation$.mergeSchema(ImplicitMetadataOperation.scala:367)
	at com.databricks.sql.transaction.tahoe.schema.ImplicitMetadataOperation.updateMetadata(ImplicitMetadataOperation.scala:113)
	at com.databricks.sql.transaction.tahoe.schema.ImplicitMetadataOperation.updateMetadata$(ImplicitMetadataOperation.scala:92)
	at com.databricks.sql.transaction.tahoe.commands.WriteIntoDeltaEdge.updateMetadata(WriteIntoDeltaEdge.scala:137)
	at com.databricks.sql.transaction.tahoe.commands.WriteIntoDeltaEdge.writeAndReturnCommitDataAndMaterializationPlans(WriteIntoDeltaEdge.scala:548)
	at com.databricks.sql.transaction.tahoe.commands.WriteIntoDeltaEdge.writeAndReturnCommitData(WriteIntoDeltaEdge.scala:369)
	at com.databricks.sql.transaction.tahoe.commands.CreateDeltaTableCommand.doDeltaWrite$1(CreateDeltaTableCommand.scala:784)
	at com.databricks.sql.transaction.tahoe.commands.CreateDeltaTableCommand.handleCreateTableAsSelect(CreateDeltaTableCommand.scala:932)
	at com.databricks.sql.transaction.tahoe.commands.CreateDeltaTableCommand.$anonfun$handleCommit$1(CreateDeltaTableCommand.scala:463)
	at com.databricks.sql.transaction.tahoe.OptimisticTransaction$.withActive(OptimisticTransaction.scala:324)
	at com.databricks.sql.transaction.tahoe.commands.CreateDeltaTableCommand.handleCommit(CreateDeltaTableCommand.scala:443)
	at com.databricks.sql.transaction.tahoe.commands.CreateDeltaTableCommand.$anonfun$run$9(CreateDeltaTableCommand.scala:346)
	at com.databricks.sql.transaction.tahoe.metering.DeltaLogging.withOperationTypeTag(DeltaLogging.scala:854)
	at com.databricks.sql.transaction.tahoe.metering.DeltaLogging.withOperationTypeTag$(DeltaLogging.scala:841)
	at com.databricks.sql.transaction.tahoe.commands.CreateDeltaTableCommand.withOperationTypeTag(CreateDeltaTableCommand.scala:109)
	at com.databricks.sql.transaction.tahoe.metering.DeltaLogging.$anonfun$recordDeltaOperationInternal$2(DeltaLogging.scala:527)
	at com.databricks.spark.util.FrameProfiler$.$anonfun$record$1(FrameProfiler.scala:114)
	at com.databricks.spark.util.FrameProfilerExporter$.maybeExportFrameProfiler(FrameProfilerExporter.scala:201)
	at com.databricks.spark.util.FrameProfiler$.record(FrameProfiler.scala:105)
	at com.databricks.sql.transaction.tahoe.metering.DeltaLogging.recordFrameProfileWithCallSite(DeltaLogging.scala:969)
	at com.databricks.sql.transaction.tahoe.metering.DeltaLogging.recordFrameProfileWithCallSite$(DeltaLogging.scala:966)
	at com.databricks.sql.transaction.tahoe.commands.CreateDeltaTableCommand.recordFrameProfileWithCallSite(CreateDeltaTableCommand.scala:109)
	at com.databricks.sql.transaction.tahoe.metering.DeltaLogging.$anonfun$recordDeltaOperationInternal$1(DeltaLogging.scala:526)
	at com.databricks.logging.UsageLogging.$anonfun$recordOperation$1(UsageLogging.scala:531)
	at com.databricks.logging.UsageLogging.executeThunkAndCaptureResultTags$1(UsageLogging.scala:669)
	at com.databricks.logging.UsageLogging.$anonfun$recordOperationWithResultTags$6(UsageLogging.scala:696)
	at com.databricks.logging.AttributionContextTracing.$anonfun$withAttributionContext$1(AttributionContextTracing.scala:146)
	at com.databricks.logging.AttributionContext$.$anonfun$withValue$1(AttributionContext.scala:349)
	at scala.util.DynamicVariable.withValue(DynamicVariable.scala:59)
	at com.databricks.logging.AttributionContext$.withValue(AttributionContext.scala:345)
	at com.databricks.logging.AttributionContextTracing.withAttributionContext(AttributionContextTracing.scala:144)
	at com.databricks.logging.AttributionContextTracing.withAttributionContext$(AttributionContextTracing.scala:141)
	at com.databricks.spark.util.PublicDBLogging.withAttributionContext(DatabricksSparkUsageLogger.scala:29)
	at com.databricks.logging.AttributionContextTracing.withAttributionTags(AttributionContextTracing.scala:201)
	at com.databricks.logging.AttributionContextTracing.withAttributionTags$(AttributionContextTracing.scala:182)
	at com.databricks.spark.util.PublicDBLogging.withAttributionTags(DatabricksSparkUsageLogger.scala:29)
	at com.databricks.logging.UsageLogging.$anonfun$recordOperationWithResultTags$5(UsageLogging.scala:664)
	at com.databricks.logging.UsageLogging.withOtelSpanInContext$1(UsageLogging.scala:656)
	at com.databricks.logging.UsageLogging.recordOperationWithResultTags(UsageLogging.scala:659)
	at com.databricks.logging.UsageLogging.recordOperationWithResultTags$(UsageLogging.scala:540)
	at com.databricks.spark.util.PublicDBLogging.recordOperationWithResultTags(DatabricksSparkUsageLogger.scala:29)
	at com.databricks.logging.UsageLogging.recordOperation(UsageLogging.scala:532)
	at com.databricks.logging.UsageLogging.recordOperation$(UsageLogging.scala:496)
	at com.databricks.spark.util.PublicDBLogging.recordOperation(DatabricksSparkUsageLogger.scala:29)
	at com.databricks.spark.util.PublicDBLogging.recordOperation0(DatabricksSparkUsageLogger.scala:104)
	at com.databricks.spark.util.DatabricksSparkUsageLogger.recordOperation(DatabricksSparkUsageLogger.scala:193)
	at com.databricks.spark.util.UsageLogger.recordOperation(UsageLogger.scala:78)
	at com.databricks.spark.util.UsageLogger.recordOperation$(UsageLogger.scala:65)
	at com.databricks.spark.util.DatabricksSparkUsageLogger.recordOperation(DatabricksSparkUsageLogger.scala:152)
	at com.databricks.spark.util.UsageLogging.recordOperation(UsageLogger.scala:537)
	at com.databricks.spark.util.UsageLogging.recordOperation$(UsageLogger.scala:516)
	at com.databricks.sql.transaction.tahoe.commands.CreateDeltaTableCommand.recordOperation(CreateDeltaTableCommand.scala:109)
	at com.databricks.sql.transaction.tahoe.metering.DeltaLogging.recordDeltaOperationInternal(DeltaLogging.scala:525)
	at com.databricks.sql.transaction.tahoe.metering.DeltaLogging.recordDeltaOperation(DeltaLogging.scala:515)
	at com.databricks.sql.transaction.tahoe.metering.DeltaLogging.recordDeltaOperation$(DeltaLogging.scala:504)
	at com.databricks.sql.transaction.tahoe.commands.CreateDeltaTableCommand.recordDeltaOperation(CreateDeltaTableCommand.scala:109)
	at com.databricks.sql.transaction.tahoe.commands.CreateDeltaTableCommand.run(CreateDeltaTableCommand.scala:300)
	at com.databricks.sql.transaction.tahoe.catalog.AbstractDeltaCatalog.$anonfun$createDeltaTable$1(AbstractDeltaCatalog.scala:1065)
	at com.databricks.spark.util.FrameProfiler$.$anonfun$record$1(FrameProfiler.scala:114)
	at com.databricks.spark.util.FrameProfilerExporter$.maybeExportFrameProfiler(FrameProfilerExporter.scala:201)
	at com.databricks.spark.util.FrameProfiler$.record(FrameProfiler.scala:105)
	at com.databricks.sql.transaction.tahoe.metering.DeltaLogging.recordFrameProfileWithCallSite(DeltaLogging.scala:969)
	at com.databricks.sql.transaction.tahoe.metering.DeltaLogging.recordFrameProfileWithCallSite$(DeltaLogging.scala:966)
	at com.databricks.sql.transaction.tahoe.catalog.AbstractDeltaCatalog.recordFrameProfileWithCallSite(AbstractDeltaCatalog.scala:203)
	at com.databricks.sql.transaction.tahoe.catalog.AbstractDeltaCatalog.com$databricks$sql$transaction$tahoe$catalog$AbstractDeltaCatalog$$createDeltaTable(AbstractDeltaCatalog.scala:434)
	at com.databricks.sql.transaction.tahoe.catalog.AbstractDeltaCatalog$StagedDeltaTableV2.$anonfun$commitStagedChanges$1(AbstractDeltaCatalog.scala:2543)
	at com.databricks.spark.util.FrameProfiler$.$anonfun$record$1(FrameProfiler.scala:114)
	at com.databricks.spark.util.FrameProfilerExporter$.maybeExportFrameProfiler(FrameProfilerExporter.scala:201)
	at com.databricks.spark.util.FrameProfiler$.record(FrameProfiler.scala:105)
	at com.databricks.sql.transaction.tahoe.metering.DeltaLogging.recordFrameProfileWithCallSite(DeltaLogging.scala:969)
	at com.databricks.sql.transaction.tahoe.metering.DeltaLogging.recordFrameProfileWithCallSite$(DeltaLogging.scala:966)
	at com.databricks.sql.transaction.tahoe.catalog.AbstractDeltaCatalog.recordFrameProfileWithCallSite(AbstractDeltaCatalog.scala:203)
	at com.databricks.sql.transaction.tahoe.catalog.AbstractDeltaCatalog$StagedDeltaTableV2.commitStagedChanges(AbstractDeltaCatalog.scala:2517)
	at org.apache.spark.sql.execution.datasources.v2.DataSourceV2Utils$.commitStagedChanges(DataSourceV2Utils.scala:325)
	at org.apache.spark.sql.execution.datasources.v2.V2CreateTableAsSelectBaseExec.$anonfun$writeToTable$6(WriteToDataSourceV2Exec.scala:1046)
	at scala.runtime.java8.JFunction0$mcV$sp.apply(JFunction0$mcV$sp.scala:18)
	at org.apache.spark.sql.execution.datasources.v2.WriteToDataSourceV2Exec$.handleConcurrentCreateExceptions(WriteToDataSourceV2Exec.scala:79)
	at org.apache.spark.sql.execution.datasources.v2.V2CreateTableAsSelectBaseExec.$anonfun$writeToTable$2(WriteToDataSourceV2Exec.scala:1046)
	at org.apache.spark.util.Utils$.tryWithSafeFinallyAndFailureCallbacks(Utils.scala:1726)
	at org.apache.spark.sql.execution.datasources.v2.V2CreateTableAsSelectBaseExec.$anonfun$writeToTable$1(WriteToDataSourceV2Exec.scala:1026)
	at com.databricks.spark.util.FrameProfiler$.$anonfun$record$1(FrameProfiler.scala:114)
	at com.databricks.spark.util.FrameProfilerExporter$.maybeExportFrameProfiler(FrameProfilerExporter.scala:201)
	at com.databricks.spark.util.FrameProfiler$.record(FrameProfiler.scala:105)
	at org.apache.spark.sql.execution.datasources.v2.V2CreateTableAsSelectBaseExec.writeToTable(WriteToDataSourceV2Exec.scala:1050)
	at org.apache.spark.sql.execution.datasources.v2.V2CreateTableAsSelectBaseExec.writeToTable$(WriteToDataSourceV2Exec.scala:1012)
	at org.apache.spark.sql.execution.datasources.v2.AtomicReplaceTableAsSelectExec.writeToTable(WriteToDataSourceV2Exec.scala:287)
	at org.apache.spark.sql.execution.datasources.v2.AtomicReplaceTableAsSelectExec.run(WriteToDataSourceV2Exec.scala:372)
	at org.apache.spark.sql.execution.datasources.v2.V2CommandExec.$anonfun$result$2(V2CommandExec.scala:48)
	at org.apache.spark.sql.execution.SparkPlan.runCommandInAetherOrSpark(SparkPlan.scala:202)
	at org.apache.spark.sql.execution.datasources.v2.V2CommandExec.$anonfun$result$1(V2CommandExec.scala:48)
	at com.databricks.spark.util.FrameProfiler$.$anonfun$record$1(FrameProfiler.scala:114)
	at com.databricks.spark.util.FrameProfilerExporter$.maybeExportFrameProfiler(FrameProfilerExporter.scala:201)
	at com.databricks.spark.util.FrameProfiler$.record(FrameProfiler.scala:105)
	at org.apache.spark.sql.execution.datasources.v2.V2CommandExec.result$lzycompute(V2CommandExec.scala:47)
	at org.apache.spark.sql.execution.datasources.v2.V2CommandExec.result(V2CommandExec.scala:45)
	at org.apache.spark.sql.execution.datasources.v2.V2CommandExec.executeCollect(V2CommandExec.scala:56)
	at org.apache.spark.sql.execution.QueryExecution$.$anonfun$runCommand$12(QueryExecution.scala:1968)
	at com.databricks.util.LexicalThreadLocal$Handle.runWith(LexicalThreadLocal.scala:63)
	at org.apache.spark.sql.execution.QueryExecution$.$anonfun$runCommand$11(QueryExecution.scala:1962)
	at com.databricks.util.LexicalThreadLocal$Handle.runWith(LexicalThreadLocal.scala:63)
	at org.apache.spark.sql.execution.QueryExecution$.executeWithCaches$1(QueryExecution.scala:1962)
	at org.apache.spark.sql.execution.QueryExecution$.$anonfun$runCommand$10(QueryExecution.scala:1968)
	at org.apache.spark.sql.catalyst.QueryPlanningTracker$.withTracker(QueryPlanningTracker.scala:275)
	at org.apache.spark.sql.execution.QueryExecution$.$anonfun$runCommand$9(QueryExecution.scala:1955)
	at org.apache.spark.sql.execution.SQLExecution$.$anonfun$withNewExecutionId0$24(SQLExecution.scala:1112)
	at com.databricks.sql.util.MemoryTrackerHelper.withMemoryTracking(MemoryTrackerHelper.scala:111)
	at org.apache.spark.sql.execution.SQLExecution$.$anonfun$withNewExecutionId0$21(SQLExecution.scala:1032)
	at com.databricks.unity.UCSManager$.withTemporaryScope(UCSManager.scala:168)
	at org.apache.spark.sql.execution.SQLExecution$.$anonfun$withNewExecutionId0$20(SQLExecution.scala:928)
	at org.apache.spark.sql.execution.SQLExecution$.withSessionTagsApplied(SQLExecution.scala:1572)
	at org.apache.spark.sql.execution.SQLExecution$.$anonfun$withNewExecutionId0$19(SQLExecution.scala:917)
	at org.apache.spark.JobArtifactSet$.withActiveJobArtifactState(JobArtifactSet.scala:97)
	at org.apache.spark.sql.artifact.ArtifactManager.$anonfun$withResources$1(ArtifactManager.scala:124)
	at org.apache.spark.sql.artifact.ArtifactManager.withClassLoaderIfNeeded(ArtifactManager.scala:118)
	at org.apache.spark.sql.artifact.ArtifactManager.withResources(ArtifactManager.scala:123)
	at org.apache.spark.sql.execution.SQLExecution$.$anonfun$withNewExecutionId0$18(SQLExecution.scala:917)
	at org.apache.spark.sql.execution.SQLExecution$.withSQLConfPropagated(SQLExecution.scala:1607)
	at org.apache.spark.sql.execution.SQLExecution$.$anonfun$withNewExecutionId0$1(SQLExecution.scala:916)
	at org.apache.spark.sql.SparkSession.withActive(SparkSession.scala:866)
	at org.apache.spark.sql.execution.SQLExecution$.withNewExecutionId0(SQLExecution.scala:657)
	at org.apache.spark.sql.execution.SQLExecution$.withNewExecutionId(SQLExecution.scala:1525)
	at org.apache.spark.sql.execution.QueryExecution$.$anonfun$runCommand$8(QueryExecution.scala:1955)
	at org.apache.spark.sql.execution.QueryExecution$.withInternalError(QueryExecution.scala:1822)
	at org.apache.spark.sql.execution.QueryExecution$.$anonfun$runCommand$7(QueryExecution.scala:1951)
	at org.apache.spark.sql.execution.QueryExecution.withMVTagsIfNecessary(QueryExecution.scala:710)
	at org.apache.spark.sql.execution.QueryExecution$.$anonfun$runCommand$4(QueryExecution.scala:1936)
	at scala.Option.map(Option.scala:242)
	at org.apache.spark.sql.execution.QueryExecution$.executeWithMVTags$1(QueryExecution.scala:1936)
	at org.apache.spark.sql.execution.QueryExecution$.runCommand(QueryExecution.scala:1949)
	at org.apache.spark.sql.execution.QueryExecution.org$apache$spark$sql$execution$QueryExecution$$eagerlyExecute$1(QueryExecution.scala:747)
	at org.apache.spark.sql.execution.QueryExecution$$anonfun$$nestedInanonfun$eagerlyExecuteCommands$1$1.applyOrElse(QueryExecution.scala:764)
	at org.apache.spark.sql.execution.QueryExecution$$anonfun$$nestedInanonfun$eagerlyExecuteCommands$1$1.applyOrElse(QueryExecution.scala:756)
	at org.apache.spark.sql.catalyst.trees.TreeNode.$anonfun$transformDownWithPruning$1(TreeNode.scala:610)
	at org.apache.spark.sql.catalyst.trees.CurrentOrigin$.withOrigin(origin.scala:142)
	at org.apache.spark.sql.catalyst.trees.TreeNode.transformDownWithPruning(TreeNode.scala:610)
	at org.apache.spark.sql.catalyst.plans.logical.LogicalPlan.org$apache$spark$sql$catalyst$plans$logical$AnalysisHelper$$super$transformDownWithPruning(LogicalPlan.scala:48)
	at org.apache.spark.sql.catalyst.plans.logical.AnalysisHelper.transformDownWithPruning(AnalysisHelper.scala:361)
	at org.apache.spark.sql.catalyst.plans.logical.AnalysisHelper.transformDownWithPruning$(AnalysisHelper.scala:357)
	at org.apache.spark.sql.catalyst.plans.logical.LogicalPlan.transformDownWithPruning(LogicalPlan.scala:48)
	at org.apache.spark.sql.catalyst.plans.logical.LogicalPlan.transformDownWithPruning(LogicalPlan.scala:48)
	at org.apache.spark.sql.catalyst.trees.TreeNode.transformDown(TreeNode.scala:586)
	at org.apache.spark.sql.execution.QueryExecution.$anonfun$eagerlyExecuteCommands$1(QueryExecution.scala:756)
	at org.apache.spark.sql.catalyst.plans.logical.AnalysisHelper$.allowInvokingTransformsInAnalyzer(AnalysisHelper.scala:418)
	at org.apache.spark.sql.execution.QueryExecution.eagerlyExecuteCommands(QueryExecution.scala:756)
	at org.apache.spark.sql.execution.QueryExecution.$anonfun$lazyCommandExecuted$1(QueryExecution.scala:666)
	at scala.util.Try$.apply(Try.scala:217)
	at org.apache.spark.util.Utils$.doTryWithCallerStacktrace(Utils.scala:1796)
	at org.apache.spark.util.Utils$.getTryWithCallerStacktrace(Utils.scala:1846)
	at org.apache.spark.util.LazyTry.get(LazyTry.scala:78)
	at org.apache.spark.sql.execution.QueryExecution.commandExecuted(QueryExecution.scala:671)
	at org.apache.spark.sql.execution.QueryExecution.assertCommandExecuted(QueryExecution.scala:804)
	at org.apache.spark.sql.classic.DataFrameWriter.runCommand(DataFrameWriter.scala:887)
	at org.apache.spark.sql.classic.DataFrameWriter.saveAsTable(DataFrameWriter.scala:732)
	at org.apache.spark.sql.classic.DataFrameWriter.saveAsTable(DataFrameWriter.scala:630)
	at org.apache.spark.sql.connect.planner.SparkConnectPlanner.handleWriteOperation(SparkConnectPlanner.scala:4607)
	at org.apache.spark.sql.connect.planner.SparkConnectPlanner.process(SparkConnectPlanner.scala:3782)
	at org.apache.spark.sql.connect.execution.ExecuteThreadRunner.handleCommand(ExecuteThreadRunner.scala:530)
	at org.apache.spark.sql.connect.execution.ExecuteThreadRunner.$anonfun$executeInternal$1(ExecuteThreadRunner.scala:420)
	at org.apache.spark.sql.connect.execution.ExecuteThreadRunner.$anonfun$executeInternal$1$adapted(ExecuteThreadRunner.scala:340)
	at org.apache.spark.sql.connect.service.SessionHolder.$anonfun$withSession$2(SessionHolder.scala:844)
	at org.apache.spark.sql.SparkSession.withActive(SparkSession.scala:866)
	at org.apache.spark.sql.connect.service.SessionHolder.$anonfun$withSession$1(SessionHolder.scala:844)
	at org.apache.spark.JobArtifactSet$.withActiveJobArtifactState(JobArtifactSet.scala:97)
	at org.apache.spark.sql.artifact.ArtifactManager.$anonfun$withResources$1(ArtifactManager.scala:124)
	at org.apache.spark.sql.artifact.ArtifactManager.withClassLoaderIfNeeded(ArtifactManager.scala:118)
	at org.apache.spark.sql.artifact.ArtifactManager.withResources(ArtifactManager.scala:123)
	at org.apache.spark.sql.connect.service.SessionHolder.withSession(SessionHolder.scala:843)
	at org.apache.spark.sql.connect.execution.ExecuteThreadRunner.executeInternal(ExecuteThreadRunner.scala:340)
	at org.apache.spark.sql.connect.execution.ExecuteThreadRunner.$anonfun$execute$1(ExecuteThreadRunner.scala:200)
	at scala.runtime.java8.JFunction0$mcV$sp.apply(JFunction0$mcV$sp.scala:18)
	at com.databricks.spark.connect.service.UtilizationMetrics.recordActiveQueries(UtilizationMetrics.scala:92)
	at com.databricks.spark.connect.service.UtilizationMetrics.recordActiveQueries$(UtilizationMetrics.scala:89)
	at org.apache.spark.sql.connect.execution.ExecuteThreadRunner.recordActiveQueries(ExecuteThreadRunner.scala:61)
	at org.apache.spark.sql.connect.execution.ExecuteThreadRunner.org$apache$spark$sql$connect$execution$ExecuteThreadRunner$$execute(ExecuteThreadRunner.scala:192)
	at org.apache.spark.sql.connect.execution.ExecuteThreadRunner$ExecutionThread.$anonfun$run$3(ExecuteThreadRunner.scala:601)
	at scala.runtime.java8.JFunction0$mcV$sp.apply(JFunction0$mcV$sp.scala:18)
	at com.databricks.spark.util.DBRTracing$.withSpanFromParent(DBRTracing.scala:70)
	at org.apache.spark.sql.connect.execution.ExecuteThreadRunner$ExecutionThread.$anonfun$run$2(ExecuteThreadRunner.scala:601)
	at scala.runtime.java8.JFunction0$mcV$sp.apply(JFunction0$mcV$sp.scala:18)
	at com.databricks.unity.UCSEphemeralState$Handle.runWith(UCSEphemeralState.scala:51)
	at com.databricks.unity.HandleImpl.runWith(UCSHandle.scala:128)
	at com.databricks.unity.HandleImpl.$anonfun$runWithAndClose$1(UCSHandle.scala:133)
	at scala.util.Using$.resource(Using.scala:296)
	at com.databricks.unity.HandleImpl.runWithAndClose(UCSHandle.scala:132)
	at org.apache.spark.sql.connect.execution.ExecuteThreadRunner$ExecutionThread.run(ExecuteThreadRunner.scala:600)
Caused by: com.databricks.sql.transaction.tahoe.DeltaAnalysisException: [DELTA_MERGE_INCOMPATIBLE_DATATYPE] Failed to merge incompatible data types TimestampType and TimestampNTZType.
	at com.databricks.sql.transaction.tahoe.schema.SchemaMergingUtils$.merge$1(SchemaMergingUtils.scala:332)
	at com.databricks.sql.transaction.tahoe.schema.SchemaMergingUtils$.$anonfun$mergeDataTypes$1(SchemaMergingUtils.scala:227)
	at scala.collection.ArrayOps$.map$extension(ArrayOps.scala:936)
	at com.databricks.sql.transaction.tahoe.schema.SchemaMergingUtils$.merge$1(SchemaMergingUtils.scala:218)
	at com.databricks.sql.transaction.tahoe.schema.SchemaMergingUtils$.mergeDataTypes(SchemaMergingUtils.scala:336)
	at com.databricks.sql.transaction.tahoe.schema.SchemaMergingUtils$.mergeSchemas(SchemaMergingUtils.scala:180)
	at com.databricks.sql.transaction.tahoe.schema.ImplicitMetadataOperation$.mergeSchema(ImplicitMetadataOperation.scala:367)
	at com.databricks.sql.transaction.tahoe.schema.ImplicitMetadataOperation.updateMetadata(ImplicitMetadataOperation.scala:113)
	at com.databricks.sql.transaction.tahoe.schema.ImplicitMetadataOperation.updateMetadata$(ImplicitMetadataOperation.scala:92)
	at com.databricks.sql.transaction.tahoe.commands.WriteIntoDeltaEdge.updateMetadata(WriteIntoDeltaEdge.scala:137)
	at com.databricks.sql.transaction.tahoe.commands.WriteIntoDeltaEdge.writeAndReturnCommitDataAndMaterializationPlans(WriteIntoDeltaEdge.scala:548)
	at com.databricks.sql.transaction.tahoe.commands.WriteIntoDeltaEdge.writeAndReturnCommitData(WriteIntoDeltaEdge.scala:369)
	at com.databricks.sql.transaction.tahoe.commands.CreateDeltaTableCommand.doDeltaWrite$1(CreateDeltaTableCommand.scala:784)
	at com.databricks.sql.transaction.tahoe.commands.CreateDeltaTableCommand.handleCreateTableAsSelect(CreateDeltaTableCommand.scala:932)
	at com.databricks.sql.transaction.tahoe.commands.CreateDeltaTableCommand.$anonfun$handleCommit$1(CreateDeltaTableCommand.scala:463)
	at com.databricks.sql.transaction.tahoe.OptimisticTransaction$.withActive(OptimisticTransaction.scala:324)
	at com.databricks.sql.transaction.tahoe.commands.CreateDeltaTableCommand.handleCommit(CreateDeltaTableCommand.scala:443)
	at com.databricks.sql.transaction.tahoe.commands.CreateDeltaTableCommand.$anonfun$run$9(CreateDeltaTableCommand.scala:346)
	at com.databricks.sql.transaction.tahoe.metering.DeltaLogging.withOperationTypeTag(DeltaLogging.scala:854)
	at com.databricks.sql.transaction.tahoe.metering.DeltaLogging.withOperationTypeTag$(DeltaLogging.scala:841)
	at com.databricks.sql.transaction.tahoe.commands.CreateDeltaTableCommand.withOperationTypeTag(CreateDeltaTableCommand.scala:109)
	at com.databricks.sql.transaction.tahoe.metering.DeltaLogging.$anonfun$recordDeltaOperationInternal$2(DeltaLogging.scala:527)
	at com.databricks.spark.util.FrameProfiler$.$anonfun$record$1(FrameProfiler.scala:114)
	at com.databricks.spark.util.FrameProfilerExporter$.maybeExportFrameProfiler(FrameProfilerExporter.scala:201)
	at com.databricks.spark.util.FrameProfiler$.record(FrameProfiler.scala:105)
	at com.databricks.sql.transaction.tahoe.metering.DeltaLogging.recordFrameProfileWithCallSite(DeltaLogging.scala:969)
	at com.databricks.sql.transaction.tahoe.metering.DeltaLogging.recordFrameProfileWithCallSite$(DeltaLogging.scala:966)
	at com.databricks.sql.transaction.tahoe.commands.CreateDeltaTableCommand.recordFrameProfileWithCallSite(CreateDeltaTableCommand.scala:109)
	at com.databricks.sql.transaction.tahoe.metering.DeltaLogging.$anonfun$recordDeltaOperationInternal$1(DeltaLogging.scala:526)
	at com.databricks.logging.UsageLogging.$anonfun$recordOperation$1(UsageLogging.scala:531)
	at com.databricks.logging.UsageLogging.executeThunkAndCaptureResultTags$1(UsageLogging.scala:669)
	at com.databricks.logging.UsageLogging.$anonfun$recordOperationWithResultTags$6(UsageLogging.scala:696)
	at com.databricks.logging.AttributionContextTracing.$anonfun$withAttributionContext$1(AttributionContextTracing.scala:146)
	at com.databricks.logging.AttributionContext$.$anonfun$withValue$1(AttributionContext.scala:349)
	at scala.util.DynamicVariable.withValue(DynamicVariable.scala:59)
	at com.databricks.logging.AttributionContext$.withValue(AttributionContext.scala:345)
	at com.databricks.logging.AttributionContextTracing.withAttributionContext(AttributionContextTracing.scala:144)
	at com.databricks.logging.AttributionContextTracing.withAttributionContext$(AttributionContextTracing.scala:141)
	at com.databricks.spark.util.PublicDBLogging.withAttributionContext(DatabricksSparkUsageLogger.scala:29)
	at com.databricks.logging.AttributionContextTracing.withAttributionTags(AttributionContextTracing.scala:201)
	at com.databricks.logging.AttributionContextTracing.withAttributionTags$(AttributionContextTracing.scala:182)
	at com.databricks.spark.util.PublicDBLogging.withAttributionTags(DatabricksSparkUsageLogger.scala:29)
	at com.databricks.logging.UsageLogging.$anonfun$recordOperationWithResultTags$5(UsageLogging.scala:664)
	at com.databricks.logging.UsageLogging.withOtelSpanInContext$1(UsageLogging.scala:656)
	at com.databricks.logging.UsageLogging.recordOperationWithResultTags(UsageLogging.scala:659)
	at com.databricks.logging.UsageLogging.recordOperationWithResultTags$(UsageLogging.scala:540)
	at com.databricks.spark.util.PublicDBLogging.recordOperationWithResultTags(DatabricksSparkUsageLogger.scala:29)
	at com.databricks.logging.UsageLogging.recordOperation(UsageLogging.scala:532)
	at com.databricks.logging.UsageLogging.recordOperation$(UsageLogging.scala:496)
	at com.databricks.spark.util.PublicDBLogging.recordOperation(DatabricksSparkUsageLogger.scala:29)
	at com.databricks.spark.util.PublicDBLogging.recordOperation0(DatabricksSparkUsageLogger.scala:104)
	at com.databricks.spark.util.DatabricksSparkUsageLogger.recordOperation(DatabricksSparkUsageLogger.scala:193)
	at com.databricks.spark.util.UsageLogger.recordOperation(UsageLogger.scala:78)
	at com.databricks.spark.util.UsageLogger.recordOperation$(UsageLogger.scala:65)
	at com.databricks.spark.util.DatabricksSparkUsageLogger.recordOperation(DatabricksSparkUsageLogger.scala:152)
	at com.databricks.spark.util.UsageLogging.recordOperation(UsageLogger.scala:537)
	at com.databricks.spark.util.UsageLogging.recordOperation$(UsageLogger.scala:516)
	at com.databricks.sql.transaction.tahoe.commands.CreateDeltaTableCommand.recordOperation(CreateDeltaTableCommand.scala:109)
	at com.databricks.sql.transaction.tahoe.metering.DeltaLogging.recordDeltaOperationInternal(DeltaLogging.scala:525)
	at com.databricks.sql.transaction.tahoe.metering.DeltaLogging.recordDeltaOperation(DeltaLogging.scala:515)
	at com.databricks.sql.transaction.tahoe.metering.DeltaLogging.recordDeltaOperation$(DeltaLogging.scala:504)
	at com.databricks.sql.transaction.tahoe.commands.CreateDeltaTableCommand.recordDeltaOperation(CreateDeltaTableCommand.scala:109)
	at com.databricks.sql.transaction.tahoe.commands.CreateDeltaTableCommand.run(CreateDeltaTableCommand.scala:300)
	at com.databricks.sql.transaction.tahoe.catalog.AbstractDeltaCatalog.$anonfun$createDeltaTable$1(AbstractDeltaCatalog.scala:1065)
	at com.databricks.spark.util.FrameProfiler$.$anonfun$record$1(FrameProfiler.scala:114)
	at com.databricks.spark.util.FrameProfilerExporter$.maybeExportFrameProfiler(FrameProfilerExporter.scala:201)
	at com.databricks.spark.util.FrameProfiler$.record(FrameProfiler.scala:105)
	at com.databricks.sql.transaction.tahoe.metering.DeltaLogging.recordFrameProfileWithCallSite(DeltaLogging.scala:969)
	at com.databricks.sql.transaction.tahoe.metering.DeltaLogging.recordFrameProfileWithCallSite$(DeltaLogging.scala:966)
	at com.databricks.sql.transaction.tahoe.catalog.AbstractDeltaCatalog.recordFrameProfileWithCallSite(AbstractDeltaCatalog.scala:203)
	at com.databricks.sql.transaction.tahoe.catalog.AbstractDeltaCatalog.com$databricks$sql$transaction$tahoe$catalog$AbstractDeltaCatalog$$createDeltaTable(AbstractDeltaCatalog.scala:434)
	at com.databricks.sql.transaction.tahoe.catalog.AbstractDeltaCatalog$StagedDeltaTableV2.$anonfun$commitStagedChanges$1(AbstractDeltaCatalog.scala:2543)
	at com.databricks.spark.util.FrameProfiler$.$anonfun$record$1(FrameProfiler.scala:114)
	at com.databricks.spark.util.FrameProfilerExporter$.maybeExportFrameProfiler(FrameProfilerExporter.scala:201)
	at com.databricks.spark.util.FrameProfiler$.record(FrameProfiler.scala:105)
	at com.databricks.sql.transaction.tahoe.metering.DeltaLogging.recordFrameProfileWithCallSite(DeltaLogging.scala:969)
	at com.databricks.sql.transaction.tahoe.metering.DeltaLogging.recordFrameProfileWithCallSite$(DeltaLogging.scala:966)
	at com.databricks.sql.transaction.tahoe.catalog.AbstractDeltaCatalog.recordFrameProfileWithCallSite(AbstractDeltaCatalog.scala:203)
	at com.databricks.sql.transaction.tahoe.catalog.AbstractDeltaCatalog$StagedDeltaTableV2.commitStagedChanges(AbstractDeltaCatalog.scala:2517)
	at org.apache.spark.sql.execution.datasources.v2.DataSourceV2Utils$.commitStagedChanges(DataSourceV2Utils.scala:325)
	at org.apache.spark.sql.execution.datasources.v2.V2CreateTableAsSelectBaseExec.$anonfun$writeToTable$6(WriteToDataSourceV2Exec.scala:1046)
	at scala.runtime.java8.JFunction0$mcV$sp.apply(JFunction0$mcV$sp.scala:18)
	at org.apache.spark.sql.execution.datasources.v2.WriteToDataSourceV2Exec$.handleConcurrentCreateExceptions(WriteToDataSourceV2Exec.scala:79)
	at org.apache.spark.sql.execution.datasources.v2.V2CreateTableAsSelectBaseExec.$anonfun$writeToTable$2(WriteToDataSourceV2Exec.scala:1046)
	at org.apache.spark.util.Utils$.tryWithSafeFinallyAndFailureCallbacks(Utils.scala:1726)
	at org.apache.spark.sql.execution.datasources.v2.V2CreateTableAsSelectBaseExec.$anonfun$writeToTable$1(WriteToDataSourceV2Exec.scala:1026)
	at com.databricks.spark.util.FrameProfiler$.$anonfun$record$1(FrameProfiler.scala:114)
	at com.databricks.spark.util.FrameProfilerExporter$.maybeExportFrameProfiler(FrameProfilerExporter.scala:201)
	at com.databricks.spark.util.FrameProfiler$.record(FrameProfiler.scala:105)
	at org.apache.spark.sql.execution.datasources.v2.V2CreateTableAsSelectBaseExec.writeToTable(WriteToDataSourceV2Exec.scala:1050)
	at org.apache.spark.sql.execution.datasources.v2.V2CreateTableAsSelectBaseExec.writeToTable$(WriteToDataSourceV2Exec.scala:1012)
	at org.apache.spark.sql.execution.datasources.v2.AtomicReplaceTableAsSelectExec.writeToTable(WriteToDataSourceV2Exec.scala:287)
	at org.apache.spark.sql.execution.datasources.v2.AtomicReplaceTableAsSelectExec.run(WriteToDataSourceV2Exec.scala:372)
	at org.apache.spark.sql.execution.datasources.v2.V2CommandExec.$anonfun$result$2(V2CommandExec.scala:48)
	at org.apache.spark.sql.execution.SparkPlan.runCommandInAetherOrSpark(SparkPlan.scala:202)
	at org.apache.spark.sql.execution.datasources.v2.V2CommandExec.$anonfun$result$1(V2CommandExec.scala:48)
	at com.databricks.spark.util.FrameProfiler$.$anonfun$record$1(FrameProfiler.scala:114)
	at com.databricks.spark.util.FrameProfilerExporter$.maybeExportFrameProfiler(FrameProfilerExporter.scala:201)
	at com.databricks.spark.util.FrameProfiler$.record(FrameProfiler.scala:105)
	at org.apache.spark.sql.execution.datasources.v2.V2CommandExec.result$lzycompute(V2CommandExec.scala:47)
	at org.apache.spark.sql.execution.datasources.v2.V2CommandExec.result(V2CommandExec.scala:45)
	at org.apache.spark.sql.execution.datasources.v2.V2CommandExec.executeCollect(V2CommandExec.scala:56)
	at org.apache.spark.sql.execution.QueryExecution$.$anonfun$runCommand$12(QueryExecution.scala:1968)
	at com.databricks.util.LexicalThreadLocal$Handle.runWith(LexicalThreadLocal.scala:63)
	at org.apache.spark.sql.execution.QueryExecution$.$anonfun$runCommand$11(QueryExecution.scala:1962)
	at com.databricks.util.LexicalThreadLocal$Handle.runWith(LexicalThreadLocal.scala:63)
	at org.apache.spark.sql.execution.QueryExecution$.executeWithCaches$1(QueryExecution.scala:1962)
	at org.apache.spark.sql.execution.QueryExecution$.$anonfun$runCommand$10(QueryExecution.scala:1968)
	at org.apache.spark.sql.catalyst.QueryPlanningTracker$.withTracker(QueryPlanningTracker.scala:275)
	at org.apache.spark.sql.execution.QueryExecution$.$anonfun$runCommand$9(QueryExecution.scala:1955)
	at org.apache.spark.sql.execution.SQLExecution$.$anonfun$withNewExecutionId0$24(SQLExecution.scala:1112)
	at com.databricks.sql.util.MemoryTrackerHelper.withMemoryTracking(MemoryTrackerHelper.scala:111)
	at org.apache.spark.sql.execution.SQLExecution$.$anonfun$withNewExecutionId0$21(SQLExecution.scala:1032)
	at com.databricks.unity.UCSManager$.withTemporaryScope(UCSManager.scala:168)
	at org.apache.spark.sql.execution.SQLExecution$.$anonfun$withNewExecutionId0$20(SQLExecution.scala:928)
	at org.apache.spark.sql.execution.SQLExecution$.withSessionTagsApplied(SQLExecution.scala:1572)
	at org.apache.spark.sql.execution.SQLExecution$.$anonfun$withNewExecutionId0$19(SQLExecution.scala:917)
	at org.apache.spark.JobArtifactSet$.withActiveJobArtifactState(JobArtifactSet.scala:97)
	at org.apache.spark.sql.artifact.ArtifactManager.$anonfun$withResources$1(ArtifactManager.scala:124)
	at org.apache.spark.sql.artifact.ArtifactManager.withClassLoaderIfNeeded(ArtifactManager.scala:118)
	at org.apache.spark.sql.artifact.ArtifactManager.withResources(ArtifactManager.scala:123)
	at org.apache.spark.sql.execution.SQLExecution$.$anonfun$withNewExecutionId0$18(SQLExecution.scala:917)
	at org.apache.spark.sql.execution.SQLExecution$.withSQLConfPropagated(SQLExecution.scala:1607)
	at org.apache.spark.sql.execution.SQLExecution$.$anonfun$withNewExecutionId0$1(SQLExecution.scala:916)
	at org.apache.spark.sql.SparkSession.withActive(SparkSession.scala:866)
	at org.apache.spark.sql.execution.SQLExecution$.withNewExecutionId0(SQLExecution.scala:657)
	at org.apache.spark.sql.execution.SQLExecution$.withNewExecutionId(SQLExecution.scala:1525)
	at org.apache.spark.sql.execution.QueryExecution$.$anonfun$runCommand$8(QueryExecution.scala:1955)
	at org.apache.spark.sql.execution.QueryExecution$.withInternalError(QueryExecution.scala:1822)
	at org.apache.spark.sql.execution.QueryExecution$.$anonfun$runCommand$7(QueryExecution.scala:1951)
	at org.apache.spark.sql.execution.QueryExecution.withMVTagsIfNecessary(QueryExecution.scala:710)
	at org.apache.spark.sql.execution.QueryExecution$.$anonfun$runCommand$4(QueryExecution.scala:1936)
	at scala.Option.map(Option.scala:242)
	at org.apache.spark.sql.execution.QueryExecution$.executeWithMVTags$1(QueryExecution.scala:1936)
	at org.apache.spark.sql.execution.QueryExecution$.runCommand(QueryExecution.scala:1949)
	at org.apache.spark.sql.execution.QueryExecution.org$apache$spark$sql$execution$QueryExecution$$eagerlyExecute$1(QueryExecution.scala:747)
	at org.apache.spark.sql.execution.QueryExecution$$anonfun$$nestedInanonfun$eagerlyExecuteCommands$1$1.applyOrElse(QueryExecution.scala:764)
	at org.apache.spark.sql.execution.QueryExecution$$anonfun$$nestedInanonfun$eagerlyExecuteCommands$1$1.applyOrElse(QueryExecution.scala:756)
	at org.apache.spark.sql.catalyst.trees.TreeNode.$anonfun$transformDownWithPruning$1(TreeNode.scala:610)
	at org.apache.spark.sql.catalyst.trees.CurrentOrigin$.withOrigin(origin.scala:142)
	at org.apache.spark.sql.catalyst.trees.TreeNode.transformDownWithPruning(TreeNode.scala:610)
	at org.apache.spark.sql.catalyst.plans.logical.LogicalPlan.org$apache$spark$sql$catalyst$plans$logical$AnalysisHelper$$super$transformDownWithPruning(LogicalPlan.scala:48)
	at org.apache.spark.sql.catalyst.plans.logical.AnalysisHelper.transformDownWithPruning(AnalysisHelper.scala:361)
	at org.apache.spark.sql.catalyst.plans.logical.AnalysisHelper.transformDownWithPruning$(AnalysisHelper.scala:357)
	at org.apache.spark.sql.catalyst.plans.logical.LogicalPlan.transformDownWithPruning(LogicalPlan.scala:48)
	at org.apache.spark.sql.catalyst.plans.logical.LogicalPlan.transformDownWithPruning(LogicalPlan.scala:48)
	at org.apache.spark.sql.catalyst.trees.TreeNode.transformDown(TreeNode.scala:586)
	at org.apache.spark.sql.execution.QueryExecution.$anonfun$eagerlyExecuteCommands$1(QueryExecution.scala:756)
	at org.apache.spark.sql.catalyst.plans.logical.AnalysisHelper$.allowInvokingTransformsInAnalyzer(AnalysisHelper.scala:418)
	at org.apache.spark.sql.execution.QueryExecution.eagerlyExecuteCommands(QueryExecution.scala:756)
	at org.apache.spark.sql.execution.QueryExecution.$anonfun$lazyCommandExecuted$1(QueryExecution.scala:666)
	at scala.util.Try$.apply(Try.scala:217)
	at org.apache.spark.util.Utils$.doTryWithCallerStacktrace(Utils.scala:1796)
	at org.apache.spark.util.LazyTry.tryT$lzycompute(LazyTry.scala:60)
	at org.apache.spark.util.LazyTry.tryT(LazyTry.scala:59)
	at org.apache.spark.util.LazyTry.get(LazyTry.scala:78)
	at org.apache.spark.sql.execution.QueryExecution.commandExecuted(QueryExecution.scala:671)
	at org.apache.spark.sql.execution.QueryExecution.assertCommandExecuted(QueryExecution.scala:804)
	at org.apache.spark.sql.classic.DataFrameWriter.runCommand(DataFrameWriter.scala:887)
	at org.apache.spark.sql.classic.DataFrameWriter.saveAsTable(DataFrameWriter.scala:732)
	at org.apache.spark.sql.classic.DataFrameWriter.saveAsTable(DataFrameWriter.scala:630)
	at org.apache.spark.sql.connect.planner.SparkConnectPlanner.handleWriteOperation(SparkConnectPlanner.scala:4607)
	at org.apache.spark.sql.connect.planner.SparkConnectPlanner.process(SparkConnectPlanner.scala:3782)
	at org.apache.spark.sql.connect.execution.ExecuteThreadRunner.handleCommand(ExecuteThreadRunner.scala:530)
	at org.apache.spark.sql.connect.execution.ExecuteThreadRunner.$anonfun$executeInternal$1(ExecuteThreadRunner.scala:420)
	at org.apache.spark.sql.connect.execution.ExecuteThreadRunner.$anonfun$executeInternal$1$adapted(ExecuteThreadRunner.scala:340)
	at org.apache.spark.sql.connect.service.SessionHolder.$anonfun$withSession$2(SessionHolder.scala:844)
	at org.apache.spark.sql.SparkSession.withActive(SparkSession.scala:866)
	at org.apache.spark.sql.connect.service.SessionHolder.$anonfun$withSession$1(SessionHolder.scala:844)
	at org.apache.spark.JobArtifactSet$.withActiveJobArtifactState(JobArtifactSet.scala:97)
	at org.apache.spark.sql.artifact.ArtifactManager.$anonfun$withResources$1(ArtifactManager.scala:124)
	at org.apache.spark.sql.artifact.ArtifactManager.withClassLoaderIfNeeded(ArtifactManager.scala:118)
	at org.apache.spark.sql.artifact.ArtifactManager.withResources(ArtifactManager.scala:123)
	at org.apache.spark.sql.connect.service.SessionHolder.withSession(SessionHolder.scala:843)
	at org.apache.spark.sql.connect.execution.ExecuteThreadRunner.executeInternal(ExecuteThreadRunner.scala:340)
	at org.apache.spark.sql.connect.execution.ExecuteThreadRunner.$anonfun$execute$1(ExecuteThreadRunner.scala:200)
	at scala.runtime.java8.JFunction0$mcV$sp.apply(JFunction0$mcV$sp.scala:18)
	at com.databricks.spark.connect.service.UtilizationMetrics.recordActiveQueries(UtilizationMetrics.scala:92)
	at com.databricks.spark.connect.service.UtilizationMetrics.recordActiveQueries$(UtilizationMetrics.scala:89)
	at org.apache.spark.sql.connect.execution.ExecuteThreadRunner.recordActiveQueries(ExecuteThreadRunner.scala:61)
	at org.apache.spark.sql.connect.execution.ExecuteThreadRunner.org$apache$spark$sql$connect$execution$ExecuteThreadRunner$$execute(ExecuteThreadRunner.scala:192)
	at org.apache.spark.sql.connect.execution.ExecuteThreadRunner$ExecutionThread.$anonfun$run$3(ExecuteThreadRunner.scala:601)
	at scala.runtime.java8.JFunction0$mcV$sp.apply(JFunction0$mcV$sp.scala:18)
	at com.databricks.spark.util.DBRTracing$.withSpanFromParent(DBRTracing.scala:70)
	at org.apache.spark.sql.connect.execution.ExecuteThreadRunner$ExecutionThread.$anonfun$run$2(ExecuteThreadRunner.scala:601)
	at scala.runtime.java8.JFunction0$mcV$sp.apply(JFunction0$mcV$sp.scala:18)
	at com.databricks.unity.UCSEphemeralState$Handle.runWith(UCSEphemeralState.scala:51)
	at com.databricks.unity.HandleImpl.runWith(UCSHandle.scala:128)
	at com.databricks.unity.HandleImpl.$anonfun$runWithAndClose$1(UCSHandle.scala:133)
	at scala.util.Using$.resource(Using.scala:296)
	at com.databricks.unity.HandleImpl.runWithAndClose(UCSHandle.scala:132)
	at org.apache.spark.sql.connect.execution.ExecuteThreadRunner$ExecutionThread.run(ExecuteThreadRunner.scala:600)
2026-07-17 20:42:32,435 | INFO | periode = 202501, type = <class 'int'>
2026-07-17 20:42:32,436 | INFO | periode = 202501
2026-07-17 20:42:32,437 | INFO | table_name = silver_nyc_taxi
2026-07-17 20:42:32,438 | INFO | taxi_type = yellow
2026-07-17 20:42:33,597 | INFO | ******************************************************* Starting UberBronze *******************************************************
2026-07-17 20:42:33,598 | INFO | Extracting yellow_tripdata_2025-01.parquet from /Volumes/nyc_taxi/bronze/raw_files/yellow/2025/yellow_tripdata_2025-01.parquet
2026-07-17 20:42:34,978 | INFO | ======================================================= Bronze rows : 3475226 ======================================================= 
2026-07-17 20:42:34,980 | INFO | run completed in 1.38s
2026-07-17 20:42:34,985 | INFO | ******************************************************* Finished UberBronze *******************************************************
2026-07-17 20:42:34,986 | INFO | ========================================================================================================================
2026-07-17 20:42:34,987 | INFO | ******************************************************* Starting UberSilver *******************************************************
2026-07-17 20:42:35,555 | INFO | add_trip_duration completed in 0.07s
2026-07-17 20:42:35,558 | INFO | add_date_key completed in 0.0s
2026-07-17 20:42:35,559 | INFO | add_tip_percent completed in 0.0s
2026-07-17 20:42:35,560 | INFO | add_average_speed completed in 0.0s
2026-07-17 20:42:35,562 | INFO | add_date_features completed in 0.0s
2026-07-17 20:42:35,563 | INFO | apply_quality_rules completed in 0.0s
2026-07-17 20:42:36,629 | INFO | Silver rows : 3475226 -> 3323486
2026-07-17 20:42:37,882 | INFO | run completed in 2.89s
2026-07-17 20:42:37,882 | INFO | ******************************************************* Finished UberSilver *******************************************************
2026-07-17 20:42:37,884 | INFO | ========================================================================================================================
2026-07-17 20:42:37,885 | INFO | ******************************************************* Starting UberGold *******************************************************
2026-07-17 20:42:37,887 | INFO | get_fact_trips completed in 0.0s
2026-07-17 20:42:37,889 | INFO | get_dim_date completed in 0.0s
2026-07-17 20:42:37,891 | INFO | get_kpi_daily completed in 0.0s
2026-07-17 20:42:43,721 | INFO | ============ Chargement des données dans Delta ============ 
2026-07-17 20:42:43,722 | ERROR | name 'spark' is not defined
2026-07-17 20:42:43,723 | ERROR | Error in pipeline : name 'spark' is not defined
2026-07-17 20:45:30,555 | INFO | periode = 202501, type = <class 'int'>
2026-07-17 20:45:30,556 | INFO | periode = 202501
2026-07-17 20:45:30,557 | INFO | table_name = silver_nyc_taxi
2026-07-17 20:45:30,558 | INFO | taxi_type = yellow
2026-07-17 20:45:31,714 | INFO | ******************************************************* Starting UberBronze *******************************************************
2026-07-17 20:45:31,715 | INFO | Extracting yellow_tripdata_2025-01.parquet from /Volumes/nyc_taxi/bronze/raw_files/yellow/2025/yellow_tripdata_2025-01.parquet
2026-07-17 20:45:32,939 | INFO | ======================================================= Bronze rows : 3475226 ======================================================= 
2026-07-17 20:45:32,941 | INFO | run completed in 1.23s
2026-07-17 20:45:32,942 | INFO | ******************************************************* Finished UberBronze *******************************************************
2026-07-17 20:45:32,943 | INFO | ========================================================================================================================
2026-07-17 20:45:32,944 | INFO | ******************************************************* Starting UberSilver *******************************************************
2026-07-17 20:45:33,539 | INFO | add_trip_duration completed in 0.07s
2026-07-17 20:45:33,540 | INFO | add_date_key completed in 0.0s
2026-07-17 20:45:33,541 | INFO | add_tip_percent completed in 0.0s
2026-07-17 20:45:33,542 | INFO | add_average_speed completed in 0.0s
2026-07-17 20:45:33,543 | INFO | add_date_features completed in 0.0s
2026-07-17 20:45:33,544 | INFO | apply_quality_rules completed in 0.0s
2026-07-17 20:45:34,755 | INFO | Silver rows : 3475226 -> 3323486
2026-07-17 20:45:36,128 | INFO | run completed in 3.18s
2026-07-17 20:45:36,128 | INFO | ******************************************************* Finished UberSilver *******************************************************
2026-07-17 20:45:36,129 | INFO | ========================================================================================================================
2026-07-17 20:45:36,130 | INFO | ******************************************************* Starting UberGold *******************************************************
2026-07-17 20:45:36,131 | INFO | get_fact_trips completed in 0.0s
2026-07-17 20:45:36,132 | INFO | get_dim_date completed in 0.0s
2026-07-17 20:45:36,133 | INFO | get_kpi_daily completed in 0.0s
2026-07-17 20:45:41,763 | INFO | ============ Chargement des données dans Delta ============ 
2026-07-17 20:45:41,764 | INFO | ============ DEBUT DEBUG ============ 
2026-07-17 20:45:42,245 | INFO | ============ FIN DEBUG ============ 
2026-07-17 20:45:43,054 | INFO | ============ Suppression d'une période ============ 
2026-07-17 20:45:43,055 | INFO | ========================================================================================================================
2026-07-17 20:45:43,056 | INFO | Period 202501 deleted from silver_nyc_taxi
2026-07-17 20:45:43,986 | ERROR | [DELTA_FAILED_TO_MERGE_FIELDS] Failed to merge fields 'tpep_pickup_datetime' and 'tpep_pickup_datetime'.

JVM stacktrace:
com.databricks.sql.transaction.tahoe.DeltaAnalysisException
	at com.databricks.sql.transaction.tahoe.schema.SchemaMergingUtils$.$anonfun$mergeDataTypes$1(SchemaMergingUtils.scala:232)
	at scala.collection.ArrayOps$.map$extension(ArrayOps.scala:936)
	at com.databricks.sql.transaction.tahoe.schema.SchemaMergingUtils$.merge$1(SchemaMergingUtils.scala:218)
	at com.databricks.sql.transaction.tahoe.schema.SchemaMergingUtils$.mergeDataTypes(SchemaMergingUtils.scala:336)
	at com.databricks.sql.transaction.tahoe.schema.SchemaMergingUtils$.mergeSchemas(SchemaMergingUtils.scala:180)
	at com.databricks.sql.transaction.tahoe.schema.ImplicitMetadataOperation$.mergeSchema(ImplicitMetadataOperation.scala:367)
	at com.databricks.sql.transaction.tahoe.schema.ImplicitMetadataOperation.updateMetadata(ImplicitMetadataOperation.scala:113)
	at com.databricks.sql.transaction.tahoe.schema.ImplicitMetadataOperation.updateMetadata$(ImplicitMetadataOperation.scala:92)
	at com.databricks.sql.transaction.tahoe.commands.WriteIntoDeltaEdge.updateMetadata(WriteIntoDeltaEdge.scala:137)
	at com.databricks.sql.transaction.tahoe.commands.WriteIntoDeltaEdge.writeAndReturnCommitDataAndMaterializationPlans(WriteIntoDeltaEdge.scala:548)
	at com.databricks.sql.transaction.tahoe.commands.WriteIntoDeltaEdge.writeAndReturnCommitData(WriteIntoDeltaEdge.scala:369)
	at com.databricks.sql.transaction.tahoe.commands.CreateDeltaTableCommand.doDeltaWrite$1(CreateDeltaTableCommand.scala:784)
	at com.databricks.sql.transaction.tahoe.commands.CreateDeltaTableCommand.handleCreateTableAsSelect(CreateDeltaTableCommand.scala:932)
	at com.databricks.sql.transaction.tahoe.commands.CreateDeltaTableCommand.$anonfun$handleCommit$1(CreateDeltaTableCommand.scala:463)
	at com.databricks.sql.transaction.tahoe.OptimisticTransaction$.withActive(OptimisticTransaction.scala:324)
	at com.databricks.sql.transaction.tahoe.commands.CreateDeltaTableCommand.handleCommit(CreateDeltaTableCommand.scala:443)
	at com.databricks.sql.transaction.tahoe.commands.CreateDeltaTableCommand.$anonfun$run$9(CreateDeltaTableCommand.scala:346)
	at com.databricks.sql.transaction.tahoe.metering.DeltaLogging.withOperationTypeTag(DeltaLogging.scala:854)
	at com.databricks.sql.transaction.tahoe.metering.DeltaLogging.withOperationTypeTag$(DeltaLogging.scala:841)
	at com.databricks.sql.transaction.tahoe.commands.CreateDeltaTableCommand.withOperationTypeTag(CreateDeltaTableCommand.scala:109)
	at com.databricks.sql.transaction.tahoe.metering.DeltaLogging.$anonfun$recordDeltaOperationInternal$2(DeltaLogging.scala:527)
	at com.databricks.spark.util.FrameProfiler$.$anonfun$record$1(FrameProfiler.scala:114)
	at com.databricks.spark.util.FrameProfilerExporter$.maybeExportFrameProfiler(FrameProfilerExporter.scala:201)
	at com.databricks.spark.util.FrameProfiler$.record(FrameProfiler.scala:105)
	at com.databricks.sql.transaction.tahoe.metering.DeltaLogging.recordFrameProfileWithCallSite(DeltaLogging.scala:969)
	at com.databricks.sql.transaction.tahoe.metering.DeltaLogging.recordFrameProfileWithCallSite$(DeltaLogging.scala:966)
	at com.databricks.sql.transaction.tahoe.commands.CreateDeltaTableCommand.recordFrameProfileWithCallSite(CreateDeltaTableCommand.scala:109)
	at com.databricks.sql.transaction.tahoe.metering.DeltaLogging.$anonfun$recordDeltaOperationInternal$1(DeltaLogging.scala:526)
	at com.databricks.logging.UsageLogging.$anonfun$recordOperation$1(UsageLogging.scala:531)
	at com.databricks.logging.UsageLogging.executeThunkAndCaptureResultTags$1(UsageLogging.scala:669)
	at com.databricks.logging.UsageLogging.$anonfun$recordOperationWithResultTags$6(UsageLogging.scala:696)
	at com.databricks.logging.AttributionContextTracing.$anonfun$withAttributionContext$1(AttributionContextTracing.scala:146)
	at com.databricks.logging.AttributionContext$.$anonfun$withValue$1(AttributionContext.scala:349)
	at scala.util.DynamicVariable.withValue(DynamicVariable.scala:59)
	at com.databricks.logging.AttributionContext$.withValue(AttributionContext.scala:345)
	at com.databricks.logging.AttributionContextTracing.withAttributionContext(AttributionContextTracing.scala:144)
	at com.databricks.logging.AttributionContextTracing.withAttributionContext$(AttributionContextTracing.scala:141)
	at com.databricks.spark.util.PublicDBLogging.withAttributionContext(DatabricksSparkUsageLogger.scala:29)
	at com.databricks.logging.AttributionContextTracing.withAttributionTags(AttributionContextTracing.scala:201)
	at com.databricks.logging.AttributionContextTracing.withAttributionTags$(AttributionContextTracing.scala:182)
	at com.databricks.spark.util.PublicDBLogging.withAttributionTags(DatabricksSparkUsageLogger.scala:29)
	at com.databricks.logging.UsageLogging.$anonfun$recordOperationWithResultTags$5(UsageLogging.scala:664)
	at com.databricks.logging.UsageLogging.withOtelSpanInContext$1(UsageLogging.scala:656)
	at com.databricks.logging.UsageLogging.recordOperationWithResultTags(UsageLogging.scala:659)
	at com.databricks.logging.UsageLogging.recordOperationWithResultTags$(UsageLogging.scala:540)
	at com.databricks.spark.util.PublicDBLogging.recordOperationWithResultTags(DatabricksSparkUsageLogger.scala:29)
	at com.databricks.logging.UsageLogging.recordOperation(UsageLogging.scala:532)
	at com.databricks.logging.UsageLogging.recordOperation$(UsageLogging.scala:496)
	at com.databricks.spark.util.PublicDBLogging.recordOperation(DatabricksSparkUsageLogger.scala:29)
	at com.databricks.spark.util.PublicDBLogging.recordOperation0(DatabricksSparkUsageLogger.scala:104)
	at com.databricks.spark.util.DatabricksSparkUsageLogger.recordOperation(DatabricksSparkUsageLogger.scala:193)
	at com.databricks.spark.util.UsageLogger.recordOperation(UsageLogger.scala:78)
	at com.databricks.spark.util.UsageLogger.recordOperation$(UsageLogger.scala:65)
	at com.databricks.spark.util.DatabricksSparkUsageLogger.recordOperation(DatabricksSparkUsageLogger.scala:152)
	at com.databricks.spark.util.UsageLogging.recordOperation(UsageLogger.scala:537)
	at com.databricks.spark.util.UsageLogging.recordOperation$(UsageLogger.scala:516)
	at com.databricks.sql.transaction.tahoe.commands.CreateDeltaTableCommand.recordOperation(CreateDeltaTableCommand.scala:109)
	at com.databricks.sql.transaction.tahoe.metering.DeltaLogging.recordDeltaOperationInternal(DeltaLogging.scala:525)
	at com.databricks.sql.transaction.tahoe.metering.DeltaLogging.recordDeltaOperation(DeltaLogging.scala:515)
	at com.databricks.sql.transaction.tahoe.metering.DeltaLogging.recordDeltaOperation$(DeltaLogging.scala:504)
	at com.databricks.sql.transaction.tahoe.commands.CreateDeltaTableCommand.recordDeltaOperation(CreateDeltaTableCommand.scala:109)
	at com.databricks.sql.transaction.tahoe.commands.CreateDeltaTableCommand.run(CreateDeltaTableCommand.scala:300)
	at com.databricks.sql.transaction.tahoe.catalog.AbstractDeltaCatalog.$anonfun$createDeltaTable$1(AbstractDeltaCatalog.scala:1065)
	at com.databricks.spark.util.FrameProfiler$.$anonfun$record$1(FrameProfiler.scala:114)
	at com.databricks.spark.util.FrameProfilerExporter$.maybeExportFrameProfiler(FrameProfilerExporter.scala:201)
	at com.databricks.spark.util.FrameProfiler$.record(FrameProfiler.scala:105)
	at com.databricks.sql.transaction.tahoe.metering.DeltaLogging.recordFrameProfileWithCallSite(DeltaLogging.scala:969)
	at com.databricks.sql.transaction.tahoe.metering.DeltaLogging.recordFrameProfileWithCallSite$(DeltaLogging.scala:966)
	at com.databricks.sql.transaction.tahoe.catalog.AbstractDeltaCatalog.recordFrameProfileWithCallSite(AbstractDeltaCatalog.scala:203)
	at com.databricks.sql.transaction.tahoe.catalog.AbstractDeltaCatalog.com$databricks$sql$transaction$tahoe$catalog$AbstractDeltaCatalog$$createDeltaTable(AbstractDeltaCatalog.scala:434)
	at com.databricks.sql.transaction.tahoe.catalog.AbstractDeltaCatalog$StagedDeltaTableV2.$anonfun$commitStagedChanges$1(AbstractDeltaCatalog.scala:2543)
	at com.databricks.spark.util.FrameProfiler$.$anonfun$record$1(FrameProfiler.scala:114)
	at com.databricks.spark.util.FrameProfilerExporter$.maybeExportFrameProfiler(FrameProfilerExporter.scala:201)
	at com.databricks.spark.util.FrameProfiler$.record(FrameProfiler.scala:105)
	at com.databricks.sql.transaction.tahoe.metering.DeltaLogging.recordFrameProfileWithCallSite(DeltaLogging.scala:969)
	at com.databricks.sql.transaction.tahoe.metering.DeltaLogging.recordFrameProfileWithCallSite$(DeltaLogging.scala:966)
	at com.databricks.sql.transaction.tahoe.catalog.AbstractDeltaCatalog.recordFrameProfileWithCallSite(AbstractDeltaCatalog.scala:203)
	at com.databricks.sql.transaction.tahoe.catalog.AbstractDeltaCatalog$StagedDeltaTableV2.commitStagedChanges(AbstractDeltaCatalog.scala:2517)
	at org.apache.spark.sql.execution.datasources.v2.DataSourceV2Utils$.commitStagedChanges(DataSourceV2Utils.scala:325)
	at org.apache.spark.sql.execution.datasources.v2.V2CreateTableAsSelectBaseExec.$anonfun$writeToTable$6(WriteToDataSourceV2Exec.scala:1046)
	at scala.runtime.java8.JFunction0$mcV$sp.apply(JFunction0$mcV$sp.scala:18)
	at org.apache.spark.sql.execution.datasources.v2.WriteToDataSourceV2Exec$.handleConcurrentCreateExceptions(WriteToDataSourceV2Exec.scala:79)
	at org.apache.spark.sql.execution.datasources.v2.V2CreateTableAsSelectBaseExec.$anonfun$writeToTable$2(WriteToDataSourceV2Exec.scala:1046)
	at org.apache.spark.util.Utils$.tryWithSafeFinallyAndFailureCallbacks(Utils.scala:1726)
	at org.apache.spark.sql.execution.datasources.v2.V2CreateTableAsSelectBaseExec.$anonfun$writeToTable$1(WriteToDataSourceV2Exec.scala:1026)
	at com.databricks.spark.util.FrameProfiler$.$anonfun$record$1(FrameProfiler.scala:114)
	at com.databricks.spark.util.FrameProfilerExporter$.maybeExportFrameProfiler(FrameProfilerExporter.scala:201)
	at com.databricks.spark.util.FrameProfiler$.record(FrameProfiler.scala:105)
	at org.apache.spark.sql.execution.datasources.v2.V2CreateTableAsSelectBaseExec.writeToTable(WriteToDataSourceV2Exec.scala:1050)
	at org.apache.spark.sql.execution.datasources.v2.V2CreateTableAsSelectBaseExec.writeToTable$(WriteToDataSourceV2Exec.scala:1012)
	at org.apache.spark.sql.execution.datasources.v2.AtomicReplaceTableAsSelectExec.writeToTable(WriteToDataSourceV2Exec.scala:287)
	at org.apache.spark.sql.execution.datasources.v2.AtomicReplaceTableAsSelectExec.run(WriteToDataSourceV2Exec.scala:372)
	at org.apache.spark.sql.execution.datasources.v2.V2CommandExec.$anonfun$result$2(V2CommandExec.scala:48)
	at org.apache.spark.sql.execution.SparkPlan.runCommandInAetherOrSpark(SparkPlan.scala:202)
	at org.apache.spark.sql.execution.datasources.v2.V2CommandExec.$anonfun$result$1(V2CommandExec.scala:48)
	at com.databricks.spark.util.FrameProfiler$.$anonfun$record$1(FrameProfiler.scala:114)
	at com.databricks.spark.util.FrameProfilerExporter$.maybeExportFrameProfiler(FrameProfilerExporter.scala:201)
	at com.databricks.spark.util.FrameProfiler$.record(FrameProfiler.scala:105)
	at org.apache.spark.sql.execution.datasources.v2.V2CommandExec.result$lzycompute(V2CommandExec.scala:47)
	at org.apache.spark.sql.execution.datasources.v2.V2CommandExec.result(V2CommandExec.scala:45)
	at org.apache.spark.sql.execution.datasources.v2.V2CommandExec.executeCollect(V2CommandExec.scala:56)
	at org.apache.spark.sql.execution.QueryExecution$.$anonfun$runCommand$12(QueryExecution.scala:1968)
	at com.databricks.util.LexicalThreadLocal$Handle.runWith(LexicalThreadLocal.scala:63)
	at org.apache.spark.sql.execution.QueryExecution$.$anonfun$runCommand$11(QueryExecution.scala:1962)
	at com.databricks.util.LexicalThreadLocal$Handle.runWith(LexicalThreadLocal.scala:63)
	at org.apache.spark.sql.execution.QueryExecution$.executeWithCaches$1(QueryExecution.scala:1962)
	at org.apache.spark.sql.execution.QueryExecution$.$anonfun$runCommand$10(QueryExecution.scala:1968)
	at org.apache.spark.sql.catalyst.QueryPlanningTracker$.withTracker(QueryPlanningTracker.scala:275)
	at org.apache.spark.sql.execution.QueryExecution$.$anonfun$runCommand$9(QueryExecution.scala:1955)
	at org.apache.spark.sql.execution.SQLExecution$.$anonfun$withNewExecutionId0$24(SQLExecution.scala:1112)
	at com.databricks.sql.util.MemoryTrackerHelper.withMemoryTracking(MemoryTrackerHelper.scala:111)
	at org.apache.spark.sql.execution.SQLExecution$.$anonfun$withNewExecutionId0$21(SQLExecution.scala:1032)
	at com.databricks.unity.UCSManager$.withTemporaryScope(UCSManager.scala:168)
	at org.apache.spark.sql.execution.SQLExecution$.$anonfun$withNewExecutionId0$20(SQLExecution.scala:928)
	at org.apache.spark.sql.execution.SQLExecution$.withSessionTagsApplied(SQLExecution.scala:1572)
	at org.apache.spark.sql.execution.SQLExecution$.$anonfun$withNewExecutionId0$19(SQLExecution.scala:917)
	at org.apache.spark.JobArtifactSet$.withActiveJobArtifactState(JobArtifactSet.scala:97)
	at org.apache.spark.sql.artifact.ArtifactManager.$anonfun$withResources$1(ArtifactManager.scala:124)
	at org.apache.spark.sql.artifact.ArtifactManager.withClassLoaderIfNeeded(ArtifactManager.scala:118)
	at org.apache.spark.sql.artifact.ArtifactManager.withResources(ArtifactManager.scala:123)
	at org.apache.spark.sql.execution.SQLExecution$.$anonfun$withNewExecutionId0$18(SQLExecution.scala:917)
	at org.apache.spark.sql.execution.SQLExecution$.withSQLConfPropagated(SQLExecution.scala:1607)
	at org.apache.spark.sql.execution.SQLExecution$.$anonfun$withNewExecutionId0$1(SQLExecution.scala:916)
	at org.apache.spark.sql.SparkSession.withActive(SparkSession.scala:866)
	at org.apache.spark.sql.execution.SQLExecution$.withNewExecutionId0(SQLExecution.scala:657)
	at org.apache.spark.sql.execution.SQLExecution$.withNewExecutionId(SQLExecution.scala:1525)
	at org.apache.spark.sql.execution.QueryExecution$.$anonfun$runCommand$8(QueryExecution.scala:1955)
	at org.apache.spark.sql.execution.QueryExecution$.withInternalError(QueryExecution.scala:1822)
	at org.apache.spark.sql.execution.QueryExecution$.$anonfun$runCommand$7(QueryExecution.scala:1951)
	at org.apache.spark.sql.execution.QueryExecution.withMVTagsIfNecessary(QueryExecution.scala:710)
	at org.apache.spark.sql.execution.QueryExecution$.$anonfun$runCommand$4(QueryExecution.scala:1936)
	at scala.Option.map(Option.scala:242)
	at org.apache.spark.sql.execution.QueryExecution$.executeWithMVTags$1(QueryExecution.scala:1936)
	at org.apache.spark.sql.execution.QueryExecution$.runCommand(QueryExecution.scala:1949)
	at org.apache.spark.sql.execution.QueryExecution.org$apache$spark$sql$execution$QueryExecution$$eagerlyExecute$1(QueryExecution.scala:747)
	at org.apache.spark.sql.execution.QueryExecution$$anonfun$$nestedInanonfun$eagerlyExecuteCommands$1$1.applyOrElse(QueryExecution.scala:764)
	at org.apache.spark.sql.execution.QueryExecution$$anonfun$$nestedInanonfun$eagerlyExecuteCommands$1$1.applyOrElse(QueryExecution.scala:756)
	at org.apache.spark.sql.catalyst.trees.TreeNode.$anonfun$transformDownWithPruning$1(TreeNode.scala:610)
	at org.apache.spark.sql.catalyst.trees.CurrentOrigin$.withOrigin(origin.scala:142)
	at org.apache.spark.sql.catalyst.trees.TreeNode.transformDownWithPruning(TreeNode.scala:610)
	at org.apache.spark.sql.catalyst.plans.logical.LogicalPlan.org$apache$spark$sql$catalyst$plans$logical$AnalysisHelper$$super$transformDownWithPruning(LogicalPlan.scala:48)
	at org.apache.spark.sql.catalyst.plans.logical.AnalysisHelper.transformDownWithPruning(AnalysisHelper.scala:361)
	at org.apache.spark.sql.catalyst.plans.logical.AnalysisHelper.transformDownWithPruning$(AnalysisHelper.scala:357)
	at org.apache.spark.sql.catalyst.plans.logical.LogicalPlan.transformDownWithPruning(LogicalPlan.scala:48)
	at org.apache.spark.sql.catalyst.plans.logical.LogicalPlan.transformDownWithPruning(LogicalPlan.scala:48)
	at org.apache.spark.sql.catalyst.trees.TreeNode.transformDown(TreeNode.scala:586)
	at org.apache.spark.sql.execution.QueryExecution.$anonfun$eagerlyExecuteCommands$1(QueryExecution.scala:756)
	at org.apache.spark.sql.catalyst.plans.logical.AnalysisHelper$.allowInvokingTransformsInAnalyzer(AnalysisHelper.scala:418)
	at org.apache.spark.sql.execution.QueryExecution.eagerlyExecuteCommands(QueryExecution.scala:756)
	at org.apache.spark.sql.execution.QueryExecution.$anonfun$lazyCommandExecuted$1(QueryExecution.scala:666)
	at scala.util.Try$.apply(Try.scala:217)
	at org.apache.spark.util.Utils$.doTryWithCallerStacktrace(Utils.scala:1796)
	at org.apache.spark.util.Utils$.getTryWithCallerStacktrace(Utils.scala:1846)
	at org.apache.spark.util.LazyTry.get(LazyTry.scala:78)
	at org.apache.spark.sql.execution.QueryExecution.commandExecuted(QueryExecution.scala:671)
	at org.apache.spark.sql.execution.QueryExecution.assertCommandExecuted(QueryExecution.scala:804)
	at org.apache.spark.sql.classic.DataFrameWriter.runCommand(DataFrameWriter.scala:887)
	at org.apache.spark.sql.classic.DataFrameWriter.saveAsTable(DataFrameWriter.scala:732)
	at org.apache.spark.sql.classic.DataFrameWriter.saveAsTable(DataFrameWriter.scala:630)
	at org.apache.spark.sql.connect.planner.SparkConnectPlanner.handleWriteOperation(SparkConnectPlanner.scala:4607)
	at org.apache.spark.sql.connect.planner.SparkConnectPlanner.process(SparkConnectPlanner.scala:3782)
	at org.apache.spark.sql.connect.execution.ExecuteThreadRunner.handleCommand(ExecuteThreadRunner.scala:530)
	at org.apache.spark.sql.connect.execution.ExecuteThreadRunner.$anonfun$executeInternal$1(ExecuteThreadRunner.scala:420)
	at org.apache.spark.sql.connect.execution.ExecuteThreadRunner.$anonfun$executeInternal$1$adapted(ExecuteThreadRunner.scala:340)
	at org.apache.spark.sql.connect.service.SessionHolder.$anonfun$withSession$2(SessionHolder.scala:844)
	at org.apache.spark.sql.SparkSession.withActive(SparkSession.scala:866)
	at org.apache.spark.sql.connect.service.SessionHolder.$anonfun$withSession$1(SessionHolder.scala:844)
	at org.apache.spark.JobArtifactSet$.withActiveJobArtifactState(JobArtifactSet.scala:97)
	at org.apache.spark.sql.artifact.ArtifactManager.$anonfun$withResources$1(ArtifactManager.scala:124)
	at org.apache.spark.sql.artifact.ArtifactManager.withClassLoaderIfNeeded(ArtifactManager.scala:118)
	at org.apache.spark.sql.artifact.ArtifactManager.withResources(ArtifactManager.scala:123)
	at org.apache.spark.sql.connect.service.SessionHolder.withSession(SessionHolder.scala:843)
	at org.apache.spark.sql.connect.execution.ExecuteThreadRunner.executeInternal(ExecuteThreadRunner.scala:340)
	at org.apache.spark.sql.connect.execution.ExecuteThreadRunner.$anonfun$execute$1(ExecuteThreadRunner.scala:200)
	at scala.runtime.java8.JFunction0$mcV$sp.apply(JFunction0$mcV$sp.scala:18)
	at com.databricks.spark.connect.service.UtilizationMetrics.recordActiveQueries(UtilizationMetrics.scala:92)
	at com.databricks.spark.connect.service.UtilizationMetrics.recordActiveQueries$(UtilizationMetrics.scala:89)
	at org.apache.spark.sql.connect.execution.ExecuteThreadRunner.recordActiveQueries(ExecuteThreadRunner.scala:61)
	at org.apache.spark.sql.connect.execution.ExecuteThreadRunner.org$apache$spark$sql$connect$execution$ExecuteThreadRunner$$execute(ExecuteThreadRunner.scala:192)
	at org.apache.spark.sql.connect.execution.ExecuteThreadRunner$ExecutionThread.$anonfun$run$3(ExecuteThreadRunner.scala:601)
	at scala.runtime.java8.JFunction0$mcV$sp.apply(JFunction0$mcV$sp.scala:18)
	at com.databricks.spark.util.DBRTracing$.withSpanFromParent(DBRTracing.scala:70)
	at org.apache.spark.sql.connect.execution.ExecuteThreadRunner$ExecutionThread.$anonfun$run$2(ExecuteThreadRunner.scala:601)
	at scala.runtime.java8.JFunction0$mcV$sp.apply(JFunction0$mcV$sp.scala:18)
	at com.databricks.unity.UCSEphemeralState$Handle.runWith(UCSEphemeralState.scala:51)
	at com.databricks.unity.HandleImpl.runWith(UCSHandle.scala:128)
	at com.databricks.unity.HandleImpl.$anonfun$runWithAndClose$1(UCSHandle.scala:133)
	at scala.util.Using$.resource(Using.scala:296)
	at com.databricks.unity.HandleImpl.runWithAndClose(UCSHandle.scala:132)
	at org.apache.spark.sql.connect.execution.ExecuteThreadRunner$ExecutionThread.run(ExecuteThreadRunner.scala:600)
Caused by: com.databricks.sql.transaction.tahoe.DeltaAnalysisException: [DELTA_MERGE_INCOMPATIBLE_DATATYPE] Failed to merge incompatible data types TimestampType and TimestampNTZType.
	at com.databricks.sql.transaction.tahoe.schema.SchemaMergingUtils$.merge$1(SchemaMergingUtils.scala:332)
	at com.databricks.sql.transaction.tahoe.schema.SchemaMergingUtils$.$anonfun$mergeDataTypes$1(SchemaMergingUtils.scala:227)
	at scala.collection.ArrayOps$.map$extension(ArrayOps.scala:936)
	at com.databricks.sql.transaction.tahoe.schema.SchemaMergingUtils$.merge$1(SchemaMergingUtils.scala:218)
	at com.databricks.sql.transaction.tahoe.schema.SchemaMergingUtils$.mergeDataTypes(SchemaMergingUtils.scala:336)
	at com.databricks.sql.transaction.tahoe.schema.SchemaMergingUtils$.mergeSchemas(SchemaMergingUtils.scala:180)
	at com.databricks.sql.transaction.tahoe.schema.ImplicitMetadataOperation$.mergeSchema(ImplicitMetadataOperation.scala:367)
	at com.databricks.sql.transaction.tahoe.schema.ImplicitMetadataOperation.updateMetadata(ImplicitMetadataOperation.scala:113)
	at com.databricks.sql.transaction.tahoe.schema.ImplicitMetadataOperation.updateMetadata$(ImplicitMetadataOperation.scala:92)
	at com.databricks.sql.transaction.tahoe.commands.WriteIntoDeltaEdge.updateMetadata(WriteIntoDeltaEdge.scala:137)
	at com.databricks.sql.transaction.tahoe.commands.WriteIntoDeltaEdge.writeAndReturnCommitDataAndMaterializationPlans(WriteIntoDeltaEdge.scala:548)
	at com.databricks.sql.transaction.tahoe.commands.WriteIntoDeltaEdge.writeAndReturnCommitData(WriteIntoDeltaEdge.scala:369)
	at com.databricks.sql.transaction.tahoe.commands.CreateDeltaTableCommand.doDeltaWrite$1(CreateDeltaTableCommand.scala:784)
	at com.databricks.sql.transaction.tahoe.commands.CreateDeltaTableCommand.handleCreateTableAsSelect(CreateDeltaTableCommand.scala:932)
	at com.databricks.sql.transaction.tahoe.commands.CreateDeltaTableCommand.$anonfun$handleCommit$1(CreateDeltaTableCommand.scala:463)
	at com.databricks.sql.transaction.tahoe.OptimisticTransaction$.withActive(OptimisticTransaction.scala:324)
	at com.databricks.sql.transaction.tahoe.commands.CreateDeltaTableCommand.handleCommit(CreateDeltaTableCommand.scala:443)
	at com.databricks.sql.transaction.tahoe.commands.CreateDeltaTableCommand.$anonfun$run$9(CreateDeltaTableCommand.scala:346)
	at com.databricks.sql.transaction.tahoe.metering.DeltaLogging.withOperationTypeTag(DeltaLogging.scala:854)
	at com.databricks.sql.transaction.tahoe.metering.DeltaLogging.withOperationTypeTag$(DeltaLogging.scala:841)
	at com.databricks.sql.transaction.tahoe.commands.CreateDeltaTableCommand.withOperationTypeTag(CreateDeltaTableCommand.scala:109)
	at com.databricks.sql.transaction.tahoe.metering.DeltaLogging.$anonfun$recordDeltaOperationInternal$2(DeltaLogging.scala:527)
	at com.databricks.spark.util.FrameProfiler$.$anonfun$record$1(FrameProfiler.scala:114)
	at com.databricks.spark.util.FrameProfilerExporter$.maybeExportFrameProfiler(FrameProfilerExporter.scala:201)
	at com.databricks.spark.util.FrameProfiler$.record(FrameProfiler.scala:105)
	at com.databricks.sql.transaction.tahoe.metering.DeltaLogging.recordFrameProfileWithCallSite(DeltaLogging.scala:969)
	at com.databricks.sql.transaction.tahoe.metering.DeltaLogging.recordFrameProfileWithCallSite$(DeltaLogging.scala:966)
	at com.databricks.sql.transaction.tahoe.commands.CreateDeltaTableCommand.recordFrameProfileWithCallSite(CreateDeltaTableCommand.scala:109)
	at com.databricks.sql.transaction.tahoe.metering.DeltaLogging.$anonfun$recordDeltaOperationInternal$1(DeltaLogging.scala:526)
	at com.databricks.logging.UsageLogging.$anonfun$recordOperation$1(UsageLogging.scala:531)
	at com.databricks.logging.UsageLogging.executeThunkAndCaptureResultTags$1(UsageLogging.scala:669)
	at com.databricks.logging.UsageLogging.$anonfun$recordOperationWithResultTags$6(UsageLogging.scala:696)
	at com.databricks.logging.AttributionContextTracing.$anonfun$withAttributionContext$1(AttributionContextTracing.scala:146)
	at com.databricks.logging.AttributionContext$.$anonfun$withValue$1(AttributionContext.scala:349)
	at scala.util.DynamicVariable.withValue(DynamicVariable.scala:59)
	at com.databricks.logging.AttributionContext$.withValue(AttributionContext.scala:345)
	at com.databricks.logging.AttributionContextTracing.withAttributionContext(AttributionContextTracing.scala:144)
	at com.databricks.logging.AttributionContextTracing.withAttributionContext$(AttributionContextTracing.scala:141)
	at com.databricks.spark.util.PublicDBLogging.withAttributionContext(DatabricksSparkUsageLogger.scala:29)
	at com.databricks.logging.AttributionContextTracing.withAttributionTags(AttributionContextTracing.scala:201)
	at com.databricks.logging.AttributionContextTracing.withAttributionTags$(AttributionContextTracing.scala:182)
	at com.databricks.spark.util.PublicDBLogging.withAttributionTags(DatabricksSparkUsageLogger.scala:29)
	at com.databricks.logging.UsageLogging.$anonfun$recordOperationWithResultTags$5(UsageLogging.scala:664)
	at com.databricks.logging.UsageLogging.withOtelSpanInContext$1(UsageLogging.scala:656)
	at com.databricks.logging.UsageLogging.recordOperationWithResultTags(UsageLogging.scala:659)
	at com.databricks.logging.UsageLogging.recordOperationWithResultTags$(UsageLogging.scala:540)
	at com.databricks.spark.util.PublicDBLogging.recordOperationWithResultTags(DatabricksSparkUsageLogger.scala:29)
	at com.databricks.logging.UsageLogging.recordOperation(UsageLogging.scala:532)
	at com.databricks.logging.UsageLogging.recordOperation$(UsageLogging.scala:496)
	at com.databricks.spark.util.PublicDBLogging.recordOperation(DatabricksSparkUsageLogger.scala:29)
	at com.databricks.spark.util.PublicDBLogging.recordOperation0(DatabricksSparkUsageLogger.scala:104)
	at com.databricks.spark.util.DatabricksSparkUsageLogger.recordOperation(DatabricksSparkUsageLogger.scala:193)
	at com.databricks.spark.util.UsageLogger.recordOperation(UsageLogger.scala:78)
	at com.databricks.spark.util.UsageLogger.recordOperation$(UsageLogger.scala:65)
	at com.databricks.spark.util.DatabricksSparkUsageLogger.recordOperation(DatabricksSparkUsageLogger.scala:152)
	at com.databricks.spark.util.UsageLogging.recordOperation(UsageLogger.scala:537)
	at com.databricks.spark.util.UsageLogging.recordOperation$(UsageLogger.scala:516)
	at com.databricks.sql.transaction.tahoe.commands.CreateDeltaTableCommand.recordOperation(CreateDeltaTableCommand.scala:109)
	at com.databricks.sql.transaction.tahoe.metering.DeltaLogging.recordDeltaOperationInternal(DeltaLogging.scala:525)
	at com.databricks.sql.transaction.tahoe.metering.DeltaLogging.recordDeltaOperation(DeltaLogging.scala:515)
	at com.databricks.sql.transaction.tahoe.metering.DeltaLogging.recordDeltaOperation$(DeltaLogging.scala:504)
	at com.databricks.sql.transaction.tahoe.commands.CreateDeltaTableCommand.recordDeltaOperation(CreateDeltaTableCommand.scala:109)
	at com.databricks.sql.transaction.tahoe.commands.CreateDeltaTableCommand.run(CreateDeltaTableCommand.scala:300)
	at com.databricks.sql.transaction.tahoe.catalog.AbstractDeltaCatalog.$anonfun$createDeltaTable$1(AbstractDeltaCatalog.scala:1065)
	at com.databricks.spark.util.FrameProfiler$.$anonfun$record$1(FrameProfiler.scala:114)
	at com.databricks.spark.util.FrameProfilerExporter$.maybeExportFrameProfiler(FrameProfilerExporter.scala:201)
	at com.databricks.spark.util.FrameProfiler$.record(FrameProfiler.scala:105)
	at com.databricks.sql.transaction.tahoe.metering.DeltaLogging.recordFrameProfileWithCallSite(DeltaLogging.scala:969)
	at com.databricks.sql.transaction.tahoe.metering.DeltaLogging.recordFrameProfileWithCallSite$(DeltaLogging.scala:966)
	at com.databricks.sql.transaction.tahoe.catalog.AbstractDeltaCatalog.recordFrameProfileWithCallSite(AbstractDeltaCatalog.scala:203)
	at com.databricks.sql.transaction.tahoe.catalog.AbstractDeltaCatalog.com$databricks$sql$transaction$tahoe$catalog$AbstractDeltaCatalog$$createDeltaTable(AbstractDeltaCatalog.scala:434)
	at com.databricks.sql.transaction.tahoe.catalog.AbstractDeltaCatalog$StagedDeltaTableV2.$anonfun$commitStagedChanges$1(AbstractDeltaCatalog.scala:2543)
	at com.databricks.spark.util.FrameProfiler$.$anonfun$record$1(FrameProfiler.scala:114)
	at com.databricks.spark.util.FrameProfilerExporter$.maybeExportFrameProfiler(FrameProfilerExporter.scala:201)
	at com.databricks.spark.util.FrameProfiler$.record(FrameProfiler.scala:105)
	at com.databricks.sql.transaction.tahoe.metering.DeltaLogging.recordFrameProfileWithCallSite(DeltaLogging.scala:969)
	at com.databricks.sql.transaction.tahoe.metering.DeltaLogging.recordFrameProfileWithCallSite$(DeltaLogging.scala:966)
	at com.databricks.sql.transaction.tahoe.catalog.AbstractDeltaCatalog.recordFrameProfileWithCallSite(AbstractDeltaCatalog.scala:203)
	at com.databricks.sql.transaction.tahoe.catalog.AbstractDeltaCatalog$StagedDeltaTableV2.commitStagedChanges(AbstractDeltaCatalog.scala:2517)
	at org.apache.spark.sql.execution.datasources.v2.DataSourceV2Utils$.commitStagedChanges(DataSourceV2Utils.scala:325)
	at org.apache.spark.sql.execution.datasources.v2.V2CreateTableAsSelectBaseExec.$anonfun$writeToTable$6(WriteToDataSourceV2Exec.scala:1046)
	at scala.runtime.java8.JFunction0$mcV$sp.apply(JFunction0$mcV$sp.scala:18)
	at org.apache.spark.sql.execution.datasources.v2.WriteToDataSourceV2Exec$.handleConcurrentCreateExceptions(WriteToDataSourceV2Exec.scala:79)
	at org.apache.spark.sql.execution.datasources.v2.V2CreateTableAsSelectBaseExec.$anonfun$writeToTable$2(WriteToDataSourceV2Exec.scala:1046)
	at org.apache.spark.util.Utils$.tryWithSafeFinallyAndFailureCallbacks(Utils.scala:1726)
	at org.apache.spark.sql.execution.datasources.v2.V2CreateTableAsSelectBaseExec.$anonfun$writeToTable$1(WriteToDataSourceV2Exec.scala:1026)
	at com.databricks.spark.util.FrameProfiler$.$anonfun$record$1(FrameProfiler.scala:114)
	at com.databricks.spark.util.FrameProfilerExporter$.maybeExportFrameProfiler(FrameProfilerExporter.scala:201)
	at com.databricks.spark.util.FrameProfiler$.record(FrameProfiler.scala:105)
	at org.apache.spark.sql.execution.datasources.v2.V2CreateTableAsSelectBaseExec.writeToTable(WriteToDataSourceV2Exec.scala:1050)
	at org.apache.spark.sql.execution.datasources.v2.V2CreateTableAsSelectBaseExec.writeToTable$(WriteToDataSourceV2Exec.scala:1012)
	at org.apache.spark.sql.execution.datasources.v2.AtomicReplaceTableAsSelectExec.writeToTable(WriteToDataSourceV2Exec.scala:287)
	at org.apache.spark.sql.execution.datasources.v2.AtomicReplaceTableAsSelectExec.run(WriteToDataSourceV2Exec.scala:372)
	at org.apache.spark.sql.execution.datasources.v2.V2CommandExec.$anonfun$result$2(V2CommandExec.scala:48)
	at org.apache.spark.sql.execution.SparkPlan.runCommandInAetherOrSpark(SparkPlan.scala:202)
	at org.apache.spark.sql.execution.datasources.v2.V2CommandExec.$anonfun$result$1(V2CommandExec.scala:48)
	at com.databricks.spark.util.FrameProfiler$.$anonfun$record$1(FrameProfiler.scala:114)
	at com.databricks.spark.util.FrameProfilerExporter$.maybeExportFrameProfiler(FrameProfilerExporter.scala:201)
	at com.databricks.spark.util.FrameProfiler$.record(FrameProfiler.scala:105)
	at org.apache.spark.sql.execution.datasources.v2.V2CommandExec.result$lzycompute(V2CommandExec.scala:47)
	at org.apache.spark.sql.execution.datasources.v2.V2CommandExec.result(V2CommandExec.scala:45)
	at org.apache.spark.sql.execution.datasources.v2.V2CommandExec.executeCollect(V2CommandExec.scala:56)
	at org.apache.spark.sql.execution.QueryExecution$.$anonfun$runCommand$12(QueryExecution.scala:1968)
	at com.databricks.util.LexicalThreadLocal$Handle.runWith(LexicalThreadLocal.scala:63)
	at org.apache.spark.sql.execution.QueryExecution$.$anonfun$runCommand$11(QueryExecution.scala:1962)
	at com.databricks.util.LexicalThreadLocal$Handle.runWith(LexicalThreadLocal.scala:63)
	at org.apache.spark.sql.execution.QueryExecution$.executeWithCaches$1(QueryExecution.scala:1962)
	at org.apache.spark.sql.execution.QueryExecution$.$anonfun$runCommand$10(QueryExecution.scala:1968)
	at org.apache.spark.sql.catalyst.QueryPlanningTracker$.withTracker(QueryPlanningTracker.scala:275)
	at org.apache.spark.sql.execution.QueryExecution$.$anonfun$runCommand$9(QueryExecution.scala:1955)
	at org.apache.spark.sql.execution.SQLExecution$.$anonfun$withNewExecutionId0$24(SQLExecution.scala:1112)
	at com.databricks.sql.util.MemoryTrackerHelper.withMemoryTracking(MemoryTrackerHelper.scala:111)
	at org.apache.spark.sql.execution.SQLExecution$.$anonfun$withNewExecutionId0$21(SQLExecution.scala:1032)
	at com.databricks.unity.UCSManager$.withTemporaryScope(UCSManager.scala:168)
	at org.apache.spark.sql.execution.SQLExecution$.$anonfun$withNewExecutionId0$20(SQLExecution.scala:928)
	at org.apache.spark.sql.execution.SQLExecution$.withSessionTagsApplied(SQLExecution.scala:1572)
	at org.apache.spark.sql.execution.SQLExecution$.$anonfun$withNewExecutionId0$19(SQLExecution.scala:917)
	at org.apache.spark.JobArtifactSet$.withActiveJobArtifactState(JobArtifactSet.scala:97)
	at org.apache.spark.sql.artifact.ArtifactManager.$anonfun$withResources$1(ArtifactManager.scala:124)
	at org.apache.spark.sql.artifact.ArtifactManager.withClassLoaderIfNeeded(ArtifactManager.scala:118)
	at org.apache.spark.sql.artifact.ArtifactManager.withResources(ArtifactManager.scala:123)
	at org.apache.spark.sql.execution.SQLExecution$.$anonfun$withNewExecutionId0$18(SQLExecution.scala:917)
	at org.apache.spark.sql.execution.SQLExecution$.withSQLConfPropagated(SQLExecution.scala:1607)
	at org.apache.spark.sql.execution.SQLExecution$.$anonfun$withNewExecutionId0$1(SQLExecution.scala:916)
	at org.apache.spark.sql.SparkSession.withActive(SparkSession.scala:866)
	at org.apache.spark.sql.execution.SQLExecution$.withNewExecutionId0(SQLExecution.scala:657)
	at org.apache.spark.sql.execution.SQLExecution$.withNewExecutionId(SQLExecution.scala:1525)
	at org.apache.spark.sql.execution.QueryExecution$.$anonfun$runCommand$8(QueryExecution.scala:1955)
	at org.apache.spark.sql.execution.QueryExecution$.withInternalError(QueryExecution.scala:1822)
	at org.apache.spark.sql.execution.QueryExecution$.$anonfun$runCommand$7(QueryExecution.scala:1951)
	at org.apache.spark.sql.execution.QueryExecution.withMVTagsIfNecessary(QueryExecution.scala:710)
	at org.apache.spark.sql.execution.QueryExecution$.$anonfun$runCommand$4(QueryExecution.scala:1936)
	at scala.Option.map(Option.scala:242)
	at org.apache.spark.sql.execution.QueryExecution$.executeWithMVTags$1(QueryExecution.scala:1936)
	at org.apache.spark.sql.execution.QueryExecution$.runCommand(QueryExecution.scala:1949)
	at org.apache.spark.sql.execution.QueryExecution.org$apache$spark$sql$execution$QueryExecution$$eagerlyExecute$1(QueryExecution.scala:747)
	at org.apache.spark.sql.execution.QueryExecution$$anonfun$$nestedInanonfun$eagerlyExecuteCommands$1$1.applyOrElse(QueryExecution.scala:764)
	at org.apache.spark.sql.execution.QueryExecution$$anonfun$$nestedInanonfun$eagerlyExecuteCommands$1$1.applyOrElse(QueryExecution.scala:756)
	at org.apache.spark.sql.catalyst.trees.TreeNode.$anonfun$transformDownWithPruning$1(TreeNode.scala:610)
	at org.apache.spark.sql.catalyst.trees.CurrentOrigin$.withOrigin(origin.scala:142)
	at org.apache.spark.sql.catalyst.trees.TreeNode.transformDownWithPruning(TreeNode.scala:610)
	at org.apache.spark.sql.catalyst.plans.logical.LogicalPlan.org$apache$spark$sql$catalyst$plans$logical$AnalysisHelper$$super$transformDownWithPruning(LogicalPlan.scala:48)
	at org.apache.spark.sql.catalyst.plans.logical.AnalysisHelper.transformDownWithPruning(AnalysisHelper.scala:361)
	at org.apache.spark.sql.catalyst.plans.logical.AnalysisHelper.transformDownWithPruning$(AnalysisHelper.scala:357)
	at org.apache.spark.sql.catalyst.plans.logical.LogicalPlan.transformDownWithPruning(LogicalPlan.scala:48)
	at org.apache.spark.sql.catalyst.plans.logical.LogicalPlan.transformDownWithPruning(LogicalPlan.scala:48)
	at org.apache.spark.sql.catalyst.trees.TreeNode.transformDown(TreeNode.scala:586)
	at org.apache.spark.sql.execution.QueryExecution.$anonfun$eagerlyExecuteCommands$1(QueryExecution.scala:756)
	at org.apache.spark.sql.catalyst.plans.logical.AnalysisHelper$.allowInvokingTransformsInAnalyzer(AnalysisHelper.scala:418)
	at org.apache.spark.sql.execution.QueryExecution.eagerlyExecuteCommands(QueryExecution.scala:756)
	at org.apache.spark.sql.execution.QueryExecution.$anonfun$lazyCommandExecuted$1(QueryExecution.scala:666)
	at scala.util.Try$.apply(Try.scala:217)
	at org.apache.spark.util.Utils$.doTryWithCallerStacktrace(Utils.scala:1796)
	at org.apache.spark.util.LazyTry.tryT$lzycompute(LazyTry.scala:60)
	at org.apache.spark.util.LazyTry.tryT(LazyTry.scala:59)
	at org.apache.spark.util.LazyTry.get(LazyTry.scala:78)
	at org.apache.spark.sql.execution.QueryExecution.commandExecuted(QueryExecution.scala:671)
	at org.apache.spark.sql.execution.QueryExecution.assertCommandExecuted(QueryExecution.scala:804)
	at org.apache.spark.sql.classic.DataFrameWriter.runCommand(DataFrameWriter.scala:887)
	at org.apache.spark.sql.classic.DataFrameWriter.saveAsTable(DataFrameWriter.scala:732)
	at org.apache.spark.sql.classic.DataFrameWriter.saveAsTable(DataFrameWriter.scala:630)
	at org.apache.spark.sql.connect.planner.SparkConnectPlanner.handleWriteOperation(SparkConnectPlanner.scala:4607)
	at org.apache.spark.sql.connect.planner.SparkConnectPlanner.process(SparkConnectPlanner.scala:3782)
	at org.apache.spark.sql.connect.execution.ExecuteThreadRunner.handleCommand(ExecuteThreadRunner.scala:530)
	at org.apache.spark.sql.connect.execution.ExecuteThreadRunner.$anonfun$executeInternal$1(ExecuteThreadRunner.scala:420)
	at org.apache.spark.sql.connect.execution.ExecuteThreadRunner.$anonfun$executeInternal$1$adapted(ExecuteThreadRunner.scala:340)
	at org.apache.spark.sql.connect.service.SessionHolder.$anonfun$withSession$2(SessionHolder.scala:844)
	at org.apache.spark.sql.SparkSession.withActive(SparkSession.scala:866)
	at org.apache.spark.sql.connect.service.SessionHolder.$anonfun$withSession$1(SessionHolder.scala:844)
	at org.apache.spark.JobArtifactSet$.withActiveJobArtifactState(JobArtifactSet.scala:97)
	at org.apache.spark.sql.artifact.ArtifactManager.$anonfun$withResources$1(ArtifactManager.scala:124)
	at org.apache.spark.sql.artifact.ArtifactManager.withClassLoaderIfNeeded(ArtifactManager.scala:118)
	at org.apache.spark.sql.artifact.ArtifactManager.withResources(ArtifactManager.scala:123)
	at org.apache.spark.sql.connect.service.SessionHolder.withSession(SessionHolder.scala:843)
	at org.apache.spark.sql.connect.execution.ExecuteThreadRunner.executeInternal(ExecuteThreadRunner.scala:340)
	at org.apache.spark.sql.connect.execution.ExecuteThreadRunner.$anonfun$execute$1(ExecuteThreadRunner.scala:200)
	at scala.runtime.java8.JFunction0$mcV$sp.apply(JFunction0$mcV$sp.scala:18)
	at com.databricks.spark.connect.service.UtilizationMetrics.recordActiveQueries(UtilizationMetrics.scala:92)
	at com.databricks.spark.connect.service.UtilizationMetrics.recordActiveQueries$(UtilizationMetrics.scala:89)
	at org.apache.spark.sql.connect.execution.ExecuteThreadRunner.recordActiveQueries(ExecuteThreadRunner.scala:61)
	at org.apache.spark.sql.connect.execution.ExecuteThreadRunner.org$apache$spark$sql$connect$execution$ExecuteThreadRunner$$execute(ExecuteThreadRunner.scala:192)
	at org.apache.spark.sql.connect.execution.ExecuteThreadRunner$ExecutionThread.$anonfun$run$3(ExecuteThreadRunner.scala:601)
	at scala.runtime.java8.JFunction0$mcV$sp.apply(JFunction0$mcV$sp.scala:18)
	at com.databricks.spark.util.DBRTracing$.withSpanFromParent(DBRTracing.scala:70)
	at org.apache.spark.sql.connect.execution.ExecuteThreadRunner$ExecutionThread.$anonfun$run$2(ExecuteThreadRunner.scala:601)
	at scala.runtime.java8.JFunction0$mcV$sp.apply(JFunction0$mcV$sp.scala:18)
	at com.databricks.unity.UCSEphemeralState$Handle.runWith(UCSEphemeralState.scala:51)
	at com.databricks.unity.HandleImpl.runWith(UCSHandle.scala:128)
	at com.databricks.unity.HandleImpl.$anonfun$runWithAndClose$1(UCSHandle.scala:133)
	at scala.util.Using$.resource(Using.scala:296)
	at com.databricks.unity.HandleImpl.runWithAndClose(UCSHandle.scala:132)
	at org.apache.spark.sql.connect.execution.ExecuteThreadRunner$ExecutionThread.run(ExecuteThreadRunner.scala:600)
2026-07-17 20:45:43,988 | ERROR | Error in pipeline : [DELTA_FAILED_TO_MERGE_FIELDS] Failed to merge fields 'tpep_pickup_datetime' and 'tpep_pickup_datetime'.

JVM stacktrace:
com.databricks.sql.transaction.tahoe.DeltaAnalysisException
	at com.databricks.sql.transaction.tahoe.schema.SchemaMergingUtils$.$anonfun$mergeDataTypes$1(SchemaMergingUtils.scala:232)
	at scala.collection.ArrayOps$.map$extension(ArrayOps.scala:936)
	at com.databricks.sql.transaction.tahoe.schema.SchemaMergingUtils$.merge$1(SchemaMergingUtils.scala:218)
	at com.databricks.sql.transaction.tahoe.schema.SchemaMergingUtils$.mergeDataTypes(SchemaMergingUtils.scala:336)
	at com.databricks.sql.transaction.tahoe.schema.SchemaMergingUtils$.mergeSchemas(SchemaMergingUtils.scala:180)
	at com.databricks.sql.transaction.tahoe.schema.ImplicitMetadataOperation$.mergeSchema(ImplicitMetadataOperation.scala:367)
	at com.databricks.sql.transaction.tahoe.schema.ImplicitMetadataOperation.updateMetadata(ImplicitMetadataOperation.scala:113)
	at com.databricks.sql.transaction.tahoe.schema.ImplicitMetadataOperation.updateMetadata$(ImplicitMetadataOperation.scala:92)
	at com.databricks.sql.transaction.tahoe.commands.WriteIntoDeltaEdge.updateMetadata(WriteIntoDeltaEdge.scala:137)
	at com.databricks.sql.transaction.tahoe.commands.WriteIntoDeltaEdge.writeAndReturnCommitDataAndMaterializationPlans(WriteIntoDeltaEdge.scala:548)
	at com.databricks.sql.transaction.tahoe.commands.WriteIntoDeltaEdge.writeAndReturnCommitData(WriteIntoDeltaEdge.scala:369)
	at com.databricks.sql.transaction.tahoe.commands.CreateDeltaTableCommand.doDeltaWrite$1(CreateDeltaTableCommand.scala:784)
	at com.databricks.sql.transaction.tahoe.commands.CreateDeltaTableCommand.handleCreateTableAsSelect(CreateDeltaTableCommand.scala:932)
	at com.databricks.sql.transaction.tahoe.commands.CreateDeltaTableCommand.$anonfun$handleCommit$1(CreateDeltaTableCommand.scala:463)
	at com.databricks.sql.transaction.tahoe.OptimisticTransaction$.withActive(OptimisticTransaction.scala:324)
	at com.databricks.sql.transaction.tahoe.commands.CreateDeltaTableCommand.handleCommit(CreateDeltaTableCommand.scala:443)
	at com.databricks.sql.transaction.tahoe.commands.CreateDeltaTableCommand.$anonfun$run$9(CreateDeltaTableCommand.scala:346)
	at com.databricks.sql.transaction.tahoe.metering.DeltaLogging.withOperationTypeTag(DeltaLogging.scala:854)
	at com.databricks.sql.transaction.tahoe.metering.DeltaLogging.withOperationTypeTag$(DeltaLogging.scala:841)
	at com.databricks.sql.transaction.tahoe.commands.CreateDeltaTableCommand.withOperationTypeTag(CreateDeltaTableCommand.scala:109)
	at com.databricks.sql.transaction.tahoe.metering.DeltaLogging.$anonfun$recordDeltaOperationInternal$2(DeltaLogging.scala:527)
	at com.databricks.spark.util.FrameProfiler$.$anonfun$record$1(FrameProfiler.scala:114)
	at com.databricks.spark.util.FrameProfilerExporter$.maybeExportFrameProfiler(FrameProfilerExporter.scala:201)
	at com.databricks.spark.util.FrameProfiler$.record(FrameProfiler.scala:105)
	at com.databricks.sql.transaction.tahoe.metering.DeltaLogging.recordFrameProfileWithCallSite(DeltaLogging.scala:969)
	at com.databricks.sql.transaction.tahoe.metering.DeltaLogging.recordFrameProfileWithCallSite$(DeltaLogging.scala:966)
	at com.databricks.sql.transaction.tahoe.commands.CreateDeltaTableCommand.recordFrameProfileWithCallSite(CreateDeltaTableCommand.scala:109)
	at com.databricks.sql.transaction.tahoe.metering.DeltaLogging.$anonfun$recordDeltaOperationInternal$1(DeltaLogging.scala:526)
	at com.databricks.logging.UsageLogging.$anonfun$recordOperation$1(UsageLogging.scala:531)
	at com.databricks.logging.UsageLogging.executeThunkAndCaptureResultTags$1(UsageLogging.scala:669)
	at com.databricks.logging.UsageLogging.$anonfun$recordOperationWithResultTags$6(UsageLogging.scala:696)
	at com.databricks.logging.AttributionContextTracing.$anonfun$withAttributionContext$1(AttributionContextTracing.scala:146)
	at com.databricks.logging.AttributionContext$.$anonfun$withValue$1(AttributionContext.scala:349)
	at scala.util.DynamicVariable.withValue(DynamicVariable.scala:59)
	at com.databricks.logging.AttributionContext$.withValue(AttributionContext.scala:345)
	at com.databricks.logging.AttributionContextTracing.withAttributionContext(AttributionContextTracing.scala:144)
	at com.databricks.logging.AttributionContextTracing.withAttributionContext$(AttributionContextTracing.scala:141)
	at com.databricks.spark.util.PublicDBLogging.withAttributionContext(DatabricksSparkUsageLogger.scala:29)
	at com.databricks.logging.AttributionContextTracing.withAttributionTags(AttributionContextTracing.scala:201)
	at com.databricks.logging.AttributionContextTracing.withAttributionTags$(AttributionContextTracing.scala:182)
	at com.databricks.spark.util.PublicDBLogging.withAttributionTags(DatabricksSparkUsageLogger.scala:29)
	at com.databricks.logging.UsageLogging.$anonfun$recordOperationWithResultTags$5(UsageLogging.scala:664)
	at com.databricks.logging.UsageLogging.withOtelSpanInContext$1(UsageLogging.scala:656)
	at com.databricks.logging.UsageLogging.recordOperationWithResultTags(UsageLogging.scala:659)
	at com.databricks.logging.UsageLogging.recordOperationWithResultTags$(UsageLogging.scala:540)
	at com.databricks.spark.util.PublicDBLogging.recordOperationWithResultTags(DatabricksSparkUsageLogger.scala:29)
	at com.databricks.logging.UsageLogging.recordOperation(UsageLogging.scala:532)
	at com.databricks.logging.UsageLogging.recordOperation$(UsageLogging.scala:496)
	at com.databricks.spark.util.PublicDBLogging.recordOperation(DatabricksSparkUsageLogger.scala:29)
	at com.databricks.spark.util.PublicDBLogging.recordOperation0(DatabricksSparkUsageLogger.scala:104)
	at com.databricks.spark.util.DatabricksSparkUsageLogger.recordOperation(DatabricksSparkUsageLogger.scala:193)
	at com.databricks.spark.util.UsageLogger.recordOperation(UsageLogger.scala:78)
	at com.databricks.spark.util.UsageLogger.recordOperation$(UsageLogger.scala:65)
	at com.databricks.spark.util.DatabricksSparkUsageLogger.recordOperation(DatabricksSparkUsageLogger.scala:152)
	at com.databricks.spark.util.UsageLogging.recordOperation(UsageLogger.scala:537)
	at com.databricks.spark.util.UsageLogging.recordOperation$(UsageLogger.scala:516)
	at com.databricks.sql.transaction.tahoe.commands.CreateDeltaTableCommand.recordOperation(CreateDeltaTableCommand.scala:109)
	at com.databricks.sql.transaction.tahoe.metering.DeltaLogging.recordDeltaOperationInternal(DeltaLogging.scala:525)
	at com.databricks.sql.transaction.tahoe.metering.DeltaLogging.recordDeltaOperation(DeltaLogging.scala:515)
	at com.databricks.sql.transaction.tahoe.metering.DeltaLogging.recordDeltaOperation$(DeltaLogging.scala:504)
	at com.databricks.sql.transaction.tahoe.commands.CreateDeltaTableCommand.recordDeltaOperation(CreateDeltaTableCommand.scala:109)
	at com.databricks.sql.transaction.tahoe.commands.CreateDeltaTableCommand.run(CreateDeltaTableCommand.scala:300)
	at com.databricks.sql.transaction.tahoe.catalog.AbstractDeltaCatalog.$anonfun$createDeltaTable$1(AbstractDeltaCatalog.scala:1065)
	at com.databricks.spark.util.FrameProfiler$.$anonfun$record$1(FrameProfiler.scala:114)
	at com.databricks.spark.util.FrameProfilerExporter$.maybeExportFrameProfiler(FrameProfilerExporter.scala:201)
	at com.databricks.spark.util.FrameProfiler$.record(FrameProfiler.scala:105)
	at com.databricks.sql.transaction.tahoe.metering.DeltaLogging.recordFrameProfileWithCallSite(DeltaLogging.scala:969)
	at com.databricks.sql.transaction.tahoe.metering.DeltaLogging.recordFrameProfileWithCallSite$(DeltaLogging.scala:966)
	at com.databricks.sql.transaction.tahoe.catalog.AbstractDeltaCatalog.recordFrameProfileWithCallSite(AbstractDeltaCatalog.scala:203)
	at com.databricks.sql.transaction.tahoe.catalog.AbstractDeltaCatalog.com$databricks$sql$transaction$tahoe$catalog$AbstractDeltaCatalog$$createDeltaTable(AbstractDeltaCatalog.scala:434)
	at com.databricks.sql.transaction.tahoe.catalog.AbstractDeltaCatalog$StagedDeltaTableV2.$anonfun$commitStagedChanges$1(AbstractDeltaCatalog.scala:2543)
	at com.databricks.spark.util.FrameProfiler$.$anonfun$record$1(FrameProfiler.scala:114)
	at com.databricks.spark.util.FrameProfilerExporter$.maybeExportFrameProfiler(FrameProfilerExporter.scala:201)
	at com.databricks.spark.util.FrameProfiler$.record(FrameProfiler.scala:105)
	at com.databricks.sql.transaction.tahoe.metering.DeltaLogging.recordFrameProfileWithCallSite(DeltaLogging.scala:969)
	at com.databricks.sql.transaction.tahoe.metering.DeltaLogging.recordFrameProfileWithCallSite$(DeltaLogging.scala:966)
	at com.databricks.sql.transaction.tahoe.catalog.AbstractDeltaCatalog.recordFrameProfileWithCallSite(AbstractDeltaCatalog.scala:203)
	at com.databricks.sql.transaction.tahoe.catalog.AbstractDeltaCatalog$StagedDeltaTableV2.commitStagedChanges(AbstractDeltaCatalog.scala:2517)
	at org.apache.spark.sql.execution.datasources.v2.DataSourceV2Utils$.commitStagedChanges(DataSourceV2Utils.scala:325)
	at org.apache.spark.sql.execution.datasources.v2.V2CreateTableAsSelectBaseExec.$anonfun$writeToTable$6(WriteToDataSourceV2Exec.scala:1046)
	at scala.runtime.java8.JFunction0$mcV$sp.apply(JFunction0$mcV$sp.scala:18)
	at org.apache.spark.sql.execution.datasources.v2.WriteToDataSourceV2Exec$.handleConcurrentCreateExceptions(WriteToDataSourceV2Exec.scala:79)
	at org.apache.spark.sql.execution.datasources.v2.V2CreateTableAsSelectBaseExec.$anonfun$writeToTable$2(WriteToDataSourceV2Exec.scala:1046)
	at org.apache.spark.util.Utils$.tryWithSafeFinallyAndFailureCallbacks(Utils.scala:1726)
	at org.apache.spark.sql.execution.datasources.v2.V2CreateTableAsSelectBaseExec.$anonfun$writeToTable$1(WriteToDataSourceV2Exec.scala:1026)
	at com.databricks.spark.util.FrameProfiler$.$anonfun$record$1(FrameProfiler.scala:114)
	at com.databricks.spark.util.FrameProfilerExporter$.maybeExportFrameProfiler(FrameProfilerExporter.scala:201)
	at com.databricks.spark.util.FrameProfiler$.record(FrameProfiler.scala:105)
	at org.apache.spark.sql.execution.datasources.v2.V2CreateTableAsSelectBaseExec.writeToTable(WriteToDataSourceV2Exec.scala:1050)
	at org.apache.spark.sql.execution.datasources.v2.V2CreateTableAsSelectBaseExec.writeToTable$(WriteToDataSourceV2Exec.scala:1012)
	at org.apache.spark.sql.execution.datasources.v2.AtomicReplaceTableAsSelectExec.writeToTable(WriteToDataSourceV2Exec.scala:287)
	at org.apache.spark.sql.execution.datasources.v2.AtomicReplaceTableAsSelectExec.run(WriteToDataSourceV2Exec.scala:372)
	at org.apache.spark.sql.execution.datasources.v2.V2CommandExec.$anonfun$result$2(V2CommandExec.scala:48)
	at org.apache.spark.sql.execution.SparkPlan.runCommandInAetherOrSpark(SparkPlan.scala:202)
	at org.apache.spark.sql.execution.datasources.v2.V2CommandExec.$anonfun$result$1(V2CommandExec.scala:48)
	at com.databricks.spark.util.FrameProfiler$.$anonfun$record$1(FrameProfiler.scala:114)
	at com.databricks.spark.util.FrameProfilerExporter$.maybeExportFrameProfiler(FrameProfilerExporter.scala:201)
	at com.databricks.spark.util.FrameProfiler$.record(FrameProfiler.scala:105)
	at org.apache.spark.sql.execution.datasources.v2.V2CommandExec.result$lzycompute(V2CommandExec.scala:47)
	at org.apache.spark.sql.execution.datasources.v2.V2CommandExec.result(V2CommandExec.scala:45)
	at org.apache.spark.sql.execution.datasources.v2.V2CommandExec.executeCollect(V2CommandExec.scala:56)
	at org.apache.spark.sql.execution.QueryExecution$.$anonfun$runCommand$12(QueryExecution.scala:1968)
	at com.databricks.util.LexicalThreadLocal$Handle.runWith(LexicalThreadLocal.scala:63)
	at org.apache.spark.sql.execution.QueryExecution$.$anonfun$runCommand$11(QueryExecution.scala:1962)
	at com.databricks.util.LexicalThreadLocal$Handle.runWith(LexicalThreadLocal.scala:63)
	at org.apache.spark.sql.execution.QueryExecution$.executeWithCaches$1(QueryExecution.scala:1962)
	at org.apache.spark.sql.execution.QueryExecution$.$anonfun$runCommand$10(QueryExecution.scala:1968)
	at org.apache.spark.sql.catalyst.QueryPlanningTracker$.withTracker(QueryPlanningTracker.scala:275)
	at org.apache.spark.sql.execution.QueryExecution$.$anonfun$runCommand$9(QueryExecution.scala:1955)
	at org.apache.spark.sql.execution.SQLExecution$.$anonfun$withNewExecutionId0$24(SQLExecution.scala:1112)
	at com.databricks.sql.util.MemoryTrackerHelper.withMemoryTracking(MemoryTrackerHelper.scala:111)
	at org.apache.spark.sql.execution.SQLExecution$.$anonfun$withNewExecutionId0$21(SQLExecution.scala:1032)
	at com.databricks.unity.UCSManager$.withTemporaryScope(UCSManager.scala:168)
	at org.apache.spark.sql.execution.SQLExecution$.$anonfun$withNewExecutionId0$20(SQLExecution.scala:928)
	at org.apache.spark.sql.execution.SQLExecution$.withSessionTagsApplied(SQLExecution.scala:1572)
	at org.apache.spark.sql.execution.SQLExecution$.$anonfun$withNewExecutionId0$19(SQLExecution.scala:917)
	at org.apache.spark.JobArtifactSet$.withActiveJobArtifactState(JobArtifactSet.scala:97)
	at org.apache.spark.sql.artifact.ArtifactManager.$anonfun$withResources$1(ArtifactManager.scala:124)
	at org.apache.spark.sql.artifact.ArtifactManager.withClassLoaderIfNeeded(ArtifactManager.scala:118)
	at org.apache.spark.sql.artifact.ArtifactManager.withResources(ArtifactManager.scala:123)
	at org.apache.spark.sql.execution.SQLExecution$.$anonfun$withNewExecutionId0$18(SQLExecution.scala:917)
	at org.apache.spark.sql.execution.SQLExecution$.withSQLConfPropagated(SQLExecution.scala:1607)
	at org.apache.spark.sql.execution.SQLExecution$.$anonfun$withNewExecutionId0$1(SQLExecution.scala:916)
	at org.apache.spark.sql.SparkSession.withActive(SparkSession.scala:866)
	at org.apache.spark.sql.execution.SQLExecution$.withNewExecutionId0(SQLExecution.scala:657)
	at org.apache.spark.sql.execution.SQLExecution$.withNewExecutionId(SQLExecution.scala:1525)
	at org.apache.spark.sql.execution.QueryExecution$.$anonfun$runCommand$8(QueryExecution.scala:1955)
	at org.apache.spark.sql.execution.QueryExecution$.withInternalError(QueryExecution.scala:1822)
	at org.apache.spark.sql.execution.QueryExecution$.$anonfun$runCommand$7(QueryExecution.scala:1951)
	at org.apache.spark.sql.execution.QueryExecution.withMVTagsIfNecessary(QueryExecution.scala:710)
	at org.apache.spark.sql.execution.QueryExecution$.$anonfun$runCommand$4(QueryExecution.scala:1936)
	at scala.Option.map(Option.scala:242)
	at org.apache.spark.sql.execution.QueryExecution$.executeWithMVTags$1(QueryExecution.scala:1936)
	at org.apache.spark.sql.execution.QueryExecution$.runCommand(QueryExecution.scala:1949)
	at org.apache.spark.sql.execution.QueryExecution.org$apache$spark$sql$execution$QueryExecution$$eagerlyExecute$1(QueryExecution.scala:747)
	at org.apache.spark.sql.execution.QueryExecution$$anonfun$$nestedInanonfun$eagerlyExecuteCommands$1$1.applyOrElse(QueryExecution.scala:764)
	at org.apache.spark.sql.execution.QueryExecution$$anonfun$$nestedInanonfun$eagerlyExecuteCommands$1$1.applyOrElse(QueryExecution.scala:756)
	at org.apache.spark.sql.catalyst.trees.TreeNode.$anonfun$transformDownWithPruning$1(TreeNode.scala:610)
	at org.apache.spark.sql.catalyst.trees.CurrentOrigin$.withOrigin(origin.scala:142)
	at org.apache.spark.sql.catalyst.trees.TreeNode.transformDownWithPruning(TreeNode.scala:610)
	at org.apache.spark.sql.catalyst.plans.logical.LogicalPlan.org$apache$spark$sql$catalyst$plans$logical$AnalysisHelper$$super$transformDownWithPruning(LogicalPlan.scala:48)
	at org.apache.spark.sql.catalyst.plans.logical.AnalysisHelper.transformDownWithPruning(AnalysisHelper.scala:361)
	at org.apache.spark.sql.catalyst.plans.logical.AnalysisHelper.transformDownWithPruning$(AnalysisHelper.scala:357)
	at org.apache.spark.sql.catalyst.plans.logical.LogicalPlan.transformDownWithPruning(LogicalPlan.scala:48)
	at org.apache.spark.sql.catalyst.plans.logical.LogicalPlan.transformDownWithPruning(LogicalPlan.scala:48)
	at org.apache.spark.sql.catalyst.trees.TreeNode.transformDown(TreeNode.scala:586)
	at org.apache.spark.sql.execution.QueryExecution.$anonfun$eagerlyExecuteCommands$1(QueryExecution.scala:756)
	at org.apache.spark.sql.catalyst.plans.logical.AnalysisHelper$.allowInvokingTransformsInAnalyzer(AnalysisHelper.scala:418)
	at org.apache.spark.sql.execution.QueryExecution.eagerlyExecuteCommands(QueryExecution.scala:756)
	at org.apache.spark.sql.execution.QueryExecution.$anonfun$lazyCommandExecuted$1(QueryExecution.scala:666)
	at scala.util.Try$.apply(Try.scala:217)
	at org.apache.spark.util.Utils$.doTryWithCallerStacktrace(Utils.scala:1796)
	at org.apache.spark.util.Utils$.getTryWithCallerStacktrace(Utils.scala:1846)
	at org.apache.spark.util.LazyTry.get(LazyTry.scala:78)
	at org.apache.spark.sql.execution.QueryExecution.commandExecuted(QueryExecution.scala:671)
	at org.apache.spark.sql.execution.QueryExecution.assertCommandExecuted(QueryExecution.scala:804)
	at org.apache.spark.sql.classic.DataFrameWriter.runCommand(DataFrameWriter.scala:887)
	at org.apache.spark.sql.classic.DataFrameWriter.saveAsTable(DataFrameWriter.scala:732)
	at org.apache.spark.sql.classic.DataFrameWriter.saveAsTable(DataFrameWriter.scala:630)
	at org.apache.spark.sql.connect.planner.SparkConnectPlanner.handleWriteOperation(SparkConnectPlanner.scala:4607)
	at org.apache.spark.sql.connect.planner.SparkConnectPlanner.process(SparkConnectPlanner.scala:3782)
	at org.apache.spark.sql.connect.execution.ExecuteThreadRunner.handleCommand(ExecuteThreadRunner.scala:530)
	at org.apache.spark.sql.connect.execution.ExecuteThreadRunner.$anonfun$executeInternal$1(ExecuteThreadRunner.scala:420)
	at org.apache.spark.sql.connect.execution.ExecuteThreadRunner.$anonfun$executeInternal$1$adapted(ExecuteThreadRunner.scala:340)
	at org.apache.spark.sql.connect.service.SessionHolder.$anonfun$withSession$2(SessionHolder.scala:844)
	at org.apache.spark.sql.SparkSession.withActive(SparkSession.scala:866)
	at org.apache.spark.sql.connect.service.SessionHolder.$anonfun$withSession$1(SessionHolder.scala:844)
	at org.apache.spark.JobArtifactSet$.withActiveJobArtifactState(JobArtifactSet.scala:97)
	at org.apache.spark.sql.artifact.ArtifactManager.$anonfun$withResources$1(ArtifactManager.scala:124)
	at org.apache.spark.sql.artifact.ArtifactManager.withClassLoaderIfNeeded(ArtifactManager.scala:118)
	at org.apache.spark.sql.artifact.ArtifactManager.withResources(ArtifactManager.scala:123)
	at org.apache.spark.sql.connect.service.SessionHolder.withSession(SessionHolder.scala:843)
	at org.apache.spark.sql.connect.execution.ExecuteThreadRunner.executeInternal(ExecuteThreadRunner.scala:340)
	at org.apache.spark.sql.connect.execution.ExecuteThreadRunner.$anonfun$execute$1(ExecuteThreadRunner.scala:200)
	at scala.runtime.java8.JFunction0$mcV$sp.apply(JFunction0$mcV$sp.scala:18)
	at com.databricks.spark.connect.service.UtilizationMetrics.recordActiveQueries(UtilizationMetrics.scala:92)
	at com.databricks.spark.connect.service.UtilizationMetrics.recordActiveQueries$(UtilizationMetrics.scala:89)
	at org.apache.spark.sql.connect.execution.ExecuteThreadRunner.recordActiveQueries(ExecuteThreadRunner.scala:61)
	at org.apache.spark.sql.connect.execution.ExecuteThreadRunner.org$apache$spark$sql$connect$execution$ExecuteThreadRunner$$execute(ExecuteThreadRunner.scala:192)
	at org.apache.spark.sql.connect.execution.ExecuteThreadRunner$ExecutionThread.$anonfun$run$3(ExecuteThreadRunner.scala:601)
	at scala.runtime.java8.JFunction0$mcV$sp.apply(JFunction0$mcV$sp.scala:18)
	at com.databricks.spark.util.DBRTracing$.withSpanFromParent(DBRTracing.scala:70)
	at org.apache.spark.sql.connect.execution.ExecuteThreadRunner$ExecutionThread.$anonfun$run$2(ExecuteThreadRunner.scala:601)
	at scala.runtime.java8.JFunction0$mcV$sp.apply(JFunction0$mcV$sp.scala:18)
	at com.databricks.unity.UCSEphemeralState$Handle.runWith(UCSEphemeralState.scala:51)
	at com.databricks.unity.HandleImpl.runWith(UCSHandle.scala:128)
	at com.databricks.unity.HandleImpl.$anonfun$runWithAndClose$1(UCSHandle.scala:133)
	at scala.util.Using$.resource(Using.scala:296)
	at com.databricks.unity.HandleImpl.runWithAndClose(UCSHandle.scala:132)
	at org.apache.spark.sql.connect.execution.ExecuteThreadRunner$ExecutionThread.run(ExecuteThreadRunner.scala:600)
Caused by: com.databricks.sql.transaction.tahoe.DeltaAnalysisException: [DELTA_MERGE_INCOMPATIBLE_DATATYPE] Failed to merge incompatible data types TimestampType and TimestampNTZType.
	at com.databricks.sql.transaction.tahoe.schema.SchemaMergingUtils$.merge$1(SchemaMergingUtils.scala:332)
	at com.databricks.sql.transaction.tahoe.schema.SchemaMergingUtils$.$anonfun$mergeDataTypes$1(SchemaMergingUtils.scala:227)
	at scala.collection.ArrayOps$.map$extension(ArrayOps.scala:936)
	at com.databricks.sql.transaction.tahoe.schema.SchemaMergingUtils$.merge$1(SchemaMergingUtils.scala:218)
	at com.databricks.sql.transaction.tahoe.schema.SchemaMergingUtils$.mergeDataTypes(SchemaMergingUtils.scala:336)
	at com.databricks.sql.transaction.tahoe.schema.SchemaMergingUtils$.mergeSchemas(SchemaMergingUtils.scala:180)
	at com.databricks.sql.transaction.tahoe.schema.ImplicitMetadataOperation$.mergeSchema(ImplicitMetadataOperation.scala:367)
	at com.databricks.sql.transaction.tahoe.schema.ImplicitMetadataOperation.updateMetadata(ImplicitMetadataOperation.scala:113)
	at com.databricks.sql.transaction.tahoe.schema.ImplicitMetadataOperation.updateMetadata$(ImplicitMetadataOperation.scala:92)
	at com.databricks.sql.transaction.tahoe.commands.WriteIntoDeltaEdge.updateMetadata(WriteIntoDeltaEdge.scala:137)
	at com.databricks.sql.transaction.tahoe.commands.WriteIntoDeltaEdge.writeAndReturnCommitDataAndMaterializationPlans(WriteIntoDeltaEdge.scala:548)
	at com.databricks.sql.transaction.tahoe.commands.WriteIntoDeltaEdge.writeAndReturnCommitData(WriteIntoDeltaEdge.scala:369)
	at com.databricks.sql.transaction.tahoe.commands.CreateDeltaTableCommand.doDeltaWrite$1(CreateDeltaTableCommand.scala:784)
	at com.databricks.sql.transaction.tahoe.commands.CreateDeltaTableCommand.handleCreateTableAsSelect(CreateDeltaTableCommand.scala:932)
	at com.databricks.sql.transaction.tahoe.commands.CreateDeltaTableCommand.$anonfun$handleCommit$1(CreateDeltaTableCommand.scala:463)
	at com.databricks.sql.transaction.tahoe.OptimisticTransaction$.withActive(OptimisticTransaction.scala:324)
	at com.databricks.sql.transaction.tahoe.commands.CreateDeltaTableCommand.handleCommit(CreateDeltaTableCommand.scala:443)
	at com.databricks.sql.transaction.tahoe.commands.CreateDeltaTableCommand.$anonfun$run$9(CreateDeltaTableCommand.scala:346)
	at com.databricks.sql.transaction.tahoe.metering.DeltaLogging.withOperationTypeTag(DeltaLogging.scala:854)
	at com.databricks.sql.transaction.tahoe.metering.DeltaLogging.withOperationTypeTag$(DeltaLogging.scala:841)
	at com.databricks.sql.transaction.tahoe.commands.CreateDeltaTableCommand.withOperationTypeTag(CreateDeltaTableCommand.scala:109)
	at com.databricks.sql.transaction.tahoe.metering.DeltaLogging.$anonfun$recordDeltaOperationInternal$2(DeltaLogging.scala:527)
	at com.databricks.spark.util.FrameProfiler$.$anonfun$record$1(FrameProfiler.scala:114)
	at com.databricks.spark.util.FrameProfilerExporter$.maybeExportFrameProfiler(FrameProfilerExporter.scala:201)
	at com.databricks.spark.util.FrameProfiler$.record(FrameProfiler.scala:105)
	at com.databricks.sql.transaction.tahoe.metering.DeltaLogging.recordFrameProfileWithCallSite(DeltaLogging.scala:969)
	at com.databricks.sql.transaction.tahoe.metering.DeltaLogging.recordFrameProfileWithCallSite$(DeltaLogging.scala:966)
	at com.databricks.sql.transaction.tahoe.commands.CreateDeltaTableCommand.recordFrameProfileWithCallSite(CreateDeltaTableCommand.scala:109)
	at com.databricks.sql.transaction.tahoe.metering.DeltaLogging.$anonfun$recordDeltaOperationInternal$1(DeltaLogging.scala:526)
	at com.databricks.logging.UsageLogging.$anonfun$recordOperation$1(UsageLogging.scala:531)
	at com.databricks.logging.UsageLogging.executeThunkAndCaptureResultTags$1(UsageLogging.scala:669)
	at com.databricks.logging.UsageLogging.$anonfun$recordOperationWithResultTags$6(UsageLogging.scala:696)
	at com.databricks.logging.AttributionContextTracing.$anonfun$withAttributionContext$1(AttributionContextTracing.scala:146)
	at com.databricks.logging.AttributionContext$.$anonfun$withValue$1(AttributionContext.scala:349)
	at scala.util.DynamicVariable.withValue(DynamicVariable.scala:59)
	at com.databricks.logging.AttributionContext$.withValue(AttributionContext.scala:345)
	at com.databricks.logging.AttributionContextTracing.withAttributionContext(AttributionContextTracing.scala:144)
	at com.databricks.logging.AttributionContextTracing.withAttributionContext$(AttributionContextTracing.scala:141)
	at com.databricks.spark.util.PublicDBLogging.withAttributionContext(DatabricksSparkUsageLogger.scala:29)
	at com.databricks.logging.AttributionContextTracing.withAttributionTags(AttributionContextTracing.scala:201)
	at com.databricks.logging.AttributionContextTracing.withAttributionTags$(AttributionContextTracing.scala:182)
	at com.databricks.spark.util.PublicDBLogging.withAttributionTags(DatabricksSparkUsageLogger.scala:29)
	at com.databricks.logging.UsageLogging.$anonfun$recordOperationWithResultTags$5(UsageLogging.scala:664)
	at com.databricks.logging.UsageLogging.withOtelSpanInContext$1(UsageLogging.scala:656)
	at com.databricks.logging.UsageLogging.recordOperationWithResultTags(UsageLogging.scala:659)
	at com.databricks.logging.UsageLogging.recordOperationWithResultTags$(UsageLogging.scala:540)
	at com.databricks.spark.util.PublicDBLogging.recordOperationWithResultTags(DatabricksSparkUsageLogger.scala:29)
	at com.databricks.logging.UsageLogging.recordOperation(UsageLogging.scala:532)
	at com.databricks.logging.UsageLogging.recordOperation$(UsageLogging.scala:496)
	at com.databricks.spark.util.PublicDBLogging.recordOperation(DatabricksSparkUsageLogger.scala:29)
	at com.databricks.spark.util.PublicDBLogging.recordOperation0(DatabricksSparkUsageLogger.scala:104)
	at com.databricks.spark.util.DatabricksSparkUsageLogger.recordOperation(DatabricksSparkUsageLogger.scala:193)
	at com.databricks.spark.util.UsageLogger.recordOperation(UsageLogger.scala:78)
	at com.databricks.spark.util.UsageLogger.recordOperation$(UsageLogger.scala:65)
	at com.databricks.spark.util.DatabricksSparkUsageLogger.recordOperation(DatabricksSparkUsageLogger.scala:152)
	at com.databricks.spark.util.UsageLogging.recordOperation(UsageLogger.scala:537)
	at com.databricks.spark.util.UsageLogging.recordOperation$(UsageLogger.scala:516)
	at com.databricks.sql.transaction.tahoe.commands.CreateDeltaTableCommand.recordOperation(CreateDeltaTableCommand.scala:109)
	at com.databricks.sql.transaction.tahoe.metering.DeltaLogging.recordDeltaOperationInternal(DeltaLogging.scala:525)
	at com.databricks.sql.transaction.tahoe.metering.DeltaLogging.recordDeltaOperation(DeltaLogging.scala:515)
	at com.databricks.sql.transaction.tahoe.metering.DeltaLogging.recordDeltaOperation$(DeltaLogging.scala:504)
	at com.databricks.sql.transaction.tahoe.commands.CreateDeltaTableCommand.recordDeltaOperation(CreateDeltaTableCommand.scala:109)
	at com.databricks.sql.transaction.tahoe.commands.CreateDeltaTableCommand.run(CreateDeltaTableCommand.scala:300)
	at com.databricks.sql.transaction.tahoe.catalog.AbstractDeltaCatalog.$anonfun$createDeltaTable$1(AbstractDeltaCatalog.scala:1065)
	at com.databricks.spark.util.FrameProfiler$.$anonfun$record$1(FrameProfiler.scala:114)
	at com.databricks.spark.util.FrameProfilerExporter$.maybeExportFrameProfiler(FrameProfilerExporter.scala:201)
	at com.databricks.spark.util.FrameProfiler$.record(FrameProfiler.scala:105)
	at com.databricks.sql.transaction.tahoe.metering.DeltaLogging.recordFrameProfileWithCallSite(DeltaLogging.scala:969)
	at com.databricks.sql.transaction.tahoe.metering.DeltaLogging.recordFrameProfileWithCallSite$(DeltaLogging.scala:966)
	at com.databricks.sql.transaction.tahoe.catalog.AbstractDeltaCatalog.recordFrameProfileWithCallSite(AbstractDeltaCatalog.scala:203)
	at com.databricks.sql.transaction.tahoe.catalog.AbstractDeltaCatalog.com$databricks$sql$transaction$tahoe$catalog$AbstractDeltaCatalog$$createDeltaTable(AbstractDeltaCatalog.scala:434)
	at com.databricks.sql.transaction.tahoe.catalog.AbstractDeltaCatalog$StagedDeltaTableV2.$anonfun$commitStagedChanges$1(AbstractDeltaCatalog.scala:2543)
	at com.databricks.spark.util.FrameProfiler$.$anonfun$record$1(FrameProfiler.scala:114)
	at com.databricks.spark.util.FrameProfilerExporter$.maybeExportFrameProfiler(FrameProfilerExporter.scala:201)
	at com.databricks.spark.util.FrameProfiler$.record(FrameProfiler.scala:105)
	at com.databricks.sql.transaction.tahoe.metering.DeltaLogging.recordFrameProfileWithCallSite(DeltaLogging.scala:969)
	at com.databricks.sql.transaction.tahoe.metering.DeltaLogging.recordFrameProfileWithCallSite$(DeltaLogging.scala:966)
	at com.databricks.sql.transaction.tahoe.catalog.AbstractDeltaCatalog.recordFrameProfileWithCallSite(AbstractDeltaCatalog.scala:203)
	at com.databricks.sql.transaction.tahoe.catalog.AbstractDeltaCatalog$StagedDeltaTableV2.commitStagedChanges(AbstractDeltaCatalog.scala:2517)
	at org.apache.spark.sql.execution.datasources.v2.DataSourceV2Utils$.commitStagedChanges(DataSourceV2Utils.scala:325)
	at org.apache.spark.sql.execution.datasources.v2.V2CreateTableAsSelectBaseExec.$anonfun$writeToTable$6(WriteToDataSourceV2Exec.scala:1046)
	at scala.runtime.java8.JFunction0$mcV$sp.apply(JFunction0$mcV$sp.scala:18)
	at org.apache.spark.sql.execution.datasources.v2.WriteToDataSourceV2Exec$.handleConcurrentCreateExceptions(WriteToDataSourceV2Exec.scala:79)
	at org.apache.spark.sql.execution.datasources.v2.V2CreateTableAsSelectBaseExec.$anonfun$writeToTable$2(WriteToDataSourceV2Exec.scala:1046)
	at org.apache.spark.util.Utils$.tryWithSafeFinallyAndFailureCallbacks(Utils.scala:1726)
	at org.apache.spark.sql.execution.datasources.v2.V2CreateTableAsSelectBaseExec.$anonfun$writeToTable$1(WriteToDataSourceV2Exec.scala:1026)
	at com.databricks.spark.util.FrameProfiler$.$anonfun$record$1(FrameProfiler.scala:114)
	at com.databricks.spark.util.FrameProfilerExporter$.maybeExportFrameProfiler(FrameProfilerExporter.scala:201)
	at com.databricks.spark.util.FrameProfiler$.record(FrameProfiler.scala:105)
	at org.apache.spark.sql.execution.datasources.v2.V2CreateTableAsSelectBaseExec.writeToTable(WriteToDataSourceV2Exec.scala:1050)
	at org.apache.spark.sql.execution.datasources.v2.V2CreateTableAsSelectBaseExec.writeToTable$(WriteToDataSourceV2Exec.scala:1012)
	at org.apache.spark.sql.execution.datasources.v2.AtomicReplaceTableAsSelectExec.writeToTable(WriteToDataSourceV2Exec.scala:287)
	at org.apache.spark.sql.execution.datasources.v2.AtomicReplaceTableAsSelectExec.run(WriteToDataSourceV2Exec.scala:372)
	at org.apache.spark.sql.execution.datasources.v2.V2CommandExec.$anonfun$result$2(V2CommandExec.scala:48)
	at org.apache.spark.sql.execution.SparkPlan.runCommandInAetherOrSpark(SparkPlan.scala:202)
	at org.apache.spark.sql.execution.datasources.v2.V2CommandExec.$anonfun$result$1(V2CommandExec.scala:48)
	at com.databricks.spark.util.FrameProfiler$.$anonfun$record$1(FrameProfiler.scala:114)
	at com.databricks.spark.util.FrameProfilerExporter$.maybeExportFrameProfiler(FrameProfilerExporter.scala:201)
	at com.databricks.spark.util.FrameProfiler$.record(FrameProfiler.scala:105)
	at org.apache.spark.sql.execution.datasources.v2.V2CommandExec.result$lzycompute(V2CommandExec.scala:47)
	at org.apache.spark.sql.execution.datasources.v2.V2CommandExec.result(V2CommandExec.scala:45)
	at org.apache.spark.sql.execution.datasources.v2.V2CommandExec.executeCollect(V2CommandExec.scala:56)
	at org.apache.spark.sql.execution.QueryExecution$.$anonfun$runCommand$12(QueryExecution.scala:1968)
	at com.databricks.util.LexicalThreadLocal$Handle.runWith(LexicalThreadLocal.scala:63)
	at org.apache.spark.sql.execution.QueryExecution$.$anonfun$runCommand$11(QueryExecution.scala:1962)
	at com.databricks.util.LexicalThreadLocal$Handle.runWith(LexicalThreadLocal.scala:63)
	at org.apache.spark.sql.execution.QueryExecution$.executeWithCaches$1(QueryExecution.scala:1962)
	at org.apache.spark.sql.execution.QueryExecution$.$anonfun$runCommand$10(QueryExecution.scala:1968)
	at org.apache.spark.sql.catalyst.QueryPlanningTracker$.withTracker(QueryPlanningTracker.scala:275)
	at org.apache.spark.sql.execution.QueryExecution$.$anonfun$runCommand$9(QueryExecution.scala:1955)
	at org.apache.spark.sql.execution.SQLExecution$.$anonfun$withNewExecutionId0$24(SQLExecution.scala:1112)
	at com.databricks.sql.util.MemoryTrackerHelper.withMemoryTracking(MemoryTrackerHelper.scala:111)
	at org.apache.spark.sql.execution.SQLExecution$.$anonfun$withNewExecutionId0$21(SQLExecution.scala:1032)
	at com.databricks.unity.UCSManager$.withTemporaryScope(UCSManager.scala:168)
	at org.apache.spark.sql.execution.SQLExecution$.$anonfun$withNewExecutionId0$20(SQLExecution.scala:928)
	at org.apache.spark.sql.execution.SQLExecution$.withSessionTagsApplied(SQLExecution.scala:1572)
	at org.apache.spark.sql.execution.SQLExecution$.$anonfun$withNewExecutionId0$19(SQLExecution.scala:917)
	at org.apache.spark.JobArtifactSet$.withActiveJobArtifactState(JobArtifactSet.scala:97)
	at org.apache.spark.sql.artifact.ArtifactManager.$anonfun$withResources$1(ArtifactManager.scala:124)
	at org.apache.spark.sql.artifact.ArtifactManager.withClassLoaderIfNeeded(ArtifactManager.scala:118)
	at org.apache.spark.sql.artifact.ArtifactManager.withResources(ArtifactManager.scala:123)
	at org.apache.spark.sql.execution.SQLExecution$.$anonfun$withNewExecutionId0$18(SQLExecution.scala:917)
	at org.apache.spark.sql.execution.SQLExecution$.withSQLConfPropagated(SQLExecution.scala:1607)
	at org.apache.spark.sql.execution.SQLExecution$.$anonfun$withNewExecutionId0$1(SQLExecution.scala:916)
	at org.apache.spark.sql.SparkSession.withActive(SparkSession.scala:866)
	at org.apache.spark.sql.execution.SQLExecution$.withNewExecutionId0(SQLExecution.scala:657)
	at org.apache.spark.sql.execution.SQLExecution$.withNewExecutionId(SQLExecution.scala:1525)
	at org.apache.spark.sql.execution.QueryExecution$.$anonfun$runCommand$8(QueryExecution.scala:1955)
	at org.apache.spark.sql.execution.QueryExecution$.withInternalError(QueryExecution.scala:1822)
	at org.apache.spark.sql.execution.QueryExecution$.$anonfun$runCommand$7(QueryExecution.scala:1951)
	at org.apache.spark.sql.execution.QueryExecution.withMVTagsIfNecessary(QueryExecution.scala:710)
	at org.apache.spark.sql.execution.QueryExecution$.$anonfun$runCommand$4(QueryExecution.scala:1936)
	at scala.Option.map(Option.scala:242)
	at org.apache.spark.sql.execution.QueryExecution$.executeWithMVTags$1(QueryExecution.scala:1936)
	at org.apache.spark.sql.execution.QueryExecution$.runCommand(QueryExecution.scala:1949)
	at org.apache.spark.sql.execution.QueryExecution.org$apache$spark$sql$execution$QueryExecution$$eagerlyExecute$1(QueryExecution.scala:747)
	at org.apache.spark.sql.execution.QueryExecution$$anonfun$$nestedInanonfun$eagerlyExecuteCommands$1$1.applyOrElse(QueryExecution.scala:764)
	at org.apache.spark.sql.execution.QueryExecution$$anonfun$$nestedInanonfun$eagerlyExecuteCommands$1$1.applyOrElse(QueryExecution.scala:756)
	at org.apache.spark.sql.catalyst.trees.TreeNode.$anonfun$transformDownWithPruning$1(TreeNode.scala:610)
	at org.apache.spark.sql.catalyst.trees.CurrentOrigin$.withOrigin(origin.scala:142)
	at org.apache.spark.sql.catalyst.trees.TreeNode.transformDownWithPruning(TreeNode.scala:610)
	at org.apache.spark.sql.catalyst.plans.logical.LogicalPlan.org$apache$spark$sql$catalyst$plans$logical$AnalysisHelper$$super$transformDownWithPruning(LogicalPlan.scala:48)
	at org.apache.spark.sql.catalyst.plans.logical.AnalysisHelper.transformDownWithPruning(AnalysisHelper.scala:361)
	at org.apache.spark.sql.catalyst.plans.logical.AnalysisHelper.transformDownWithPruning$(AnalysisHelper.scala:357)
	at org.apache.spark.sql.catalyst.plans.logical.LogicalPlan.transformDownWithPruning(LogicalPlan.scala:48)
	at org.apache.spark.sql.catalyst.plans.logical.LogicalPlan.transformDownWithPruning(LogicalPlan.scala:48)
	at org.apache.spark.sql.catalyst.trees.TreeNode.transformDown(TreeNode.scala:586)
	at org.apache.spark.sql.execution.QueryExecution.$anonfun$eagerlyExecuteCommands$1(QueryExecution.scala:756)
	at org.apache.spark.sql.catalyst.plans.logical.AnalysisHelper$.allowInvokingTransformsInAnalyzer(AnalysisHelper.scala:418)
	at org.apache.spark.sql.execution.QueryExecution.eagerlyExecuteCommands(QueryExecution.scala:756)
	at org.apache.spark.sql.execution.QueryExecution.$anonfun$lazyCommandExecuted$1(QueryExecution.scala:666)
	at scala.util.Try$.apply(Try.scala:217)
	at org.apache.spark.util.Utils$.doTryWithCallerStacktrace(Utils.scala:1796)
	at org.apache.spark.util.LazyTry.tryT$lzycompute(LazyTry.scala:60)
	at org.apache.spark.util.LazyTry.tryT(LazyTry.scala:59)
	at org.apache.spark.util.LazyTry.get(LazyTry.scala:78)
	at org.apache.spark.sql.execution.QueryExecution.commandExecuted(QueryExecution.scala:671)
	at org.apache.spark.sql.execution.QueryExecution.assertCommandExecuted(QueryExecution.scala:804)
	at org.apache.spark.sql.classic.DataFrameWriter.runCommand(DataFrameWriter.scala:887)
	at org.apache.spark.sql.classic.DataFrameWriter.saveAsTable(DataFrameWriter.scala:732)
	at org.apache.spark.sql.classic.DataFrameWriter.saveAsTable(DataFrameWriter.scala:630)
	at org.apache.spark.sql.connect.planner.SparkConnectPlanner.handleWriteOperation(SparkConnectPlanner.scala:4607)
	at org.apache.spark.sql.connect.planner.SparkConnectPlanner.process(SparkConnectPlanner.scala:3782)
	at org.apache.spark.sql.connect.execution.ExecuteThreadRunner.handleCommand(ExecuteThreadRunner.scala:530)
	at org.apache.spark.sql.connect.execution.ExecuteThreadRunner.$anonfun$executeInternal$1(ExecuteThreadRunner.scala:420)
	at org.apache.spark.sql.connect.execution.ExecuteThreadRunner.$anonfun$executeInternal$1$adapted(ExecuteThreadRunner.scala:340)
	at org.apache.spark.sql.connect.service.SessionHolder.$anonfun$withSession$2(SessionHolder.scala:844)
	at org.apache.spark.sql.SparkSession.withActive(SparkSession.scala:866)
	at org.apache.spark.sql.connect.service.SessionHolder.$anonfun$withSession$1(SessionHolder.scala:844)
	at org.apache.spark.JobArtifactSet$.withActiveJobArtifactState(JobArtifactSet.scala:97)
	at org.apache.spark.sql.artifact.ArtifactManager.$anonfun$withResources$1(ArtifactManager.scala:124)
	at org.apache.spark.sql.artifact.ArtifactManager.withClassLoaderIfNeeded(ArtifactManager.scala:118)
	at org.apache.spark.sql.artifact.ArtifactManager.withResources(ArtifactManager.scala:123)
	at org.apache.spark.sql.connect.service.SessionHolder.withSession(SessionHolder.scala:843)
	at org.apache.spark.sql.connect.execution.ExecuteThreadRunner.executeInternal(ExecuteThreadRunner.scala:340)
	at org.apache.spark.sql.connect.execution.ExecuteThreadRunner.$anonfun$execute$1(ExecuteThreadRunner.scala:200)
	at scala.runtime.java8.JFunction0$mcV$sp.apply(JFunction0$mcV$sp.scala:18)
	at com.databricks.spark.connect.service.UtilizationMetrics.recordActiveQueries(UtilizationMetrics.scala:92)
	at com.databricks.spark.connect.service.UtilizationMetrics.recordActiveQueries$(UtilizationMetrics.scala:89)
	at org.apache.spark.sql.connect.execution.ExecuteThreadRunner.recordActiveQueries(ExecuteThreadRunner.scala:61)
	at org.apache.spark.sql.connect.execution.ExecuteThreadRunner.org$apache$spark$sql$connect$execution$ExecuteThreadRunner$$execute(ExecuteThreadRunner.scala:192)
	at org.apache.spark.sql.connect.execution.ExecuteThreadRunner$ExecutionThread.$anonfun$run$3(ExecuteThreadRunner.scala:601)
	at scala.runtime.java8.JFunction0$mcV$sp.apply(JFunction0$mcV$sp.scala:18)
	at com.databricks.spark.util.DBRTracing$.withSpanFromParent(DBRTracing.scala:70)
	at org.apache.spark.sql.connect.execution.ExecuteThreadRunner$ExecutionThread.$anonfun$run$2(ExecuteThreadRunner.scala:601)
	at scala.runtime.java8.JFunction0$mcV$sp.apply(JFunction0$mcV$sp.scala:18)
	at com.databricks.unity.UCSEphemeralState$Handle.runWith(UCSEphemeralState.scala:51)
	at com.databricks.unity.HandleImpl.runWith(UCSHandle.scala:128)
	at com.databricks.unity.HandleImpl.$anonfun$runWithAndClose$1(UCSHandle.scala:133)
	at scala.util.Using$.resource(Using.scala:296)
	at com.databricks.unity.HandleImpl.runWithAndClose(UCSHandle.scala:132)
	at org.apache.spark.sql.connect.execution.ExecuteThreadRunner$ExecutionThread.run(ExecuteThreadRunner.scala:600)
2026-07-17 21:00:30,624 | INFO | periode = 202501, type = <class 'int'>
2026-07-17 21:00:30,625 | INFO | periode = 202501
2026-07-17 21:00:30,626 | INFO | table_name = silver_nyc_taxi
2026-07-17 21:00:30,627 | INFO | taxi_type = yellow
2026-07-17 21:00:34,447 | INFO | ******************************************************* Starting UberBronze *******************************************************
2026-07-17 21:00:34,448 | INFO | Extracting yellow_tripdata_2025-01.parquet from /Volumes/nyc_taxi/bronze/raw_files/yellow/2025/yellow_tripdata_2025-01.parquet
2026-07-17 21:00:42,436 | INFO | ======================================================= Bronze rows : 3475226 ======================================================= 
2026-07-17 21:00:42,437 | INFO | run completed in 7.99s
2026-07-17 21:00:42,438 | INFO | ******************************************************* Finished UberBronze *******************************************************
2026-07-17 21:00:42,439 | INFO | ========================================================================================================================
2026-07-17 21:00:42,440 | INFO | ******************************************************* Starting UberSilver *******************************************************
2026-07-17 21:00:42,955 | INFO | add_trip_duration completed in 0.05s
2026-07-17 21:00:42,957 | INFO | add_date_key completed in 0.0s
2026-07-17 21:00:42,958 | INFO | add_tip_percent completed in 0.0s
2026-07-17 21:00:42,959 | INFO | add_average_speed completed in 0.0s
2026-07-17 21:00:42,960 | INFO | add_date_features completed in 0.0s
2026-07-17 21:00:42,961 | INFO | cast_column_to_timestamp completed in 0.0s
2026-07-17 21:00:42,962 | INFO | apply_quality_rules completed in 0.0s
2026-07-17 21:00:44,818 | INFO | Silver rows : 3475226 -> 3323486
2026-07-17 21:00:46,309 | INFO | run completed in 3.87s
2026-07-17 21:00:46,310 | INFO | ******************************************************* Finished UberSilver *******************************************************
2026-07-17 21:00:46,311 | INFO | ========================================================================================================================
2026-07-17 21:00:46,311 | INFO | ******************************************************* Starting UberGold *******************************************************
2026-07-17 21:00:46,312 | INFO | get_fact_trips completed in 0.0s
2026-07-17 21:00:46,314 | INFO | get_dim_date completed in 0.0s
2026-07-17 21:00:46,315 | INFO | get_kpi_daily completed in 0.0s
2026-07-17 21:00:55,093 | INFO | ============ Chargement des données dans Delta ============ 
2026-07-17 21:00:55,094 | INFO | ============ DEBUT DEBUG ============ 
2026-07-17 21:00:55,765 | INFO | ============ FIN DEBUG ============ 
2026-07-17 21:00:57,170 | INFO | ============ Suppression d'une période ============ 
2026-07-17 21:00:57,172 | INFO | ========================================================================================================================
2026-07-17 21:00:57,174 | INFO | Period 202501 deleted from silver_nyc_taxi
2026-07-17 21:00:58,937 | ERROR | [DELTA_FAILED_TO_MERGE_FIELDS] Failed to merge fields 'trip_distance' and 'trip_distance'.

JVM stacktrace:
com.databricks.sql.transaction.tahoe.DeltaAnalysisException
	at com.databricks.sql.transaction.tahoe.schema.SchemaMergingUtils$.$anonfun$mergeDataTypes$1(SchemaMergingUtils.scala:232)
	at scala.collection.ArrayOps$.map$extension(ArrayOps.scala:936)
	at com.databricks.sql.transaction.tahoe.schema.SchemaMergingUtils$.merge$1(SchemaMergingUtils.scala:218)
	at com.databricks.sql.transaction.tahoe.schema.SchemaMergingUtils$.mergeDataTypes(SchemaMergingUtils.scala:336)
	at com.databricks.sql.transaction.tahoe.schema.SchemaMergingUtils$.mergeSchemas(SchemaMergingUtils.scala:180)
	at com.databricks.sql.transaction.tahoe.schema.ImplicitMetadataOperation$.mergeSchema(ImplicitMetadataOperation.scala:367)
	at com.databricks.sql.transaction.tahoe.schema.ImplicitMetadataOperation.updateMetadata(ImplicitMetadataOperation.scala:113)
	at com.databricks.sql.transaction.tahoe.schema.ImplicitMetadataOperation.updateMetadata$(ImplicitMetadataOperation.scala:92)
	at com.databricks.sql.transaction.tahoe.commands.WriteIntoDeltaEdge.updateMetadata(WriteIntoDeltaEdge.scala:137)
	at com.databricks.sql.transaction.tahoe.commands.WriteIntoDeltaEdge.writeAndReturnCommitDataAndMaterializationPlans(WriteIntoDeltaEdge.scala:548)
	at com.databricks.sql.transaction.tahoe.commands.WriteIntoDeltaEdge.writeAndReturnCommitData(WriteIntoDeltaEdge.scala:369)
	at com.databricks.sql.transaction.tahoe.commands.CreateDeltaTableCommand.doDeltaWrite$1(CreateDeltaTableCommand.scala:751)
	at com.databricks.sql.transaction.tahoe.commands.CreateDeltaTableCommand.handleCreateTableAsSelect(CreateDeltaTableCommand.scala:899)
	at com.databricks.sql.transaction.tahoe.commands.CreateDeltaTableCommand.$anonfun$handleCommit$1(CreateDeltaTableCommand.scala:461)
	at com.databricks.sql.transaction.tahoe.OptimisticTransaction$.withActive(OptimisticTransaction.scala:300)
	at com.databricks.sql.transaction.tahoe.commands.CreateDeltaTableCommand.handleCommit(CreateDeltaTableCommand.scala:441)
	at com.databricks.sql.transaction.tahoe.commands.CreateDeltaTableCommand.$anonfun$run$9(CreateDeltaTableCommand.scala:344)
	at com.databricks.sql.transaction.tahoe.metering.DeltaLogging.withOperationTypeTag(DeltaLogging.scala:854)
	at com.databricks.sql.transaction.tahoe.metering.DeltaLogging.withOperationTypeTag$(DeltaLogging.scala:841)
	at com.databricks.sql.transaction.tahoe.commands.CreateDeltaTableCommand.withOperationTypeTag(CreateDeltaTableCommand.scala:108)
	at com.databricks.sql.transaction.tahoe.metering.DeltaLogging.$anonfun$recordDeltaOperationInternal$2(DeltaLogging.scala:527)
	at com.databricks.spark.util.FrameProfiler$.$anonfun$record$1(FrameProfiler.scala:114)
	at com.databricks.spark.util.FrameProfilerExporter$.maybeExportFrameProfiler(FrameProfilerExporter.scala:201)
	at com.databricks.spark.util.FrameProfiler$.record(FrameProfiler.scala:105)
	at com.databricks.sql.transaction.tahoe.metering.DeltaLogging.recordFrameProfileWithCallSite(DeltaLogging.scala:969)
	at com.databricks.sql.transaction.tahoe.metering.DeltaLogging.recordFrameProfileWithCallSite$(DeltaLogging.scala:966)
	at com.databricks.sql.transaction.tahoe.commands.CreateDeltaTableCommand.recordFrameProfileWithCallSite(CreateDeltaTableCommand.scala:108)
	at com.databricks.sql.transaction.tahoe.metering.DeltaLogging.$anonfun$recordDeltaOperationInternal$1(DeltaLogging.scala:526)
	at com.databricks.logging.UsageLogging.$anonfun$recordOperation$1(UsageLogging.scala:531)
	at com.databricks.logging.UsageLogging.executeThunkAndCaptureResultTags$1(UsageLogging.scala:669)
	at com.databricks.logging.UsageLogging.$anonfun$recordOperationWithResultTags$6(UsageLogging.scala:696)
	at com.databricks.logging.AttributionContextTracing.$anonfun$withAttributionContext$1(AttributionContextTracing.scala:146)
	at com.databricks.logging.AttributionContext$.$anonfun$withValue$1(AttributionContext.scala:349)
	at scala.util.DynamicVariable.withValue(DynamicVariable.scala:59)
	at com.databricks.logging.AttributionContext$.withValue(AttributionContext.scala:345)
	at com.databricks.logging.AttributionContextTracing.withAttributionContext(AttributionContextTracing.scala:144)
	at com.databricks.logging.AttributionContextTracing.withAttributionContext$(AttributionContextTracing.scala:141)
	at com.databricks.spark.util.PublicDBLogging.withAttributionContext(DatabricksSparkUsageLogger.scala:29)
	at com.databricks.logging.AttributionContextTracing.withAttributionTags(AttributionContextTracing.scala:201)
	at com.databricks.logging.AttributionContextTracing.withAttributionTags$(AttributionContextTracing.scala:182)
	at com.databricks.spark.util.PublicDBLogging.withAttributionTags(DatabricksSparkUsageLogger.scala:29)
	at com.databricks.logging.UsageLogging.$anonfun$recordOperationWithResultTags$5(UsageLogging.scala:664)
	at com.databricks.logging.UsageLogging.withOtelSpanInContext$1(UsageLogging.scala:656)
	at com.databricks.logging.UsageLogging.recordOperationWithResultTags(UsageLogging.scala:659)
	at com.databricks.logging.UsageLogging.recordOperationWithResultTags$(UsageLogging.scala:540)
	at com.databricks.spark.util.PublicDBLogging.recordOperationWithResultTags(DatabricksSparkUsageLogger.scala:29)
	at com.databricks.logging.UsageLogging.recordOperation(UsageLogging.scala:532)
	at com.databricks.logging.UsageLogging.recordOperation$(UsageLogging.scala:496)
	at com.databricks.spark.util.PublicDBLogging.recordOperation(DatabricksSparkUsageLogger.scala:29)
	at com.databricks.spark.util.PublicDBLogging.recordOperation0(DatabricksSparkUsageLogger.scala:104)
	at com.databricks.spark.util.DatabricksSparkUsageLogger.recordOperation(DatabricksSparkUsageLogger.scala:193)
	at com.databricks.spark.util.UsageLogger.recordOperation(UsageLogger.scala:78)
	at com.databricks.spark.util.UsageLogger.recordOperation$(UsageLogger.scala:65)
	at com.databricks.spark.util.DatabricksSparkUsageLogger.recordOperation(DatabricksSparkUsageLogger.scala:152)
	at com.databricks.spark.util.UsageLogging.recordOperation(UsageLogger.scala:537)
	at com.databricks.spark.util.UsageLogging.recordOperation$(UsageLogger.scala:516)
	at com.databricks.sql.transaction.tahoe.commands.CreateDeltaTableCommand.recordOperation(CreateDeltaTableCommand.scala:108)
	at com.databricks.sql.transaction.tahoe.metering.DeltaLogging.recordDeltaOperationInternal(DeltaLogging.scala:525)
	at com.databricks.sql.transaction.tahoe.metering.DeltaLogging.recordDeltaOperation(DeltaLogging.scala:515)
	at com.databricks.sql.transaction.tahoe.metering.DeltaLogging.recordDeltaOperation$(DeltaLogging.scala:504)
	at com.databricks.sql.transaction.tahoe.commands.CreateDeltaTableCommand.recordDeltaOperation(CreateDeltaTableCommand.scala:108)
	at com.databricks.sql.transaction.tahoe.commands.CreateDeltaTableCommand.run(CreateDeltaTableCommand.scala:298)
	at com.databricks.sql.transaction.tahoe.catalog.AbstractDeltaCatalog.$anonfun$createDeltaTable$1(AbstractDeltaCatalog.scala:1033)
	at com.databricks.spark.util.FrameProfiler$.$anonfun$record$1(FrameProfiler.scala:114)
	at com.databricks.spark.util.FrameProfilerExporter$.maybeExportFrameProfiler(FrameProfilerExporter.scala:201)
	at com.databricks.spark.util.FrameProfiler$.record(FrameProfiler.scala:105)
	at com.databricks.sql.transaction.tahoe.metering.DeltaLogging.recordFrameProfileWithCallSite(DeltaLogging.scala:969)
	at com.databricks.sql.transaction.tahoe.metering.DeltaLogging.recordFrameProfileWithCallSite$(DeltaLogging.scala:966)
	at com.databricks.sql.transaction.tahoe.catalog.AbstractDeltaCatalog.recordFrameProfileWithCallSite(AbstractDeltaCatalog.scala:202)
	at com.databricks.sql.transaction.tahoe.catalog.AbstractDeltaCatalog.com$databricks$sql$transaction$tahoe$catalog$AbstractDeltaCatalog$$createDeltaTable(AbstractDeltaCatalog.scala:433)
	at com.databricks.sql.transaction.tahoe.catalog.AbstractDeltaCatalog$StagedDeltaTableV2.$anonfun$commitStagedChanges$1(AbstractDeltaCatalog.scala:2511)
	at com.databricks.spark.util.FrameProfiler$.$anonfun$record$1(FrameProfiler.scala:114)
	at com.databricks.spark.util.FrameProfilerExporter$.maybeExportFrameProfiler(FrameProfilerExporter.scala:201)
	at com.databricks.spark.util.FrameProfiler$.record(FrameProfiler.scala:105)
	at com.databricks.sql.transaction.tahoe.metering.DeltaLogging.recordFrameProfileWithCallSite(DeltaLogging.scala:969)
	at com.databricks.sql.transaction.tahoe.metering.DeltaLogging.recordFrameProfileWithCallSite$(DeltaLogging.scala:966)
	at com.databricks.sql.transaction.tahoe.catalog.AbstractDeltaCatalog.recordFrameProfileWithCallSite(AbstractDeltaCatalog.scala:202)
	at com.databricks.sql.transaction.tahoe.catalog.AbstractDeltaCatalog$StagedDeltaTableV2.commitStagedChanges(AbstractDeltaCatalog.scala:2485)
	at org.apache.spark.sql.execution.datasources.v2.DataSourceV2Utils$.commitStagedChanges(DataSourceV2Utils.scala:325)
	at org.apache.spark.sql.execution.datasources.v2.V2CreateTableAsSelectBaseExec.$anonfun$writeToTable$6(WriteToDataSourceV2Exec.scala:1046)
	at scala.runtime.java8.JFunction0$mcV$sp.apply(JFunction0$mcV$sp.scala:18)
	at org.apache.spark.sql.execution.datasources.v2.WriteToDataSourceV2Exec$.handleConcurrentCreateExceptions(WriteToDataSourceV2Exec.scala:79)
	at org.apache.spark.sql.execution.datasources.v2.V2CreateTableAsSelectBaseExec.$anonfun$writeToTable$2(WriteToDataSourceV2Exec.scala:1046)
	at org.apache.spark.util.Utils$.tryWithSafeFinallyAndFailureCallbacks(Utils.scala:1726)
	at org.apache.spark.sql.execution.datasources.v2.V2CreateTableAsSelectBaseExec.$anonfun$writeToTable$1(WriteToDataSourceV2Exec.scala:1026)
	at com.databricks.spark.util.FrameProfiler$.$anonfun$record$1(FrameProfiler.scala:114)
	at com.databricks.spark.util.FrameProfilerExporter$.maybeExportFrameProfiler(FrameProfilerExporter.scala:201)
	at com.databricks.spark.util.FrameProfiler$.record(FrameProfiler.scala:105)
	at org.apache.spark.sql.execution.datasources.v2.V2CreateTableAsSelectBaseExec.writeToTable(WriteToDataSourceV2Exec.scala:1050)
	at org.apache.spark.sql.execution.datasources.v2.V2CreateTableAsSelectBaseExec.writeToTable$(WriteToDataSourceV2Exec.scala:1012)
	at org.apache.spark.sql.execution.datasources.v2.AtomicReplaceTableAsSelectExec.writeToTable(WriteToDataSourceV2Exec.scala:287)
	at org.apache.spark.sql.execution.datasources.v2.AtomicReplaceTableAsSelectExec.run(WriteToDataSourceV2Exec.scala:372)
	at org.apache.spark.sql.execution.datasources.v2.V2CommandExec.$anonfun$result$2(V2CommandExec.scala:48)
	at org.apache.spark.sql.execution.SparkPlan.runCommandInAetherOrSpark(SparkPlan.scala:202)
	at org.apache.spark.sql.execution.datasources.v2.V2CommandExec.$anonfun$result$1(V2CommandExec.scala:48)
	at com.databricks.spark.util.FrameProfiler$.$anonfun$record$1(FrameProfiler.scala:114)
	at com.databricks.spark.util.FrameProfilerExporter$.maybeExportFrameProfiler(FrameProfilerExporter.scala:201)
	at com.databricks.spark.util.FrameProfiler$.record(FrameProfiler.scala:105)
	at org.apache.spark.sql.execution.datasources.v2.V2CommandExec.result$lzycompute(V2CommandExec.scala:47)
	at org.apache.spark.sql.execution.datasources.v2.V2CommandExec.result(V2CommandExec.scala:45)
	at org.apache.spark.sql.execution.datasources.v2.V2CommandExec.executeCollect(V2CommandExec.scala:56)
	at org.apache.spark.sql.execution.QueryExecution$.$anonfun$runCommand$12(QueryExecution.scala:1968)
	at com.databricks.util.LexicalThreadLocal$Handle.runWith(LexicalThreadLocal.scala:63)
	at org.apache.spark.sql.execution.QueryExecution$.$anonfun$runCommand$11(QueryExecution.scala:1962)
	at com.databricks.util.LexicalThreadLocal$Handle.runWith(LexicalThreadLocal.scala:63)
	at org.apache.spark.sql.execution.QueryExecution$.executeWithCaches$1(QueryExecution.scala:1962)
	at org.apache.spark.sql.execution.QueryExecution$.$anonfun$runCommand$10(QueryExecution.scala:1968)
	at org.apache.spark.sql.catalyst.QueryPlanningTracker$.withTracker(QueryPlanningTracker.scala:274)
	at org.apache.spark.sql.execution.QueryExecution$.$anonfun$runCommand$9(QueryExecution.scala:1955)
	at org.apache.spark.sql.execution.SQLExecution$.$anonfun$withNewExecutionId0$24(SQLExecution.scala:1120)
	at com.databricks.sql.util.MemoryTrackerHelper.withMemoryTracking(MemoryTrackerHelper.scala:111)
	at org.apache.spark.sql.execution.SQLExecution$.$anonfun$withNewExecutionId0$21(SQLExecution.scala:1040)
	at com.databricks.unity.UCSManager$.withTemporaryScope(UCSManager.scala:168)
	at org.apache.spark.sql.execution.SQLExecution$.$anonfun$withNewExecutionId0$20(SQLExecution.scala:936)
	at org.apache.spark.sql.execution.SQLExecution$.withSessionTagsApplied(SQLExecution.scala:1580)
	at org.apache.spark.sql.execution.SQLExecution$.$anonfun$withNewExecutionId0$19(SQLExecution.scala:925)
	at org.apache.spark.JobArtifactSet$.withActiveJobArtifactState(JobArtifactSet.scala:97)
	at org.apache.spark.sql.artifact.ArtifactManager.$anonfun$withResources$1(ArtifactManager.scala:124)
	at org.apache.spark.sql.artifact.ArtifactManager.withClassLoaderIfNeeded(ArtifactManager.scala:118)
	at org.apache.spark.sql.artifact.ArtifactManager.withResources(ArtifactManager.scala:123)
	at org.apache.spark.sql.execution.SQLExecution$.$anonfun$withNewExecutionId0$18(SQLExecution.scala:925)
	at org.apache.spark.sql.execution.SQLExecution$.withSQLConfPropagated(SQLExecution.scala:1615)
	at org.apache.spark.sql.execution.SQLExecution$.$anonfun$withNewExecutionId0$1(SQLExecution.scala:924)
	at org.apache.spark.sql.SparkSession.withActive(SparkSession.scala:866)
	at org.apache.spark.sql.execution.SQLExecution$.withNewExecutionId0(SQLExecution.scala:657)
	at org.apache.spark.sql.execution.SQLExecution$.withNewExecutionId(SQLExecution.scala:1533)
	at org.apache.spark.sql.execution.QueryExecution$.$anonfun$runCommand$8(QueryExecution.scala:1955)
	at org.apache.spark.sql.execution.QueryExecution$.withInternalError(QueryExecution.scala:1822)
	at org.apache.spark.sql.execution.QueryExecution$.$anonfun$runCommand$7(QueryExecution.scala:1951)
	at org.apache.spark.sql.execution.QueryExecution.withMVTagsIfNecessary(QueryExecution.scala:710)
	at org.apache.spark.sql.execution.QueryExecution$.$anonfun$runCommand$4(QueryExecution.scala:1936)
	at scala.Option.map(Option.scala:242)
	at org.apache.spark.sql.execution.QueryExecution$.executeWithMVTags$1(QueryExecution.scala:1936)
	at org.apache.spark.sql.execution.QueryExecution$.runCommand(QueryExecution.scala:1949)
	at org.apache.spark.sql.execution.QueryExecution.org$apache$spark$sql$execution$QueryExecution$$eagerlyExecute$1(QueryExecution.scala:747)
	at org.apache.spark.sql.execution.QueryExecution$$anonfun$$nestedInanonfun$eagerlyExecuteCommands$1$1.applyOrElse(QueryExecution.scala:764)
	at org.apache.spark.sql.execution.QueryExecution$$anonfun$$nestedInanonfun$eagerlyExecuteCommands$1$1.applyOrElse(QueryExecution.scala:756)
	at org.apache.spark.sql.catalyst.trees.TreeNode.$anonfun$transformDownWithPruning$1(TreeNode.scala:610)
	at org.apache.spark.sql.catalyst.trees.CurrentOrigin$.withOrigin(origin.scala:142)
	at org.apache.spark.sql.catalyst.trees.TreeNode.transformDownWithPruning(TreeNode.scala:610)
	at org.apache.spark.sql.catalyst.plans.logical.LogicalPlan.org$apache$spark$sql$catalyst$plans$logical$AnalysisHelper$$super$transformDownWithPruning(LogicalPlan.scala:48)
	at org.apache.spark.sql.catalyst.plans.logical.AnalysisHelper.transformDownWithPruning(AnalysisHelper.scala:361)
	at org.apache.spark.sql.catalyst.plans.logical.AnalysisHelper.transformDownWithPruning$(AnalysisHelper.scala:357)
	at org.apache.spark.sql.catalyst.plans.logical.LogicalPlan.transformDownWithPruning(LogicalPlan.scala:48)
	at org.apache.spark.sql.catalyst.plans.logical.LogicalPlan.transformDownWithPruning(LogicalPlan.scala:48)
	at org.apache.spark.sql.catalyst.trees.TreeNode.transformDown(TreeNode.scala:586)
	at org.apache.spark.sql.execution.QueryExecution.$anonfun$eagerlyExecuteCommands$1(QueryExecution.scala:756)
	at org.apache.spark.sql.catalyst.plans.logical.AnalysisHelper$.allowInvokingTransformsInAnalyzer(AnalysisHelper.scala:418)
	at org.apache.spark.sql.execution.QueryExecution.eagerlyExecuteCommands(QueryExecution.scala:756)
	at org.apache.spark.sql.execution.QueryExecution.$anonfun$lazyCommandExecuted$1(QueryExecution.scala:666)
	at scala.util.Try$.apply(Try.scala:217)
	at org.apache.spark.util.Utils$.doTryWithCallerStacktrace(Utils.scala:1796)
	at org.apache.spark.util.Utils$.getTryWithCallerStacktrace(Utils.scala:1846)
	at org.apache.spark.util.LazyTry.get(LazyTry.scala:78)
	at org.apache.spark.sql.execution.QueryExecution.commandExecuted(QueryExecution.scala:671)
	at org.apache.spark.sql.execution.QueryExecution.assertCommandExecuted(QueryExecution.scala:804)
	at org.apache.spark.sql.classic.DataFrameWriter.runCommand(DataFrameWriter.scala:887)
	at org.apache.spark.sql.classic.DataFrameWriter.saveAsTable(DataFrameWriter.scala:732)
	at org.apache.spark.sql.classic.DataFrameWriter.saveAsTable(DataFrameWriter.scala:630)
	at org.apache.spark.sql.connect.planner.SparkConnectPlanner.handleWriteOperation(SparkConnectPlanner.scala:4603)
	at org.apache.spark.sql.connect.planner.SparkConnectPlanner.process(SparkConnectPlanner.scala:3782)
	at org.apache.spark.sql.connect.execution.ExecuteThreadRunner.handleCommand(ExecuteThreadRunner.scala:516)
	at org.apache.spark.sql.connect.execution.ExecuteThreadRunner.$anonfun$executeInternal$1(ExecuteThreadRunner.scala:406)
	at org.apache.spark.sql.connect.execution.ExecuteThreadRunner.$anonfun$executeInternal$1$adapted(ExecuteThreadRunner.scala:329)
	at org.apache.spark.sql.connect.service.SessionHolder.$anonfun$withSession$2(SessionHolder.scala:844)
	at org.apache.spark.sql.SparkSession.withActive(SparkSession.scala:866)
	at org.apache.spark.sql.connect.service.SessionHolder.$anonfun$withSession$1(SessionHolder.scala:844)
	at org.apache.spark.JobArtifactSet$.withActiveJobArtifactState(JobArtifactSet.scala:97)
	at org.apache.spark.sql.artifact.ArtifactManager.$anonfun$withResources$1(ArtifactManager.scala:124)
	at org.apache.spark.sql.artifact.ArtifactManager.withClassLoaderIfNeeded(ArtifactManager.scala:118)
	at org.apache.spark.sql.artifact.ArtifactManager.withResources(ArtifactManager.scala:123)
	at org.apache.spark.sql.connect.service.SessionHolder.withSession(SessionHolder.scala:843)
	at org.apache.spark.sql.connect.execution.ExecuteThreadRunner.executeInternal(ExecuteThreadRunner.scala:329)
	at org.apache.spark.sql.connect.execution.ExecuteThreadRunner.$anonfun$execute$1(ExecuteThreadRunner.scala:194)
	at scala.runtime.java8.JFunction0$mcV$sp.apply(JFunction0$mcV$sp.scala:18)
	at com.databricks.spark.connect.service.UtilizationMetrics.recordActiveQueries(UtilizationMetrics.scala:92)
	at com.databricks.spark.connect.service.UtilizationMetrics.recordActiveQueries$(UtilizationMetrics.scala:89)
	at org.apache.spark.sql.connect.execution.ExecuteThreadRunner.recordActiveQueries(ExecuteThreadRunner.scala:55)
	at org.apache.spark.sql.connect.execution.ExecuteThreadRunner.org$apache$spark$sql$connect$execution$ExecuteThreadRunner$$execute(ExecuteThreadRunner.scala:186)
	at org.apache.spark.sql.connect.execution.ExecuteThreadRunner$ExecutionThread.$anonfun$run$3(ExecuteThreadRunner.scala:587)
	at scala.runtime.java8.JFunction0$mcV$sp.apply(JFunction0$mcV$sp.scala:18)
	at com.databricks.spark.util.DBRTracing$.withSpanFromParent(DBRTracing.scala:70)
	at org.apache.spark.sql.connect.execution.ExecuteThreadRunner$ExecutionThread.$anonfun$run$2(ExecuteThreadRunner.scala:587)
	at scala.runtime.java8.JFunction0$mcV$sp.apply(JFunction0$mcV$sp.scala:18)
	at com.databricks.unity.UCSEphemeralState$Handle.runWith(UCSEphemeralState.scala:51)
	at com.databricks.unity.HandleImpl.runWith(UCSHandle.scala:128)
	at com.databricks.unity.HandleImpl.$anonfun$runWithAndClose$1(UCSHandle.scala:133)
	at scala.util.Using$.resource(Using.scala:296)
	at com.databricks.unity.HandleImpl.runWithAndClose(UCSHandle.scala:132)
	at org.apache.spark.sql.connect.execution.ExecuteThreadRunner$ExecutionThread.run(ExecuteThreadRunner.scala:586)
Caused by: com.databricks.sql.transaction.tahoe.DeltaAnalysisException: [DELTA_MERGE_INCOMPATIBLE_DATATYPE] Failed to merge incompatible data types DecimalType(19,5) and DoubleType.
	at com.databricks.sql.transaction.tahoe.schema.SchemaMergingUtils$.merge$1(SchemaMergingUtils.scala:332)
	at com.databricks.sql.transaction.tahoe.schema.SchemaMergingUtils$.$anonfun$mergeDataTypes$1(SchemaMergingUtils.scala:227)
	at scala.collection.ArrayOps$.map$extension(ArrayOps.scala:936)
	at com.databricks.sql.transaction.tahoe.schema.SchemaMergingUtils$.merge$1(SchemaMergingUtils.scala:218)
	at com.databricks.sql.transaction.tahoe.schema.SchemaMergingUtils$.mergeDataTypes(SchemaMergingUtils.scala:336)
	at com.databricks.sql.transaction.tahoe.schema.SchemaMergingUtils$.mergeSchemas(SchemaMergingUtils.scala:180)
	at com.databricks.sql.transaction.tahoe.schema.ImplicitMetadataOperation$.mergeSchema(ImplicitMetadataOperation.scala:367)
	at com.databricks.sql.transaction.tahoe.schema.ImplicitMetadataOperation.updateMetadata(ImplicitMetadataOperation.scala:113)
	at com.databricks.sql.transaction.tahoe.schema.ImplicitMetadataOperation.updateMetadata$(ImplicitMetadataOperation.scala:92)
	at com.databricks.sql.transaction.tahoe.commands.WriteIntoDeltaEdge.updateMetadata(WriteIntoDeltaEdge.scala:137)
	at com.databricks.sql.transaction.tahoe.commands.WriteIntoDeltaEdge.writeAndReturnCommitDataAndMaterializationPlans(WriteIntoDeltaEdge.scala:548)
	at com.databricks.sql.transaction.tahoe.commands.WriteIntoDeltaEdge.writeAndReturnCommitData(WriteIntoDeltaEdge.scala:369)
	at com.databricks.sql.transaction.tahoe.commands.CreateDeltaTableCommand.doDeltaWrite$1(CreateDeltaTableCommand.scala:751)
	at com.databricks.sql.transaction.tahoe.commands.CreateDeltaTableCommand.handleCreateTableAsSelect(CreateDeltaTableCommand.scala:899)
	at com.databricks.sql.transaction.tahoe.commands.CreateDeltaTableCommand.$anonfun$handleCommit$1(CreateDeltaTableCommand.scala:461)
	at com.databricks.sql.transaction.tahoe.OptimisticTransaction$.withActive(OptimisticTransaction.scala:300)
	at com.databricks.sql.transaction.tahoe.commands.CreateDeltaTableCommand.handleCommit(CreateDeltaTableCommand.scala:441)
	at com.databricks.sql.transaction.tahoe.commands.CreateDeltaTableCommand.$anonfun$run$9(CreateDeltaTableCommand.scala:344)
	at com.databricks.sql.transaction.tahoe.metering.DeltaLogging.withOperationTypeTag(DeltaLogging.scala:854)
	at com.databricks.sql.transaction.tahoe.metering.DeltaLogging.withOperationTypeTag$(DeltaLogging.scala:841)
	at com.databricks.sql.transaction.tahoe.commands.CreateDeltaTableCommand.withOperationTypeTag(CreateDeltaTableCommand.scala:108)
	at com.databricks.sql.transaction.tahoe.metering.DeltaLogging.$anonfun$recordDeltaOperationInternal$2(DeltaLogging.scala:527)
	at com.databricks.spark.util.FrameProfiler$.$anonfun$record$1(FrameProfiler.scala:114)
	at com.databricks.spark.util.FrameProfilerExporter$.maybeExportFrameProfiler(FrameProfilerExporter.scala:201)
	at com.databricks.spark.util.FrameProfiler$.record(FrameProfiler.scala:105)
	at com.databricks.sql.transaction.tahoe.metering.DeltaLogging.recordFrameProfileWithCallSite(DeltaLogging.scala:969)
	at com.databricks.sql.transaction.tahoe.metering.DeltaLogging.recordFrameProfileWithCallSite$(DeltaLogging.scala:966)
	at com.databricks.sql.transaction.tahoe.commands.CreateDeltaTableCommand.recordFrameProfileWithCallSite(CreateDeltaTableCommand.scala:108)
	at com.databricks.sql.transaction.tahoe.metering.DeltaLogging.$anonfun$recordDeltaOperationInternal$1(DeltaLogging.scala:526)
	at com.databricks.logging.UsageLogging.$anonfun$recordOperation$1(UsageLogging.scala:531)
	at com.databricks.logging.UsageLogging.executeThunkAndCaptureResultTags$1(UsageLogging.scala:669)
	at com.databricks.logging.UsageLogging.$anonfun$recordOperationWithResultTags$6(UsageLogging.scala:696)
	at com.databricks.logging.AttributionContextTracing.$anonfun$withAttributionContext$1(AttributionContextTracing.scala:146)
	at com.databricks.logging.AttributionContext$.$anonfun$withValue$1(AttributionContext.scala:349)
	at scala.util.DynamicVariable.withValue(DynamicVariable.scala:59)
	at com.databricks.logging.AttributionContext$.withValue(AttributionContext.scala:345)
	at com.databricks.logging.AttributionContextTracing.withAttributionContext(AttributionContextTracing.scala:144)
	at com.databricks.logging.AttributionContextTracing.withAttributionContext$(AttributionContextTracing.scala:141)
	at com.databricks.spark.util.PublicDBLogging.withAttributionContext(DatabricksSparkUsageLogger.scala:29)
	at com.databricks.logging.AttributionContextTracing.withAttributionTags(AttributionContextTracing.scala:201)
	at com.databricks.logging.AttributionContextTracing.withAttributionTags$(AttributionContextTracing.scala:182)
	at com.databricks.spark.util.PublicDBLogging.withAttributionTags(DatabricksSparkUsageLogger.scala:29)
	at com.databricks.logging.UsageLogging.$anonfun$recordOperationWithResultTags$5(UsageLogging.scala:664)
	at com.databricks.logging.UsageLogging.withOtelSpanInContext$1(UsageLogging.scala:656)
	at com.databricks.logging.UsageLogging.recordOperationWithResultTags(UsageLogging.scala:659)
	at com.databricks.logging.UsageLogging.recordOperationWithResultTags$(UsageLogging.scala:540)
	at com.databricks.spark.util.PublicDBLogging.recordOperationWithResultTags(DatabricksSparkUsageLogger.scala:29)
	at com.databricks.logging.UsageLogging.recordOperation(UsageLogging.scala:532)
	at com.databricks.logging.UsageLogging.recordOperation$(UsageLogging.scala:496)
	at com.databricks.spark.util.PublicDBLogging.recordOperation(DatabricksSparkUsageLogger.scala:29)
	at com.databricks.spark.util.PublicDBLogging.recordOperation0(DatabricksSparkUsageLogger.scala:104)
	at com.databricks.spark.util.DatabricksSparkUsageLogger.recordOperation(DatabricksSparkUsageLogger.scala:193)
	at com.databricks.spark.util.UsageLogger.recordOperation(UsageLogger.scala:78)
	at com.databricks.spark.util.UsageLogger.recordOperation$(UsageLogger.scala:65)
	at com.databricks.spark.util.DatabricksSparkUsageLogger.recordOperation(DatabricksSparkUsageLogger.scala:152)
	at com.databricks.spark.util.UsageLogging.recordOperation(UsageLogger.scala:537)
	at com.databricks.spark.util.UsageLogging.recordOperation$(UsageLogger.scala:516)
	at com.databricks.sql.transaction.tahoe.commands.CreateDeltaTableCommand.recordOperation(CreateDeltaTableCommand.scala:108)
	at com.databricks.sql.transaction.tahoe.metering.DeltaLogging.recordDeltaOperationInternal(DeltaLogging.scala:525)
	at com.databricks.sql.transaction.tahoe.metering.DeltaLogging.recordDeltaOperation(DeltaLogging.scala:515)
	at com.databricks.sql.transaction.tahoe.metering.DeltaLogging.recordDeltaOperation$(DeltaLogging.scala:504)
	at com.databricks.sql.transaction.tahoe.commands.CreateDeltaTableCommand.recordDeltaOperation(CreateDeltaTableCommand.scala:108)
	at com.databricks.sql.transaction.tahoe.commands.CreateDeltaTableCommand.run(CreateDeltaTableCommand.scala:298)
	at com.databricks.sql.transaction.tahoe.catalog.AbstractDeltaCatalog.$anonfun$createDeltaTable$1(AbstractDeltaCatalog.scala:1033)
	at com.databricks.spark.util.FrameProfiler$.$anonfun$record$1(FrameProfiler.scala:114)
	at com.databricks.spark.util.FrameProfilerExporter$.maybeExportFrameProfiler(FrameProfilerExporter.scala:201)
	at com.databricks.spark.util.FrameProfiler$.record(FrameProfiler.scala:105)
	at com.databricks.sql.transaction.tahoe.metering.DeltaLogging.recordFrameProfileWithCallSite(DeltaLogging.scala:969)
	at com.databricks.sql.transaction.tahoe.metering.DeltaLogging.recordFrameProfileWithCallSite$(DeltaLogging.scala:966)
	at com.databricks.sql.transaction.tahoe.catalog.AbstractDeltaCatalog.recordFrameProfileWithCallSite(AbstractDeltaCatalog.scala:202)
	at com.databricks.sql.transaction.tahoe.catalog.AbstractDeltaCatalog.com$databricks$sql$transaction$tahoe$catalog$AbstractDeltaCatalog$$createDeltaTable(AbstractDeltaCatalog.scala:433)
	at com.databricks.sql.transaction.tahoe.catalog.AbstractDeltaCatalog$StagedDeltaTableV2.$anonfun$commitStagedChanges$1(AbstractDeltaCatalog.scala:2511)
	at com.databricks.spark.util.FrameProfiler$.$anonfun$record$1(FrameProfiler.scala:114)
	at com.databricks.spark.util.FrameProfilerExporter$.maybeExportFrameProfiler(FrameProfilerExporter.scala:201)
	at com.databricks.spark.util.FrameProfiler$.record(FrameProfiler.scala:105)
	at com.databricks.sql.transaction.tahoe.metering.DeltaLogging.recordFrameProfileWithCallSite(DeltaLogging.scala:969)
	at com.databricks.sql.transaction.tahoe.metering.DeltaLogging.recordFrameProfileWithCallSite$(DeltaLogging.scala:966)
	at com.databricks.sql.transaction.tahoe.catalog.AbstractDeltaCatalog.recordFrameProfileWithCallSite(AbstractDeltaCatalog.scala:202)
	at com.databricks.sql.transaction.tahoe.catalog.AbstractDeltaCatalog$StagedDeltaTableV2.commitStagedChanges(AbstractDeltaCatalog.scala:2485)
	at org.apache.spark.sql.execution.datasources.v2.DataSourceV2Utils$.commitStagedChanges(DataSourceV2Utils.scala:325)
	at org.apache.spark.sql.execution.datasources.v2.V2CreateTableAsSelectBaseExec.$anonfun$writeToTable$6(WriteToDataSourceV2Exec.scala:1046)
	at scala.runtime.java8.JFunction0$mcV$sp.apply(JFunction0$mcV$sp.scala:18)
	at org.apache.spark.sql.execution.datasources.v2.WriteToDataSourceV2Exec$.handleConcurrentCreateExceptions(WriteToDataSourceV2Exec.scala:79)
	at org.apache.spark.sql.execution.datasources.v2.V2CreateTableAsSelectBaseExec.$anonfun$writeToTable$2(WriteToDataSourceV2Exec.scala:1046)
	at org.apache.spark.util.Utils$.tryWithSafeFinallyAndFailureCallbacks(Utils.scala:1726)
	at org.apache.spark.sql.execution.datasources.v2.V2CreateTableAsSelectBaseExec.$anonfun$writeToTable$1(WriteToDataSourceV2Exec.scala:1026)
	at com.databricks.spark.util.FrameProfiler$.$anonfun$record$1(FrameProfiler.scala:114)
	at com.databricks.spark.util.FrameProfilerExporter$.maybeExportFrameProfiler(FrameProfilerExporter.scala:201)
	at com.databricks.spark.util.FrameProfiler$.record(FrameProfiler.scala:105)
	at org.apache.spark.sql.execution.datasources.v2.V2CreateTableAsSelectBaseExec.writeToTable(WriteToDataSourceV2Exec.scala:1050)
	at org.apache.spark.sql.execution.datasources.v2.V2CreateTableAsSelectBaseExec.writeToTable$(WriteToDataSourceV2Exec.scala:1012)
	at org.apache.spark.sql.execution.datasources.v2.AtomicReplaceTableAsSelectExec.writeToTable(WriteToDataSourceV2Exec.scala:287)
	at org.apache.spark.sql.execution.datasources.v2.AtomicReplaceTableAsSelectExec.run(WriteToDataSourceV2Exec.scala:372)
	at org.apache.spark.sql.execution.datasources.v2.V2CommandExec.$anonfun$result$2(V2CommandExec.scala:48)
	at org.apache.spark.sql.execution.SparkPlan.runCommandInAetherOrSpark(SparkPlan.scala:202)
	at org.apache.spark.sql.execution.datasources.v2.V2CommandExec.$anonfun$result$1(V2CommandExec.scala:48)
	at com.databricks.spark.util.FrameProfiler$.$anonfun$record$1(FrameProfiler.scala:114)
	at com.databricks.spark.util.FrameProfilerExporter$.maybeExportFrameProfiler(FrameProfilerExporter.scala:201)
	at com.databricks.spark.util.FrameProfiler$.record(FrameProfiler.scala:105)
	at org.apache.spark.sql.execution.datasources.v2.V2CommandExec.result$lzycompute(V2CommandExec.scala:47)
	at org.apache.spark.sql.execution.datasources.v2.V2CommandExec.result(V2CommandExec.scala:45)
	at org.apache.spark.sql.execution.datasources.v2.V2CommandExec.executeCollect(V2CommandExec.scala:56)
	at org.apache.spark.sql.execution.QueryExecution$.$anonfun$runCommand$12(QueryExecution.scala:1968)
	at com.databricks.util.LexicalThreadLocal$Handle.runWith(LexicalThreadLocal.scala:63)
	at org.apache.spark.sql.execution.QueryExecution$.$anonfun$runCommand$11(QueryExecution.scala:1962)
	at com.databricks.util.LexicalThreadLocal$Handle.runWith(LexicalThreadLocal.scala:63)
	at org.apache.spark.sql.execution.QueryExecution$.executeWithCaches$1(QueryExecution.scala:1962)
	at org.apache.spark.sql.execution.QueryExecution$.$anonfun$runCommand$10(QueryExecution.scala:1968)
	at org.apache.spark.sql.catalyst.QueryPlanningTracker$.withTracker(QueryPlanningTracker.scala:274)
	at org.apache.spark.sql.execution.QueryExecution$.$anonfun$runCommand$9(QueryExecution.scala:1955)
	at org.apache.spark.sql.execution.SQLExecution$.$anonfun$withNewExecutionId0$24(SQLExecution.scala:1120)
	at com.databricks.sql.util.MemoryTrackerHelper.withMemoryTracking(MemoryTrackerHelper.scala:111)
	at org.apache.spark.sql.execution.SQLExecution$.$anonfun$withNewExecutionId0$21(SQLExecution.scala:1040)
	at com.databricks.unity.UCSManager$.withTemporaryScope(UCSManager.scala:168)
	at org.apache.spark.sql.execution.SQLExecution$.$anonfun$withNewExecutionId0$20(SQLExecution.scala:936)
	at org.apache.spark.sql.execution.SQLExecution$.withSessionTagsApplied(SQLExecution.scala:1580)
	at org.apache.spark.sql.execution.SQLExecution$.$anonfun$withNewExecutionId0$19(SQLExecution.scala:925)
	at org.apache.spark.JobArtifactSet$.withActiveJobArtifactState(JobArtifactSet.scala:97)
	at org.apache.spark.sql.artifact.ArtifactManager.$anonfun$withResources$1(ArtifactManager.scala:124)
	at org.apache.spark.sql.artifact.ArtifactManager.withClassLoaderIfNeeded(ArtifactManager.scala:118)
	at org.apache.spark.sql.artifact.ArtifactManager.withResources(ArtifactManager.scala:123)
	at org.apache.spark.sql.execution.SQLExecution$.$anonfun$withNewExecutionId0$18(SQLExecution.scala:925)
	at org.apache.spark.sql.execution.SQLExecution$.withSQLConfPropagated(SQLExecution.scala:1615)
	at org.apache.spark.sql.execution.SQLExecution$.$anonfun$withNewExecutionId0$1(SQLExecution.scala:924)
	at org.apache.spark.sql.SparkSession.withActive(SparkSession.scala:866)
	at org.apache.spark.sql.execution.SQLExecution$.withNewExecutionId0(SQLExecution.scala:657)
	at org.apache.spark.sql.execution.SQLExecution$.withNewExecutionId(SQLExecution.scala:1533)
	at org.apache.spark.sql.execution.QueryExecution$.$anonfun$runCommand$8(QueryExecution.scala:1955)
	at org.apache.spark.sql.execution.QueryExecution$.withInternalError(QueryExecution.scala:1822)
	at org.apache.spark.sql.execution.QueryExecution$.$anonfun$runCommand$7(QueryExecution.scala:1951)
	at org.apache.spark.sql.execution.QueryExecution.withMVTagsIfNecessary(QueryExecution.scala:710)
	at org.apache.spark.sql.execution.QueryExecution$.$anonfun$runCommand$4(QueryExecution.scala:1936)
	at scala.Option.map(Option.scala:242)
	at org.apache.spark.sql.execution.QueryExecution$.executeWithMVTags$1(QueryExecution.scala:1936)
	at org.apache.spark.sql.execution.QueryExecution$.runCommand(QueryExecution.scala:1949)
	at org.apache.spark.sql.execution.QueryExecution.org$apache$spark$sql$execution$QueryExecution$$eagerlyExecute$1(QueryExecution.scala:747)
	at org.apache.spark.sql.execution.QueryExecution$$anonfun$$nestedInanonfun$eagerlyExecuteCommands$1$1.applyOrElse(QueryExecution.scala:764)
	at org.apache.spark.sql.execution.QueryExecution$$anonfun$$nestedInanonfun$eagerlyExecuteCommands$1$1.applyOrElse(QueryExecution.scala:756)
	at org.apache.spark.sql.catalyst.trees.TreeNode.$anonfun$transformDownWithPruning$1(TreeNode.scala:610)
	at org.apache.spark.sql.catalyst.trees.CurrentOrigin$.withOrigin(origin.scala:142)
	at org.apache.spark.sql.catalyst.trees.TreeNode.transformDownWithPruning(TreeNode.scala:610)
	at org.apache.spark.sql.catalyst.plans.logical.LogicalPlan.org$apache$spark$sql$catalyst$plans$logical$AnalysisHelper$$super$transformDownWithPruning(LogicalPlan.scala:48)
	at org.apache.spark.sql.catalyst.plans.logical.AnalysisHelper.transformDownWithPruning(AnalysisHelper.scala:361)
	at org.apache.spark.sql.catalyst.plans.logical.AnalysisHelper.transformDownWithPruning$(AnalysisHelper.scala:357)
	at org.apache.spark.sql.catalyst.plans.logical.LogicalPlan.transformDownWithPruning(LogicalPlan.scala:48)
	at org.apache.spark.sql.catalyst.plans.logical.LogicalPlan.transformDownWithPruning(LogicalPlan.scala:48)
	at org.apache.spark.sql.catalyst.trees.TreeNode.transformDown(TreeNode.scala:586)
	at org.apache.spark.sql.execution.QueryExecution.$anonfun$eagerlyExecuteCommands$1(QueryExecution.scala:756)
	at org.apache.spark.sql.catalyst.plans.logical.AnalysisHelper$.allowInvokingTransformsInAnalyzer(AnalysisHelper.scala:418)
	at org.apache.spark.sql.execution.QueryExecution.eagerlyExecuteCommands(QueryExecution.scala:756)
	at org.apache.spark.sql.execution.QueryExecution.$anonfun$lazyCommandExecuted$1(QueryExecution.scala:666)
	at scala.util.Try$.apply(Try.scala:217)
	at org.apache.spark.util.Utils$.doTryWithCallerStacktrace(Utils.scala:1796)
	at org.apache.spark.util.LazyTry.tryT$lzycompute(LazyTry.scala:60)
	at org.apache.spark.util.LazyTry.tryT(LazyTry.scala:59)
	at org.apache.spark.util.LazyTry.get(LazyTry.scala:78)
	at org.apache.spark.sql.execution.QueryExecution.commandExecuted(QueryExecution.scala:671)
	at org.apache.spark.sql.execution.QueryExecution.assertCommandExecuted(QueryExecution.scala:804)
	at org.apache.spark.sql.classic.DataFrameWriter.runCommand(DataFrameWriter.scala:887)
	at org.apache.spark.sql.classic.DataFrameWriter.saveAsTable(DataFrameWriter.scala:732)
	at org.apache.spark.sql.classic.DataFrameWriter.saveAsTable(DataFrameWriter.scala:630)
	at org.apache.spark.sql.connect.planner.SparkConnectPlanner.handleWriteOperation(SparkConnectPlanner.scala:4603)
	at org.apache.spark.sql.connect.planner.SparkConnectPlanner.process(SparkConnectPlanner.scala:3782)
	at org.apache.spark.sql.connect.execution.ExecuteThreadRunner.handleCommand(ExecuteThreadRunner.scala:516)
	at org.apache.spark.sql.connect.execution.ExecuteThreadRunner.$anonfun$executeInternal$1(ExecuteThreadRunner.scala:406)
	at org.apache.spark.sql.connect.execution.ExecuteThreadRunner.$anonfun$executeInternal$1$adapted(ExecuteThreadRunner.scala:329)
	at org.apache.spark.sql.connect.service.SessionHolder.$anonfun$withSession$2(SessionHolder.scala:844)
	at org.apache.spark.sql.SparkSession.withActive(SparkSession.scala:866)
	at org.apache.spark.sql.connect.service.SessionHolder.$anonfun$withSession$1(SessionHolder.scala:844)
	at org.apache.spark.JobArtifactSet$.withActiveJobArtifactState(JobArtifactSet.scala:97)
	at org.apache.spark.sql.artifact.ArtifactManager.$anonfun$withResources$1(ArtifactManager.scala:124)
	at org.apache.spark.sql.artifact.ArtifactManager.withClassLoaderIfNeeded(ArtifactManager.scala:118)
	at org.apache.spark.sql.artifact.ArtifactManager.withResources(ArtifactManager.scala:123)
	at org.apache.spark.sql.connect.service.SessionHolder.withSession(SessionHolder.scala:843)
	at org.apache.spark.sql.connect.execution.ExecuteThreadRunner.executeInternal(ExecuteThreadRunner.scala:329)
	at org.apache.spark.sql.connect.execution.ExecuteThreadRunner.$anonfun$execute$1(ExecuteThreadRunner.scala:194)
	at scala.runtime.java8.JFunction0$mcV$sp.apply(JFunction0$mcV$sp.scala:18)
	at com.databricks.spark.connect.service.UtilizationMetrics.recordActiveQueries(UtilizationMetrics.scala:92)
	at com.databricks.spark.connect.service.UtilizationMetrics.recordActiveQueries$(UtilizationMetrics.scala:89)
	at org.apache.spark.sql.connect.execution.ExecuteThreadRunner.recordActiveQueries(ExecuteThreadRunner.scala:55)
	at org.apache.spark.sql.connect.execution.ExecuteThreadRunner.org$apache$spark$sql$connect$execution$ExecuteThreadRunner$$execute(ExecuteThreadRunner.scala:186)
	at org.apache.spark.sql.connect.execution.ExecuteThreadRunner$ExecutionThread.$anonfun$run$3(ExecuteThreadRunner.scala:587)
	at scala.runtime.java8.JFunction0$mcV$sp.apply(JFunction0$mcV$sp.scala:18)
	at com.databricks.spark.util.DBRTracing$.withSpanFromParent(DBRTracing.scala:70)
	at org.apache.spark.sql.connect.execution.ExecuteThreadRunner$ExecutionThread.$anonfun$run$2(ExecuteThreadRunner.scala:587)
	at scala.runtime.java8.JFunction0$mcV$sp.apply(JFunction0$mcV$sp.scala:18)
	at com.databricks.unity.UCSEphemeralState$Handle.runWith(UCSEphemeralState.scala:51)
	at com.databricks.unity.HandleImpl.runWith(UCSHandle.scala:128)
	at com.databricks.unity.HandleImpl.$anonfun$runWithAndClose$1(UCSHandle.scala:133)
	at scala.util.Using$.resource(Using.scala:296)
	at com.databricks.unity.HandleImpl.runWithAndClose(UCSHandle.scala:132)
	at org.apache.spark.sql.connect.execution.ExecuteThreadRunner$ExecutionThread.run(ExecuteThreadRunner.scala:586)
2026-07-17 21:00:58,942 | ERROR | Error in pipeline : [DELTA_FAILED_TO_MERGE_FIELDS] Failed to merge fields 'trip_distance' and 'trip_distance'.

JVM stacktrace:
com.databricks.sql.transaction.tahoe.DeltaAnalysisException
	at com.databricks.sql.transaction.tahoe.schema.SchemaMergingUtils$.$anonfun$mergeDataTypes$1(SchemaMergingUtils.scala:232)
	at scala.collection.ArrayOps$.map$extension(ArrayOps.scala:936)
	at com.databricks.sql.transaction.tahoe.schema.SchemaMergingUtils$.merge$1(SchemaMergingUtils.scala:218)
	at com.databricks.sql.transaction.tahoe.schema.SchemaMergingUtils$.mergeDataTypes(SchemaMergingUtils.scala:336)
	at com.databricks.sql.transaction.tahoe.schema.SchemaMergingUtils$.mergeSchemas(SchemaMergingUtils.scala:180)
	at com.databricks.sql.transaction.tahoe.schema.ImplicitMetadataOperation$.mergeSchema(ImplicitMetadataOperation.scala:367)
	at com.databricks.sql.transaction.tahoe.schema.ImplicitMetadataOperation.updateMetadata(ImplicitMetadataOperation.scala:113)
	at com.databricks.sql.transaction.tahoe.schema.ImplicitMetadataOperation.updateMetadata$(ImplicitMetadataOperation.scala:92)
	at com.databricks.sql.transaction.tahoe.commands.WriteIntoDeltaEdge.updateMetadata(WriteIntoDeltaEdge.scala:137)
	at com.databricks.sql.transaction.tahoe.commands.WriteIntoDeltaEdge.writeAndReturnCommitDataAndMaterializationPlans(WriteIntoDeltaEdge.scala:548)
	at com.databricks.sql.transaction.tahoe.commands.WriteIntoDeltaEdge.writeAndReturnCommitData(WriteIntoDeltaEdge.scala:369)
	at com.databricks.sql.transaction.tahoe.commands.CreateDeltaTableCommand.doDeltaWrite$1(CreateDeltaTableCommand.scala:751)
	at com.databricks.sql.transaction.tahoe.commands.CreateDeltaTableCommand.handleCreateTableAsSelect(CreateDeltaTableCommand.scala:899)
	at com.databricks.sql.transaction.tahoe.commands.CreateDeltaTableCommand.$anonfun$handleCommit$1(CreateDeltaTableCommand.scala:461)
	at com.databricks.sql.transaction.tahoe.OptimisticTransaction$.withActive(OptimisticTransaction.scala:300)
	at com.databricks.sql.transaction.tahoe.commands.CreateDeltaTableCommand.handleCommit(CreateDeltaTableCommand.scala:441)
	at com.databricks.sql.transaction.tahoe.commands.CreateDeltaTableCommand.$anonfun$run$9(CreateDeltaTableCommand.scala:344)
	at com.databricks.sql.transaction.tahoe.metering.DeltaLogging.withOperationTypeTag(DeltaLogging.scala:854)
	at com.databricks.sql.transaction.tahoe.metering.DeltaLogging.withOperationTypeTag$(DeltaLogging.scala:841)
	at com.databricks.sql.transaction.tahoe.commands.CreateDeltaTableCommand.withOperationTypeTag(CreateDeltaTableCommand.scala:108)
	at com.databricks.sql.transaction.tahoe.metering.DeltaLogging.$anonfun$recordDeltaOperationInternal$2(DeltaLogging.scala:527)
	at com.databricks.spark.util.FrameProfiler$.$anonfun$record$1(FrameProfiler.scala:114)
	at com.databricks.spark.util.FrameProfilerExporter$.maybeExportFrameProfiler(FrameProfilerExporter.scala:201)
	at com.databricks.spark.util.FrameProfiler$.record(FrameProfiler.scala:105)
	at com.databricks.sql.transaction.tahoe.metering.DeltaLogging.recordFrameProfileWithCallSite(DeltaLogging.scala:969)
	at com.databricks.sql.transaction.tahoe.metering.DeltaLogging.recordFrameProfileWithCallSite$(DeltaLogging.scala:966)
	at com.databricks.sql.transaction.tahoe.commands.CreateDeltaTableCommand.recordFrameProfileWithCallSite(CreateDeltaTableCommand.scala:108)
	at com.databricks.sql.transaction.tahoe.metering.DeltaLogging.$anonfun$recordDeltaOperationInternal$1(DeltaLogging.scala:526)
	at com.databricks.logging.UsageLogging.$anonfun$recordOperation$1(UsageLogging.scala:531)
	at com.databricks.logging.UsageLogging.executeThunkAndCaptureResultTags$1(UsageLogging.scala:669)
	at com.databricks.logging.UsageLogging.$anonfun$recordOperationWithResultTags$6(UsageLogging.scala:696)
	at com.databricks.logging.AttributionContextTracing.$anonfun$withAttributionContext$1(AttributionContextTracing.scala:146)
	at com.databricks.logging.AttributionContext$.$anonfun$withValue$1(AttributionContext.scala:349)
	at scala.util.DynamicVariable.withValue(DynamicVariable.scala:59)
	at com.databricks.logging.AttributionContext$.withValue(AttributionContext.scala:345)
	at com.databricks.logging.AttributionContextTracing.withAttributionContext(AttributionContextTracing.scala:144)
	at com.databricks.logging.AttributionContextTracing.withAttributionContext$(AttributionContextTracing.scala:141)
	at com.databricks.spark.util.PublicDBLogging.withAttributionContext(DatabricksSparkUsageLogger.scala:29)
	at com.databricks.logging.AttributionContextTracing.withAttributionTags(AttributionContextTracing.scala:201)
	at com.databricks.logging.AttributionContextTracing.withAttributionTags$(AttributionContextTracing.scala:182)
	at com.databricks.spark.util.PublicDBLogging.withAttributionTags(DatabricksSparkUsageLogger.scala:29)
	at com.databricks.logging.UsageLogging.$anonfun$recordOperationWithResultTags$5(UsageLogging.scala:664)
	at com.databricks.logging.UsageLogging.withOtelSpanInContext$1(UsageLogging.scala:656)
	at com.databricks.logging.UsageLogging.recordOperationWithResultTags(UsageLogging.scala:659)
	at com.databricks.logging.UsageLogging.recordOperationWithResultTags$(UsageLogging.scala:540)
	at com.databricks.spark.util.PublicDBLogging.recordOperationWithResultTags(DatabricksSparkUsageLogger.scala:29)
	at com.databricks.logging.UsageLogging.recordOperation(UsageLogging.scala:532)
	at com.databricks.logging.UsageLogging.recordOperation$(UsageLogging.scala:496)
	at com.databricks.spark.util.PublicDBLogging.recordOperation(DatabricksSparkUsageLogger.scala:29)
	at com.databricks.spark.util.PublicDBLogging.recordOperation0(DatabricksSparkUsageLogger.scala:104)
	at com.databricks.spark.util.DatabricksSparkUsageLogger.recordOperation(DatabricksSparkUsageLogger.scala:193)
	at com.databricks.spark.util.UsageLogger.recordOperation(UsageLogger.scala:78)
	at com.databricks.spark.util.UsageLogger.recordOperation$(UsageLogger.scala:65)
	at com.databricks.spark.util.DatabricksSparkUsageLogger.recordOperation(DatabricksSparkUsageLogger.scala:152)
	at com.databricks.spark.util.UsageLogging.recordOperation(UsageLogger.scala:537)
	at com.databricks.spark.util.UsageLogging.recordOperation$(UsageLogger.scala:516)
	at com.databricks.sql.transaction.tahoe.commands.CreateDeltaTableCommand.recordOperation(CreateDeltaTableCommand.scala:108)
	at com.databricks.sql.transaction.tahoe.metering.DeltaLogging.recordDeltaOperationInternal(DeltaLogging.scala:525)
	at com.databricks.sql.transaction.tahoe.metering.DeltaLogging.recordDeltaOperation(DeltaLogging.scala:515)
	at com.databricks.sql.transaction.tahoe.metering.DeltaLogging.recordDeltaOperation$(DeltaLogging.scala:504)
	at com.databricks.sql.transaction.tahoe.commands.CreateDeltaTableCommand.recordDeltaOperation(CreateDeltaTableCommand.scala:108)
	at com.databricks.sql.transaction.tahoe.commands.CreateDeltaTableCommand.run(CreateDeltaTableCommand.scala:298)
	at com.databricks.sql.transaction.tahoe.catalog.AbstractDeltaCatalog.$anonfun$createDeltaTable$1(AbstractDeltaCatalog.scala:1033)
	at com.databricks.spark.util.FrameProfiler$.$anonfun$record$1(FrameProfiler.scala:114)
	at com.databricks.spark.util.FrameProfilerExporter$.maybeExportFrameProfiler(FrameProfilerExporter.scala:201)
	at com.databricks.spark.util.FrameProfiler$.record(FrameProfiler.scala:105)
	at com.databricks.sql.transaction.tahoe.metering.DeltaLogging.recordFrameProfileWithCallSite(DeltaLogging.scala:969)
	at com.databricks.sql.transaction.tahoe.metering.DeltaLogging.recordFrameProfileWithCallSite$(DeltaLogging.scala:966)
	at com.databricks.sql.transaction.tahoe.catalog.AbstractDeltaCatalog.recordFrameProfileWithCallSite(AbstractDeltaCatalog.scala:202)
	at com.databricks.sql.transaction.tahoe.catalog.AbstractDeltaCatalog.com$databricks$sql$transaction$tahoe$catalog$AbstractDeltaCatalog$$createDeltaTable(AbstractDeltaCatalog.scala:433)
	at com.databricks.sql.transaction.tahoe.catalog.AbstractDeltaCatalog$StagedDeltaTableV2.$anonfun$commitStagedChanges$1(AbstractDeltaCatalog.scala:2511)
	at com.databricks.spark.util.FrameProfiler$.$anonfun$record$1(FrameProfiler.scala:114)
	at com.databricks.spark.util.FrameProfilerExporter$.maybeExportFrameProfiler(FrameProfilerExporter.scala:201)
	at com.databricks.spark.util.FrameProfiler$.record(FrameProfiler.scala:105)
	at com.databricks.sql.transaction.tahoe.metering.DeltaLogging.recordFrameProfileWithCallSite(DeltaLogging.scala:969)
	at com.databricks.sql.transaction.tahoe.metering.DeltaLogging.recordFrameProfileWithCallSite$(DeltaLogging.scala:966)
	at com.databricks.sql.transaction.tahoe.catalog.AbstractDeltaCatalog.recordFrameProfileWithCallSite(AbstractDeltaCatalog.scala:202)
	at com.databricks.sql.transaction.tahoe.catalog.AbstractDeltaCatalog$StagedDeltaTableV2.commitStagedChanges(AbstractDeltaCatalog.scala:2485)
	at org.apache.spark.sql.execution.datasources.v2.DataSourceV2Utils$.commitStagedChanges(DataSourceV2Utils.scala:325)
	at org.apache.spark.sql.execution.datasources.v2.V2CreateTableAsSelectBaseExec.$anonfun$writeToTable$6(WriteToDataSourceV2Exec.scala:1046)
	at scala.runtime.java8.JFunction0$mcV$sp.apply(JFunction0$mcV$sp.scala:18)
	at org.apache.spark.sql.execution.datasources.v2.WriteToDataSourceV2Exec$.handleConcurrentCreateExceptions(WriteToDataSourceV2Exec.scala:79)
	at org.apache.spark.sql.execution.datasources.v2.V2CreateTableAsSelectBaseExec.$anonfun$writeToTable$2(WriteToDataSourceV2Exec.scala:1046)
	at org.apache.spark.util.Utils$.tryWithSafeFinallyAndFailureCallbacks(Utils.scala:1726)
	at org.apache.spark.sql.execution.datasources.v2.V2CreateTableAsSelectBaseExec.$anonfun$writeToTable$1(WriteToDataSourceV2Exec.scala:1026)
	at com.databricks.spark.util.FrameProfiler$.$anonfun$record$1(FrameProfiler.scala:114)
	at com.databricks.spark.util.FrameProfilerExporter$.maybeExportFrameProfiler(FrameProfilerExporter.scala:201)
	at com.databricks.spark.util.FrameProfiler$.record(FrameProfiler.scala:105)
	at org.apache.spark.sql.execution.datasources.v2.V2CreateTableAsSelectBaseExec.writeToTable(WriteToDataSourceV2Exec.scala:1050)
	at org.apache.spark.sql.execution.datasources.v2.V2CreateTableAsSelectBaseExec.writeToTable$(WriteToDataSourceV2Exec.scala:1012)
	at org.apache.spark.sql.execution.datasources.v2.AtomicReplaceTableAsSelectExec.writeToTable(WriteToDataSourceV2Exec.scala:287)
	at org.apache.spark.sql.execution.datasources.v2.AtomicReplaceTableAsSelectExec.run(WriteToDataSourceV2Exec.scala:372)
	at org.apache.spark.sql.execution.datasources.v2.V2CommandExec.$anonfun$result$2(V2CommandExec.scala:48)
	at org.apache.spark.sql.execution.SparkPlan.runCommandInAetherOrSpark(SparkPlan.scala:202)
	at org.apache.spark.sql.execution.datasources.v2.V2CommandExec.$anonfun$result$1(V2CommandExec.scala:48)
	at com.databricks.spark.util.FrameProfiler$.$anonfun$record$1(FrameProfiler.scala:114)
	at com.databricks.spark.util.FrameProfilerExporter$.maybeExportFrameProfiler(FrameProfilerExporter.scala:201)
	at com.databricks.spark.util.FrameProfiler$.record(FrameProfiler.scala:105)
	at org.apache.spark.sql.execution.datasources.v2.V2CommandExec.result$lzycompute(V2CommandExec.scala:47)
	at org.apache.spark.sql.execution.datasources.v2.V2CommandExec.result(V2CommandExec.scala:45)
	at org.apache.spark.sql.execution.datasources.v2.V2CommandExec.executeCollect(V2CommandExec.scala:56)
	at org.apache.spark.sql.execution.QueryExecution$.$anonfun$runCommand$12(QueryExecution.scala:1968)
	at com.databricks.util.LexicalThreadLocal$Handle.runWith(LexicalThreadLocal.scala:63)
	at org.apache.spark.sql.execution.QueryExecution$.$anonfun$runCommand$11(QueryExecution.scala:1962)
	at com.databricks.util.LexicalThreadLocal$Handle.runWith(LexicalThreadLocal.scala:63)
	at org.apache.spark.sql.execution.QueryExecution$.executeWithCaches$1(QueryExecution.scala:1962)
	at org.apache.spark.sql.execution.QueryExecution$.$anonfun$runCommand$10(QueryExecution.scala:1968)
	at org.apache.spark.sql.catalyst.QueryPlanningTracker$.withTracker(QueryPlanningTracker.scala:274)
	at org.apache.spark.sql.execution.QueryExecution$.$anonfun$runCommand$9(QueryExecution.scala:1955)
	at org.apache.spark.sql.execution.SQLExecution$.$anonfun$withNewExecutionId0$24(SQLExecution.scala:1120)
	at com.databricks.sql.util.MemoryTrackerHelper.withMemoryTracking(MemoryTrackerHelper.scala:111)
	at org.apache.spark.sql.execution.SQLExecution$.$anonfun$withNewExecutionId0$21(SQLExecution.scala:1040)
	at com.databricks.unity.UCSManager$.withTemporaryScope(UCSManager.scala:168)
	at org.apache.spark.sql.execution.SQLExecution$.$anonfun$withNewExecutionId0$20(SQLExecution.scala:936)
	at org.apache.spark.sql.execution.SQLExecution$.withSessionTagsApplied(SQLExecution.scala:1580)
	at org.apache.spark.sql.execution.SQLExecution$.$anonfun$withNewExecutionId0$19(SQLExecution.scala:925)
	at org.apache.spark.JobArtifactSet$.withActiveJobArtifactState(JobArtifactSet.scala:97)
	at org.apache.spark.sql.artifact.ArtifactManager.$anonfun$withResources$1(ArtifactManager.scala:124)
	at org.apache.spark.sql.artifact.ArtifactManager.withClassLoaderIfNeeded(ArtifactManager.scala:118)
	at org.apache.spark.sql.artifact.ArtifactManager.withResources(ArtifactManager.scala:123)
	at org.apache.spark.sql.execution.SQLExecution$.$anonfun$withNewExecutionId0$18(SQLExecution.scala:925)
	at org.apache.spark.sql.execution.SQLExecution$.withSQLConfPropagated(SQLExecution.scala:1615)
	at org.apache.spark.sql.execution.SQLExecution$.$anonfun$withNewExecutionId0$1(SQLExecution.scala:924)
	at org.apache.spark.sql.SparkSession.withActive(SparkSession.scala:866)
	at org.apache.spark.sql.execution.SQLExecution$.withNewExecutionId0(SQLExecution.scala:657)
	at org.apache.spark.sql.execution.SQLExecution$.withNewExecutionId(SQLExecution.scala:1533)
	at org.apache.spark.sql.execution.QueryExecution$.$anonfun$runCommand$8(QueryExecution.scala:1955)
	at org.apache.spark.sql.execution.QueryExecution$.withInternalError(QueryExecution.scala:1822)
	at org.apache.spark.sql.execution.QueryExecution$.$anonfun$runCommand$7(QueryExecution.scala:1951)
	at org.apache.spark.sql.execution.QueryExecution.withMVTagsIfNecessary(QueryExecution.scala:710)
	at org.apache.spark.sql.execution.QueryExecution$.$anonfun$runCommand$4(QueryExecution.scala:1936)
	at scala.Option.map(Option.scala:242)
	at org.apache.spark.sql.execution.QueryExecution$.executeWithMVTags$1(QueryExecution.scala:1936)
	at org.apache.spark.sql.execution.QueryExecution$.runCommand(QueryExecution.scala:1949)
	at org.apache.spark.sql.execution.QueryExecution.org$apache$spark$sql$execution$QueryExecution$$eagerlyExecute$1(QueryExecution.scala:747)
	at org.apache.spark.sql.execution.QueryExecution$$anonfun$$nestedInanonfun$eagerlyExecuteCommands$1$1.applyOrElse(QueryExecution.scala:764)
	at org.apache.spark.sql.execution.QueryExecution$$anonfun$$nestedInanonfun$eagerlyExecuteCommands$1$1.applyOrElse(QueryExecution.scala:756)
	at org.apache.spark.sql.catalyst.trees.TreeNode.$anonfun$transformDownWithPruning$1(TreeNode.scala:610)
	at org.apache.spark.sql.catalyst.trees.CurrentOrigin$.withOrigin(origin.scala:142)
	at org.apache.spark.sql.catalyst.trees.TreeNode.transformDownWithPruning(TreeNode.scala:610)
	at org.apache.spark.sql.catalyst.plans.logical.LogicalPlan.org$apache$spark$sql$catalyst$plans$logical$AnalysisHelper$$super$transformDownWithPruning(LogicalPlan.scala:48)
	at org.apache.spark.sql.catalyst.plans.logical.AnalysisHelper.transformDownWithPruning(AnalysisHelper.scala:361)
	at org.apache.spark.sql.catalyst.plans.logical.AnalysisHelper.transformDownWithPruning$(AnalysisHelper.scala:357)
	at org.apache.spark.sql.catalyst.plans.logical.LogicalPlan.transformDownWithPruning(LogicalPlan.scala:48)
	at org.apache.spark.sql.catalyst.plans.logical.LogicalPlan.transformDownWithPruning(LogicalPlan.scala:48)
	at org.apache.spark.sql.catalyst.trees.TreeNode.transformDown(TreeNode.scala:586)
	at org.apache.spark.sql.execution.QueryExecution.$anonfun$eagerlyExecuteCommands$1(QueryExecution.scala:756)
	at org.apache.spark.sql.catalyst.plans.logical.AnalysisHelper$.allowInvokingTransformsInAnalyzer(AnalysisHelper.scala:418)
	at org.apache.spark.sql.execution.QueryExecution.eagerlyExecuteCommands(QueryExecution.scala:756)
	at org.apache.spark.sql.execution.QueryExecution.$anonfun$lazyCommandExecuted$1(QueryExecution.scala:666)
	at scala.util.Try$.apply(Try.scala:217)
	at org.apache.spark.util.Utils$.doTryWithCallerStacktrace(Utils.scala:1796)
	at org.apache.spark.util.Utils$.getTryWithCallerStacktrace(Utils.scala:1846)
	at org.apache.spark.util.LazyTry.get(LazyTry.scala:78)
	at org.apache.spark.sql.execution.QueryExecution.commandExecuted(QueryExecution.scala:671)
	at org.apache.spark.sql.execution.QueryExecution.assertCommandExecuted(QueryExecution.scala:804)
	at org.apache.spark.sql.classic.DataFrameWriter.runCommand(DataFrameWriter.scala:887)
	at org.apache.spark.sql.classic.DataFrameWriter.saveAsTable(DataFrameWriter.scala:732)
	at org.apache.spark.sql.classic.DataFrameWriter.saveAsTable(DataFrameWriter.scala:630)
	at org.apache.spark.sql.connect.planner.SparkConnectPlanner.handleWriteOperation(SparkConnectPlanner.scala:4603)
	at org.apache.spark.sql.connect.planner.SparkConnectPlanner.process(SparkConnectPlanner.scala:3782)
	at org.apache.spark.sql.connect.execution.ExecuteThreadRunner.handleCommand(ExecuteThreadRunner.scala:516)
	at org.apache.spark.sql.connect.execution.ExecuteThreadRunner.$anonfun$executeInternal$1(ExecuteThreadRunner.scala:406)
	at org.apache.spark.sql.connect.execution.ExecuteThreadRunner.$anonfun$executeInternal$1$adapted(ExecuteThreadRunner.scala:329)
	at org.apache.spark.sql.connect.service.SessionHolder.$anonfun$withSession$2(SessionHolder.scala:844)
	at org.apache.spark.sql.SparkSession.withActive(SparkSession.scala:866)
	at org.apache.spark.sql.connect.service.SessionHolder.$anonfun$withSession$1(SessionHolder.scala:844)
	at org.apache.spark.JobArtifactSet$.withActiveJobArtifactState(JobArtifactSet.scala:97)
	at org.apache.spark.sql.artifact.ArtifactManager.$anonfun$withResources$1(ArtifactManager.scala:124)
	at org.apache.spark.sql.artifact.ArtifactManager.withClassLoaderIfNeeded(ArtifactManager.scala:118)
	at org.apache.spark.sql.artifact.ArtifactManager.withResources(ArtifactManager.scala:123)
	at org.apache.spark.sql.connect.service.SessionHolder.withSession(SessionHolder.scala:843)
	at org.apache.spark.sql.connect.execution.ExecuteThreadRunner.executeInternal(ExecuteThreadRunner.scala:329)
	at org.apache.spark.sql.connect.execution.ExecuteThreadRunner.$anonfun$execute$1(ExecuteThreadRunner.scala:194)
	at scala.runtime.java8.JFunction0$mcV$sp.apply(JFunction0$mcV$sp.scala:18)
	at com.databricks.spark.connect.service.UtilizationMetrics.recordActiveQueries(UtilizationMetrics.scala:92)
	at com.databricks.spark.connect.service.UtilizationMetrics.recordActiveQueries$(UtilizationMetrics.scala:89)
	at org.apache.spark.sql.connect.execution.ExecuteThreadRunner.recordActiveQueries(ExecuteThreadRunner.scala:55)
	at org.apache.spark.sql.connect.execution.ExecuteThreadRunner.org$apache$spark$sql$connect$execution$ExecuteThreadRunner$$execute(ExecuteThreadRunner.scala:186)
	at org.apache.spark.sql.connect.execution.ExecuteThreadRunner$ExecutionThread.$anonfun$run$3(ExecuteThreadRunner.scala:587)
	at scala.runtime.java8.JFunction0$mcV$sp.apply(JFunction0$mcV$sp.scala:18)
	at com.databricks.spark.util.DBRTracing$.withSpanFromParent(DBRTracing.scala:70)
	at org.apache.spark.sql.connect.execution.ExecuteThreadRunner$ExecutionThread.$anonfun$run$2(ExecuteThreadRunner.scala:587)
	at scala.runtime.java8.JFunction0$mcV$sp.apply(JFunction0$mcV$sp.scala:18)
	at com.databricks.unity.UCSEphemeralState$Handle.runWith(UCSEphemeralState.scala:51)
	at com.databricks.unity.HandleImpl.runWith(UCSHandle.scala:128)
	at com.databricks.unity.HandleImpl.$anonfun$runWithAndClose$1(UCSHandle.scala:133)
	at scala.util.Using$.resource(Using.scala:296)
	at com.databricks.unity.HandleImpl.runWithAndClose(UCSHandle.scala:132)
	at org.apache.spark.sql.connect.execution.ExecuteThreadRunner$ExecutionThread.run(ExecuteThreadRunner.scala:586)
Caused by: com.databricks.sql.transaction.tahoe.DeltaAnalysisException: [DELTA_MERGE_INCOMPATIBLE_DATATYPE] Failed to merge incompatible data types DecimalType(19,5) and DoubleType.
	at com.databricks.sql.transaction.tahoe.schema.SchemaMergingUtils$.merge$1(SchemaMergingUtils.scala:332)
	at com.databricks.sql.transaction.tahoe.schema.SchemaMergingUtils$.$anonfun$mergeDataTypes$1(SchemaMergingUtils.scala:227)
	at scala.collection.ArrayOps$.map$extension(ArrayOps.scala:936)
	at com.databricks.sql.transaction.tahoe.schema.SchemaMergingUtils$.merge$1(SchemaMergingUtils.scala:218)
	at com.databricks.sql.transaction.tahoe.schema.SchemaMergingUtils$.mergeDataTypes(SchemaMergingUtils.scala:336)
	at com.databricks.sql.transaction.tahoe.schema.SchemaMergingUtils$.mergeSchemas(SchemaMergingUtils.scala:180)
	at com.databricks.sql.transaction.tahoe.schema.ImplicitMetadataOperation$.mergeSchema(ImplicitMetadataOperation.scala:367)
	at com.databricks.sql.transaction.tahoe.schema.ImplicitMetadataOperation.updateMetadata(ImplicitMetadataOperation.scala:113)
	at com.databricks.sql.transaction.tahoe.schema.ImplicitMetadataOperation.updateMetadata$(ImplicitMetadataOperation.scala:92)
	at com.databricks.sql.transaction.tahoe.commands.WriteIntoDeltaEdge.updateMetadata(WriteIntoDeltaEdge.scala:137)
	at com.databricks.sql.transaction.tahoe.commands.WriteIntoDeltaEdge.writeAndReturnCommitDataAndMaterializationPlans(WriteIntoDeltaEdge.scala:548)
	at com.databricks.sql.transaction.tahoe.commands.WriteIntoDeltaEdge.writeAndReturnCommitData(WriteIntoDeltaEdge.scala:369)
	at com.databricks.sql.transaction.tahoe.commands.CreateDeltaTableCommand.doDeltaWrite$1(CreateDeltaTableCommand.scala:751)
	at com.databricks.sql.transaction.tahoe.commands.CreateDeltaTableCommand.handleCreateTableAsSelect(CreateDeltaTableCommand.scala:899)
	at com.databricks.sql.transaction.tahoe.commands.CreateDeltaTableCommand.$anonfun$handleCommit$1(CreateDeltaTableCommand.scala:461)
	at com.databricks.sql.transaction.tahoe.OptimisticTransaction$.withActive(OptimisticTransaction.scala:300)
	at com.databricks.sql.transaction.tahoe.commands.CreateDeltaTableCommand.handleCommit(CreateDeltaTableCommand.scala:441)
	at com.databricks.sql.transaction.tahoe.commands.CreateDeltaTableCommand.$anonfun$run$9(CreateDeltaTableCommand.scala:344)
	at com.databricks.sql.transaction.tahoe.metering.DeltaLogging.withOperationTypeTag(DeltaLogging.scala:854)
	at com.databricks.sql.transaction.tahoe.metering.DeltaLogging.withOperationTypeTag$(DeltaLogging.scala:841)
	at com.databricks.sql.transaction.tahoe.commands.CreateDeltaTableCommand.withOperationTypeTag(CreateDeltaTableCommand.scala:108)
	at com.databricks.sql.transaction.tahoe.metering.DeltaLogging.$anonfun$recordDeltaOperationInternal$2(DeltaLogging.scala:527)
	at com.databricks.spark.util.FrameProfiler$.$anonfun$record$1(FrameProfiler.scala:114)
	at com.databricks.spark.util.FrameProfilerExporter$.maybeExportFrameProfiler(FrameProfilerExporter.scala:201)
	at com.databricks.spark.util.FrameProfiler$.record(FrameProfiler.scala:105)
	at com.databricks.sql.transaction.tahoe.metering.DeltaLogging.recordFrameProfileWithCallSite(DeltaLogging.scala:969)
	at com.databricks.sql.transaction.tahoe.metering.DeltaLogging.recordFrameProfileWithCallSite$(DeltaLogging.scala:966)
	at com.databricks.sql.transaction.tahoe.commands.CreateDeltaTableCommand.recordFrameProfileWithCallSite(CreateDeltaTableCommand.scala:108)
	at com.databricks.sql.transaction.tahoe.metering.DeltaLogging.$anonfun$recordDeltaOperationInternal$1(DeltaLogging.scala:526)
	at com.databricks.logging.UsageLogging.$anonfun$recordOperation$1(UsageLogging.scala:531)
	at com.databricks.logging.UsageLogging.executeThunkAndCaptureResultTags$1(UsageLogging.scala:669)
	at com.databricks.logging.UsageLogging.$anonfun$recordOperationWithResultTags$6(UsageLogging.scala:696)
	at com.databricks.logging.AttributionContextTracing.$anonfun$withAttributionContext$1(AttributionContextTracing.scala:146)
	at com.databricks.logging.AttributionContext$.$anonfun$withValue$1(AttributionContext.scala:349)
	at scala.util.DynamicVariable.withValue(DynamicVariable.scala:59)
	at com.databricks.logging.AttributionContext$.withValue(AttributionContext.scala:345)
	at com.databricks.logging.AttributionContextTracing.withAttributionContext(AttributionContextTracing.scala:144)
	at com.databricks.logging.AttributionContextTracing.withAttributionContext$(AttributionContextTracing.scala:141)
	at com.databricks.spark.util.PublicDBLogging.withAttributionContext(DatabricksSparkUsageLogger.scala:29)
	at com.databricks.logging.AttributionContextTracing.withAttributionTags(AttributionContextTracing.scala:201)
	at com.databricks.logging.AttributionContextTracing.withAttributionTags$(AttributionContextTracing.scala:182)
	at com.databricks.spark.util.PublicDBLogging.withAttributionTags(DatabricksSparkUsageLogger.scala:29)
	at com.databricks.logging.UsageLogging.$anonfun$recordOperationWithResultTags$5(UsageLogging.scala:664)
	at com.databricks.logging.UsageLogging.withOtelSpanInContext$1(UsageLogging.scala:656)
	at com.databricks.logging.UsageLogging.recordOperationWithResultTags(UsageLogging.scala:659)
	at com.databricks.logging.UsageLogging.recordOperationWithResultTags$(UsageLogging.scala:540)
	at com.databricks.spark.util.PublicDBLogging.recordOperationWithResultTags(DatabricksSparkUsageLogger.scala:29)
	at com.databricks.logging.UsageLogging.recordOperation(UsageLogging.scala:532)
	at com.databricks.logging.UsageLogging.recordOperation$(UsageLogging.scala:496)
	at com.databricks.spark.util.PublicDBLogging.recordOperation(DatabricksSparkUsageLogger.scala:29)
	at com.databricks.spark.util.PublicDBLogging.recordOperation0(DatabricksSparkUsageLogger.scala:104)
	at com.databricks.spark.util.DatabricksSparkUsageLogger.recordOperation(DatabricksSparkUsageLogger.scala:193)
	at com.databricks.spark.util.UsageLogger.recordOperation(UsageLogger.scala:78)
	at com.databricks.spark.util.UsageLogger.recordOperation$(UsageLogger.scala:65)
	at com.databricks.spark.util.DatabricksSparkUsageLogger.recordOperation(DatabricksSparkUsageLogger.scala:152)
	at com.databricks.spark.util.UsageLogging.recordOperation(UsageLogger.scala:537)
	at com.databricks.spark.util.UsageLogging.recordOperation$(UsageLogger.scala:516)
	at com.databricks.sql.transaction.tahoe.commands.CreateDeltaTableCommand.recordOperation(CreateDeltaTableCommand.scala:108)
	at com.databricks.sql.transaction.tahoe.metering.DeltaLogging.recordDeltaOperationInternal(DeltaLogging.scala:525)
	at com.databricks.sql.transaction.tahoe.metering.DeltaLogging.recordDeltaOperation(DeltaLogging.scala:515)
	at com.databricks.sql.transaction.tahoe.metering.DeltaLogging.recordDeltaOperation$(DeltaLogging.scala:504)
	at com.databricks.sql.transaction.tahoe.commands.CreateDeltaTableCommand.recordDeltaOperation(CreateDeltaTableCommand.scala:108)
	at com.databricks.sql.transaction.tahoe.commands.CreateDeltaTableCommand.run(CreateDeltaTableCommand.scala:298)
	at com.databricks.sql.transaction.tahoe.catalog.AbstractDeltaCatalog.$anonfun$createDeltaTable$1(AbstractDeltaCatalog.scala:1033)
	at com.databricks.spark.util.FrameProfiler$.$anonfun$record$1(FrameProfiler.scala:114)
	at com.databricks.spark.util.FrameProfilerExporter$.maybeExportFrameProfiler(FrameProfilerExporter.scala:201)
	at com.databricks.spark.util.FrameProfiler$.record(FrameProfiler.scala:105)
	at com.databricks.sql.transaction.tahoe.metering.DeltaLogging.recordFrameProfileWithCallSite(DeltaLogging.scala:969)
	at com.databricks.sql.transaction.tahoe.metering.DeltaLogging.recordFrameProfileWithCallSite$(DeltaLogging.scala:966)
	at com.databricks.sql.transaction.tahoe.catalog.AbstractDeltaCatalog.recordFrameProfileWithCallSite(AbstractDeltaCatalog.scala:202)
	at com.databricks.sql.transaction.tahoe.catalog.AbstractDeltaCatalog.com$databricks$sql$transaction$tahoe$catalog$AbstractDeltaCatalog$$createDeltaTable(AbstractDeltaCatalog.scala:433)
	at com.databricks.sql.transaction.tahoe.catalog.AbstractDeltaCatalog$StagedDeltaTableV2.$anonfun$commitStagedChanges$1(AbstractDeltaCatalog.scala:2511)
	at com.databricks.spark.util.FrameProfiler$.$anonfun$record$1(FrameProfiler.scala:114)
	at com.databricks.spark.util.FrameProfilerExporter$.maybeExportFrameProfiler(FrameProfilerExporter.scala:201)
	at com.databricks.spark.util.FrameProfiler$.record(FrameProfiler.scala:105)
	at com.databricks.sql.transaction.tahoe.metering.DeltaLogging.recordFrameProfileWithCallSite(DeltaLogging.scala:969)
	at com.databricks.sql.transaction.tahoe.metering.DeltaLogging.recordFrameProfileWithCallSite$(DeltaLogging.scala:966)
	at com.databricks.sql.transaction.tahoe.catalog.AbstractDeltaCatalog.recordFrameProfileWithCallSite(AbstractDeltaCatalog.scala:202)
	at com.databricks.sql.transaction.tahoe.catalog.AbstractDeltaCatalog$StagedDeltaTableV2.commitStagedChanges(AbstractDeltaCatalog.scala:2485)
	at org.apache.spark.sql.execution.datasources.v2.DataSourceV2Utils$.commitStagedChanges(DataSourceV2Utils.scala:325)
	at org.apache.spark.sql.execution.datasources.v2.V2CreateTableAsSelectBaseExec.$anonfun$writeToTable$6(WriteToDataSourceV2Exec.scala:1046)
	at scala.runtime.java8.JFunction0$mcV$sp.apply(JFunction0$mcV$sp.scala:18)
	at org.apache.spark.sql.execution.datasources.v2.WriteToDataSourceV2Exec$.handleConcurrentCreateExceptions(WriteToDataSourceV2Exec.scala:79)
	at org.apache.spark.sql.execution.datasources.v2.V2CreateTableAsSelectBaseExec.$anonfun$writeToTable$2(WriteToDataSourceV2Exec.scala:1046)
	at org.apache.spark.util.Utils$.tryWithSafeFinallyAndFailureCallbacks(Utils.scala:1726)
	at org.apache.spark.sql.execution.datasources.v2.V2CreateTableAsSelectBaseExec.$anonfun$writeToTable$1(WriteToDataSourceV2Exec.scala:1026)
	at com.databricks.spark.util.FrameProfiler$.$anonfun$record$1(FrameProfiler.scala:114)
	at com.databricks.spark.util.FrameProfilerExporter$.maybeExportFrameProfiler(FrameProfilerExporter.scala:201)
	at com.databricks.spark.util.FrameProfiler$.record(FrameProfiler.scala:105)
	at org.apache.spark.sql.execution.datasources.v2.V2CreateTableAsSelectBaseExec.writeToTable(WriteToDataSourceV2Exec.scala:1050)
	at org.apache.spark.sql.execution.datasources.v2.V2CreateTableAsSelectBaseExec.writeToTable$(WriteToDataSourceV2Exec.scala:1012)
	at org.apache.spark.sql.execution.datasources.v2.AtomicReplaceTableAsSelectExec.writeToTable(WriteToDataSourceV2Exec.scala:287)
	at org.apache.spark.sql.execution.datasources.v2.AtomicReplaceTableAsSelectExec.run(WriteToDataSourceV2Exec.scala:372)
	at org.apache.spark.sql.execution.datasources.v2.V2CommandExec.$anonfun$result$2(V2CommandExec.scala:48)
	at org.apache.spark.sql.execution.SparkPlan.runCommandInAetherOrSpark(SparkPlan.scala:202)
	at org.apache.spark.sql.execution.datasources.v2.V2CommandExec.$anonfun$result$1(V2CommandExec.scala:48)
	at com.databricks.spark.util.FrameProfiler$.$anonfun$record$1(FrameProfiler.scala:114)
	at com.databricks.spark.util.FrameProfilerExporter$.maybeExportFrameProfiler(FrameProfilerExporter.scala:201)
	at com.databricks.spark.util.FrameProfiler$.record(FrameProfiler.scala:105)
	at org.apache.spark.sql.execution.datasources.v2.V2CommandExec.result$lzycompute(V2CommandExec.scala:47)
	at org.apache.spark.sql.execution.datasources.v2.V2CommandExec.result(V2CommandExec.scala:45)
	at org.apache.spark.sql.execution.datasources.v2.V2CommandExec.executeCollect(V2CommandExec.scala:56)
	at org.apache.spark.sql.execution.QueryExecution$.$anonfun$runCommand$12(QueryExecution.scala:1968)
	at com.databricks.util.LexicalThreadLocal$Handle.runWith(LexicalThreadLocal.scala:63)
	at org.apache.spark.sql.execution.QueryExecution$.$anonfun$runCommand$11(QueryExecution.scala:1962)
	at com.databricks.util.LexicalThreadLocal$Handle.runWith(LexicalThreadLocal.scala:63)
	at org.apache.spark.sql.execution.QueryExecution$.executeWithCaches$1(QueryExecution.scala:1962)
	at org.apache.spark.sql.execution.QueryExecution$.$anonfun$runCommand$10(QueryExecution.scala:1968)
	at org.apache.spark.sql.catalyst.QueryPlanningTracker$.withTracker(QueryPlanningTracker.scala:274)
	at org.apache.spark.sql.execution.QueryExecution$.$anonfun$runCommand$9(QueryExecution.scala:1955)
	at org.apache.spark.sql.execution.SQLExecution$.$anonfun$withNewExecutionId0$24(SQLExecution.scala:1120)
	at com.databricks.sql.util.MemoryTrackerHelper.withMemoryTracking(MemoryTrackerHelper.scala:111)
	at org.apache.spark.sql.execution.SQLExecution$.$anonfun$withNewExecutionId0$21(SQLExecution.scala:1040)
	at com.databricks.unity.UCSManager$.withTemporaryScope(UCSManager.scala:168)
	at org.apache.spark.sql.execution.SQLExecution$.$anonfun$withNewExecutionId0$20(SQLExecution.scala:936)
	at org.apache.spark.sql.execution.SQLExecution$.withSessionTagsApplied(SQLExecution.scala:1580)
	at org.apache.spark.sql.execution.SQLExecution$.$anonfun$withNewExecutionId0$19(SQLExecution.scala:925)
	at org.apache.spark.JobArtifactSet$.withActiveJobArtifactState(JobArtifactSet.scala:97)
	at org.apache.spark.sql.artifact.ArtifactManager.$anonfun$withResources$1(ArtifactManager.scala:124)
	at org.apache.spark.sql.artifact.ArtifactManager.withClassLoaderIfNeeded(ArtifactManager.scala:118)
	at org.apache.spark.sql.artifact.ArtifactManager.withResources(ArtifactManager.scala:123)
	at org.apache.spark.sql.execution.SQLExecution$.$anonfun$withNewExecutionId0$18(SQLExecution.scala:925)
	at org.apache.spark.sql.execution.SQLExecution$.withSQLConfPropagated(SQLExecution.scala:1615)
	at org.apache.spark.sql.execution.SQLExecution$.$anonfun$withNewExecutionId0$1(SQLExecution.scala:924)
	at org.apache.spark.sql.SparkSession.withActive(SparkSession.scala:866)
	at org.apache.spark.sql.execution.SQLExecution$.withNewExecutionId0(SQLExecution.scala:657)
	at org.apache.spark.sql.execution.SQLExecution$.withNewExecutionId(SQLExecution.scala:1533)
	at org.apache.spark.sql.execution.QueryExecution$.$anonfun$runCommand$8(QueryExecution.scala:1955)
	at org.apache.spark.sql.execution.QueryExecution$.withInternalError(QueryExecution.scala:1822)
	at org.apache.spark.sql.execution.QueryExecution$.$anonfun$runCommand$7(QueryExecution.scala:1951)
	at org.apache.spark.sql.execution.QueryExecution.withMVTagsIfNecessary(QueryExecution.scala:710)
	at org.apache.spark.sql.execution.QueryExecution$.$anonfun$runCommand$4(QueryExecution.scala:1936)
	at scala.Option.map(Option.scala:242)
	at org.apache.spark.sql.execution.QueryExecution$.executeWithMVTags$1(QueryExecution.scala:1936)
	at org.apache.spark.sql.execution.QueryExecution$.runCommand(QueryExecution.scala:1949)
	at org.apache.spark.sql.execution.QueryExecution.org$apache$spark$sql$execution$QueryExecution$$eagerlyExecute$1(QueryExecution.scala:747)
	at org.apache.spark.sql.execution.QueryExecution$$anonfun$$nestedInanonfun$eagerlyExecuteCommands$1$1.applyOrElse(QueryExecution.scala:764)
	at org.apache.spark.sql.execution.QueryExecution$$anonfun$$nestedInanonfun$eagerlyExecuteCommands$1$1.applyOrElse(QueryExecution.scala:756)
	at org.apache.spark.sql.catalyst.trees.TreeNode.$anonfun$transformDownWithPruning$1(TreeNode.scala:610)
	at org.apache.spark.sql.catalyst.trees.CurrentOrigin$.withOrigin(origin.scala:142)
	at org.apache.spark.sql.catalyst.trees.TreeNode.transformDownWithPruning(TreeNode.scala:610)
	at org.apache.spark.sql.catalyst.plans.logical.LogicalPlan.org$apache$spark$sql$catalyst$plans$logical$AnalysisHelper$$super$transformDownWithPruning(LogicalPlan.scala:48)
	at org.apache.spark.sql.catalyst.plans.logical.AnalysisHelper.transformDownWithPruning(AnalysisHelper.scala:361)
	at org.apache.spark.sql.catalyst.plans.logical.AnalysisHelper.transformDownWithPruning$(AnalysisHelper.scala:357)
	at org.apache.spark.sql.catalyst.plans.logical.LogicalPlan.transformDownWithPruning(LogicalPlan.scala:48)
	at org.apache.spark.sql.catalyst.plans.logical.LogicalPlan.transformDownWithPruning(LogicalPlan.scala:48)
	at org.apache.spark.sql.catalyst.trees.TreeNode.transformDown(TreeNode.scala:586)
	at org.apache.spark.sql.execution.QueryExecution.$anonfun$eagerlyExecuteCommands$1(QueryExecution.scala:756)
	at org.apache.spark.sql.catalyst.plans.logical.AnalysisHelper$.allowInvokingTransformsInAnalyzer(AnalysisHelper.scala:418)
	at org.apache.spark.sql.execution.QueryExecution.eagerlyExecuteCommands(QueryExecution.scala:756)
	at org.apache.spark.sql.execution.QueryExecution.$anonfun$lazyCommandExecuted$1(QueryExecution.scala:666)
	at scala.util.Try$.apply(Try.scala:217)
	at org.apache.spark.util.Utils$.doTryWithCallerStacktrace(Utils.scala:1796)
	at org.apache.spark.util.LazyTry.tryT$lzycompute(LazyTry.scala:60)
	at org.apache.spark.util.LazyTry.tryT(LazyTry.scala:59)
	at org.apache.spark.util.LazyTry.get(LazyTry.scala:78)
	at org.apache.spark.sql.execution.QueryExecution.commandExecuted(QueryExecution.scala:671)
	at org.apache.spark.sql.execution.QueryExecution.assertCommandExecuted(QueryExecution.scala:804)
	at org.apache.spark.sql.classic.DataFrameWriter.runCommand(DataFrameWriter.scala:887)
	at org.apache.spark.sql.classic.DataFrameWriter.saveAsTable(DataFrameWriter.scala:732)
	at org.apache.spark.sql.classic.DataFrameWriter.saveAsTable(DataFrameWriter.scala:630)
	at org.apache.spark.sql.connect.planner.SparkConnectPlanner.handleWriteOperation(SparkConnectPlanner.scala:4603)
	at org.apache.spark.sql.connect.planner.SparkConnectPlanner.process(SparkConnectPlanner.scala:3782)
	at org.apache.spark.sql.connect.execution.ExecuteThreadRunner.handleCommand(ExecuteThreadRunner.scala:516)
	at org.apache.spark.sql.connect.execution.ExecuteThreadRunner.$anonfun$executeInternal$1(ExecuteThreadRunner.scala:406)
	at org.apache.spark.sql.connect.execution.ExecuteThreadRunner.$anonfun$executeInternal$1$adapted(ExecuteThreadRunner.scala:329)
	at org.apache.spark.sql.connect.service.SessionHolder.$anonfun$withSession$2(SessionHolder.scala:844)
	at org.apache.spark.sql.SparkSession.withActive(SparkSession.scala:866)
	at org.apache.spark.sql.connect.service.SessionHolder.$anonfun$withSession$1(SessionHolder.scala:844)
	at org.apache.spark.JobArtifactSet$.withActiveJobArtifactState(JobArtifactSet.scala:97)
	at org.apache.spark.sql.artifact.ArtifactManager.$anonfun$withResources$1(ArtifactManager.scala:124)
	at org.apache.spark.sql.artifact.ArtifactManager.withClassLoaderIfNeeded(ArtifactManager.scala:118)
	at org.apache.spark.sql.artifact.ArtifactManager.withResources(ArtifactManager.scala:123)
	at org.apache.spark.sql.connect.service.SessionHolder.withSession(SessionHolder.scala:843)
	at org.apache.spark.sql.connect.execution.ExecuteThreadRunner.executeInternal(ExecuteThreadRunner.scala:329)
	at org.apache.spark.sql.connect.execution.ExecuteThreadRunner.$anonfun$execute$1(ExecuteThreadRunner.scala:194)
	at scala.runtime.java8.JFunction0$mcV$sp.apply(JFunction0$mcV$sp.scala:18)
	at com.databricks.spark.connect.service.UtilizationMetrics.recordActiveQueries(UtilizationMetrics.scala:92)
	at com.databricks.spark.connect.service.UtilizationMetrics.recordActiveQueries$(UtilizationMetrics.scala:89)
	at org.apache.spark.sql.connect.execution.ExecuteThreadRunner.recordActiveQueries(ExecuteThreadRunner.scala:55)
	at org.apache.spark.sql.connect.execution.ExecuteThreadRunner.org$apache$spark$sql$connect$execution$ExecuteThreadRunner$$execute(ExecuteThreadRunner.scala:186)
	at org.apache.spark.sql.connect.execution.ExecuteThreadRunner$ExecutionThread.$anonfun$run$3(ExecuteThreadRunner.scala:587)
	at scala.runtime.java8.JFunction0$mcV$sp.apply(JFunction0$mcV$sp.scala:18)
	at com.databricks.spark.util.DBRTracing$.withSpanFromParent(DBRTracing.scala:70)
	at org.apache.spark.sql.connect.execution.ExecuteThreadRunner$ExecutionThread.$anonfun$run$2(ExecuteThreadRunner.scala:587)
	at scala.runtime.java8.JFunction0$mcV$sp.apply(JFunction0$mcV$sp.scala:18)
	at com.databricks.unity.UCSEphemeralState$Handle.runWith(UCSEphemeralState.scala:51)
	at com.databricks.unity.HandleImpl.runWith(UCSHandle.scala:128)
	at com.databricks.unity.HandleImpl.$anonfun$runWithAndClose$1(UCSHandle.scala:133)
	at scala.util.Using$.resource(Using.scala:296)
	at com.databricks.unity.HandleImpl.runWithAndClose(UCSHandle.scala:132)
	at org.apache.spark.sql.connect.execution.ExecuteThreadRunner$ExecutionThread.run(ExecuteThreadRunner.scala:586)
2026-07-17 21:06:47,680 | INFO | periode = 202501, type = <class 'int'>
2026-07-17 21:06:47,681 | INFO | periode = 202501
2026-07-17 21:06:47,682 | INFO | table_name = silver_nyc_taxi
2026-07-17 21:06:47,682 | INFO | taxi_type = yellow
2026-07-17 21:09:13,867 | INFO | periode = 202501, type = <class 'int'>
2026-07-17 21:09:13,868 | INFO | periode = 202501
2026-07-17 21:09:13,869 | INFO | table_name = silver_nyc_taxi
2026-07-17 21:09:13,870 | INFO | taxi_type = yellow
2026-07-17 21:09:15,070 | INFO | ******************************************************* Starting UberBronze *******************************************************
2026-07-17 21:09:15,071 | INFO | Extracting yellow_tripdata_2025-01.parquet from /Volumes/nyc_taxi/bronze/raw_files/yellow/2025/yellow_tripdata_2025-01.parquet
2026-07-17 21:09:16,176 | INFO | ======================================================= Bronze rows : 3475226 ======================================================= 
2026-07-17 21:09:16,177 | INFO | run completed in 1.11s
2026-07-17 21:09:16,177 | INFO | ******************************************************* Finished UberBronze *******************************************************
2026-07-17 21:09:16,178 | INFO | ========================================================================================================================
2026-07-17 21:09:16,178 | INFO | ******************************************************* Starting UberSilver *******************************************************
2026-07-17 21:09:16,604 | INFO | add_trip_duration completed in 0.04s
2026-07-17 21:09:16,605 | INFO | add_date_key completed in 0.0s
2026-07-17 21:09:16,606 | INFO | add_tip_percent completed in 0.0s
2026-07-17 21:09:16,607 | INFO | add_average_speed completed in 0.0s
2026-07-17 21:09:16,608 | INFO | add_date_features completed in 0.0s
2026-07-17 21:09:16,608 | INFO | cast_column_to_timestamp completed in 0.0s
2026-07-17 21:09:16,609 | INFO | apply_quality_rules completed in 0.0s
2026-07-17 21:09:17,811 | INFO | Silver rows : 3475226 -> 3323486
2026-07-17 21:09:19,014 | INFO | run completed in 2.84s
2026-07-17 21:09:19,015 | INFO | ******************************************************* Finished UberSilver *******************************************************
2026-07-17 21:09:19,016 | INFO | ========================================================================================================================
2026-07-17 21:09:19,017 | INFO | ******************************************************* Starting UberGold *******************************************************
2026-07-17 21:09:19,018 | INFO | get_fact_trips completed in 0.0s
2026-07-17 21:09:19,020 | INFO | get_dim_date completed in 0.0s
2026-07-17 21:09:19,022 | INFO | get_kpi_daily completed in 0.0s
2026-07-17 21:09:24,810 | INFO | ============ Chargement des données dans Delta ============ 
2026-07-17 21:09:24,810 | INFO | ============ DEBUT DEBUG ============ 
2026-07-17 21:09:25,371 | INFO | ============ FIN DEBUG ============ 
2026-07-17 21:09:26,351 | INFO | ============ Suppression d'une période ============ 
2026-07-17 21:09:26,352 | INFO | ========================================================================================================================
2026-07-17 21:09:26,353 | INFO | Period 202501 deleted from silver_nyc_taxi
2026-07-17 21:09:27,264 | ERROR | [DELTA_FAILED_TO_MERGE_FIELDS] Failed to merge fields 'trip_distance' and 'trip_distance'.

JVM stacktrace:
com.databricks.sql.transaction.tahoe.DeltaAnalysisException
	at com.databricks.sql.transaction.tahoe.schema.SchemaMergingUtils$.$anonfun$mergeDataTypes$1(SchemaMergingUtils.scala:232)
	at scala.collection.ArrayOps$.map$extension(ArrayOps.scala:936)
	at com.databricks.sql.transaction.tahoe.schema.SchemaMergingUtils$.merge$1(SchemaMergingUtils.scala:218)
	at com.databricks.sql.transaction.tahoe.schema.SchemaMergingUtils$.mergeDataTypes(SchemaMergingUtils.scala:336)
	at com.databricks.sql.transaction.tahoe.schema.SchemaMergingUtils$.mergeSchemas(SchemaMergingUtils.scala:180)
	at com.databricks.sql.transaction.tahoe.schema.ImplicitMetadataOperation$.mergeSchema(ImplicitMetadataOperation.scala:367)
	at com.databricks.sql.transaction.tahoe.schema.ImplicitMetadataOperation.updateMetadata(ImplicitMetadataOperation.scala:113)
	at com.databricks.sql.transaction.tahoe.schema.ImplicitMetadataOperation.updateMetadata$(ImplicitMetadataOperation.scala:92)
	at com.databricks.sql.transaction.tahoe.commands.WriteIntoDeltaEdge.updateMetadata(WriteIntoDeltaEdge.scala:137)
	at com.databricks.sql.transaction.tahoe.commands.WriteIntoDeltaEdge.writeAndReturnCommitDataAndMaterializationPlans(WriteIntoDeltaEdge.scala:548)
	at com.databricks.sql.transaction.tahoe.commands.WriteIntoDeltaEdge.writeAndReturnCommitData(WriteIntoDeltaEdge.scala:369)
	at com.databricks.sql.transaction.tahoe.commands.CreateDeltaTableCommand.doDeltaWrite$1(CreateDeltaTableCommand.scala:751)
	at com.databricks.sql.transaction.tahoe.commands.CreateDeltaTableCommand.handleCreateTableAsSelect(CreateDeltaTableCommand.scala:899)
	at com.databricks.sql.transaction.tahoe.commands.CreateDeltaTableCommand.$anonfun$handleCommit$1(CreateDeltaTableCommand.scala:461)
	at com.databricks.sql.transaction.tahoe.OptimisticTransaction$.withActive(OptimisticTransaction.scala:300)
	at com.databricks.sql.transaction.tahoe.commands.CreateDeltaTableCommand.handleCommit(CreateDeltaTableCommand.scala:441)
	at com.databricks.sql.transaction.tahoe.commands.CreateDeltaTableCommand.$anonfun$run$9(CreateDeltaTableCommand.scala:344)
	at com.databricks.sql.transaction.tahoe.metering.DeltaLogging.withOperationTypeTag(DeltaLogging.scala:854)
	at com.databricks.sql.transaction.tahoe.metering.DeltaLogging.withOperationTypeTag$(DeltaLogging.scala:841)
	at com.databricks.sql.transaction.tahoe.commands.CreateDeltaTableCommand.withOperationTypeTag(CreateDeltaTableCommand.scala:108)
	at com.databricks.sql.transaction.tahoe.metering.DeltaLogging.$anonfun$recordDeltaOperationInternal$2(DeltaLogging.scala:527)
	at com.databricks.spark.util.FrameProfiler$.$anonfun$record$1(FrameProfiler.scala:114)
	at com.databricks.spark.util.FrameProfilerExporter$.maybeExportFrameProfiler(FrameProfilerExporter.scala:201)
	at com.databricks.spark.util.FrameProfiler$.record(FrameProfiler.scala:105)
	at com.databricks.sql.transaction.tahoe.metering.DeltaLogging.recordFrameProfileWithCallSite(DeltaLogging.scala:969)
	at com.databricks.sql.transaction.tahoe.metering.DeltaLogging.recordFrameProfileWithCallSite$(DeltaLogging.scala:966)
	at com.databricks.sql.transaction.tahoe.commands.CreateDeltaTableCommand.recordFrameProfileWithCallSite(CreateDeltaTableCommand.scala:108)
	at com.databricks.sql.transaction.tahoe.metering.DeltaLogging.$anonfun$recordDeltaOperationInternal$1(DeltaLogging.scala:526)
	at com.databricks.logging.UsageLogging.$anonfun$recordOperation$1(UsageLogging.scala:531)
	at com.databricks.logging.UsageLogging.executeThunkAndCaptureResultTags$1(UsageLogging.scala:669)
	at com.databricks.logging.UsageLogging.$anonfun$recordOperationWithResultTags$6(UsageLogging.scala:696)
	at com.databricks.logging.AttributionContextTracing.$anonfun$withAttributionContext$1(AttributionContextTracing.scala:146)
	at com.databricks.logging.AttributionContext$.$anonfun$withValue$1(AttributionContext.scala:349)
	at scala.util.DynamicVariable.withValue(DynamicVariable.scala:59)
	at com.databricks.logging.AttributionContext$.withValue(AttributionContext.scala:345)
	at com.databricks.logging.AttributionContextTracing.withAttributionContext(AttributionContextTracing.scala:144)
	at com.databricks.logging.AttributionContextTracing.withAttributionContext$(AttributionContextTracing.scala:141)
	at com.databricks.spark.util.PublicDBLogging.withAttributionContext(DatabricksSparkUsageLogger.scala:29)
	at com.databricks.logging.AttributionContextTracing.withAttributionTags(AttributionContextTracing.scala:201)
	at com.databricks.logging.AttributionContextTracing.withAttributionTags$(AttributionContextTracing.scala:182)
	at com.databricks.spark.util.PublicDBLogging.withAttributionTags(DatabricksSparkUsageLogger.scala:29)
	at com.databricks.logging.UsageLogging.$anonfun$recordOperationWithResultTags$5(UsageLogging.scala:664)
	at com.databricks.logging.UsageLogging.withOtelSpanInContext$1(UsageLogging.scala:656)
	at com.databricks.logging.UsageLogging.recordOperationWithResultTags(UsageLogging.scala:659)
	at com.databricks.logging.UsageLogging.recordOperationWithResultTags$(UsageLogging.scala:540)
	at com.databricks.spark.util.PublicDBLogging.recordOperationWithResultTags(DatabricksSparkUsageLogger.scala:29)
	at com.databricks.logging.UsageLogging.recordOperation(UsageLogging.scala:532)
	at com.databricks.logging.UsageLogging.recordOperation$(UsageLogging.scala:496)
	at com.databricks.spark.util.PublicDBLogging.recordOperation(DatabricksSparkUsageLogger.scala:29)
	at com.databricks.spark.util.PublicDBLogging.recordOperation0(DatabricksSparkUsageLogger.scala:104)
	at com.databricks.spark.util.DatabricksSparkUsageLogger.recordOperation(DatabricksSparkUsageLogger.scala:193)
	at com.databricks.spark.util.UsageLogger.recordOperation(UsageLogger.scala:78)
	at com.databricks.spark.util.UsageLogger.recordOperation$(UsageLogger.scala:65)
	at com.databricks.spark.util.DatabricksSparkUsageLogger.recordOperation(DatabricksSparkUsageLogger.scala:152)
	at com.databricks.spark.util.UsageLogging.recordOperation(UsageLogger.scala:537)
	at com.databricks.spark.util.UsageLogging.recordOperation$(UsageLogger.scala:516)
	at com.databricks.sql.transaction.tahoe.commands.CreateDeltaTableCommand.recordOperation(CreateDeltaTableCommand.scala:108)
	at com.databricks.sql.transaction.tahoe.metering.DeltaLogging.recordDeltaOperationInternal(DeltaLogging.scala:525)
	at com.databricks.sql.transaction.tahoe.metering.DeltaLogging.recordDeltaOperation(DeltaLogging.scala:515)
	at com.databricks.sql.transaction.tahoe.metering.DeltaLogging.recordDeltaOperation$(DeltaLogging.scala:504)
	at com.databricks.sql.transaction.tahoe.commands.CreateDeltaTableCommand.recordDeltaOperation(CreateDeltaTableCommand.scala:108)
	at com.databricks.sql.transaction.tahoe.commands.CreateDeltaTableCommand.run(CreateDeltaTableCommand.scala:298)
	at com.databricks.sql.transaction.tahoe.catalog.AbstractDeltaCatalog.$anonfun$createDeltaTable$1(AbstractDeltaCatalog.scala:1033)
	at com.databricks.spark.util.FrameProfiler$.$anonfun$record$1(FrameProfiler.scala:114)
	at com.databricks.spark.util.FrameProfilerExporter$.maybeExportFrameProfiler(FrameProfilerExporter.scala:201)
	at com.databricks.spark.util.FrameProfiler$.record(FrameProfiler.scala:105)
	at com.databricks.sql.transaction.tahoe.metering.DeltaLogging.recordFrameProfileWithCallSite(DeltaLogging.scala:969)
	at com.databricks.sql.transaction.tahoe.metering.DeltaLogging.recordFrameProfileWithCallSite$(DeltaLogging.scala:966)
	at com.databricks.sql.transaction.tahoe.catalog.AbstractDeltaCatalog.recordFrameProfileWithCallSite(AbstractDeltaCatalog.scala:202)
	at com.databricks.sql.transaction.tahoe.catalog.AbstractDeltaCatalog.com$databricks$sql$transaction$tahoe$catalog$AbstractDeltaCatalog$$createDeltaTable(AbstractDeltaCatalog.scala:433)
	at com.databricks.sql.transaction.tahoe.catalog.AbstractDeltaCatalog$StagedDeltaTableV2.$anonfun$commitStagedChanges$1(AbstractDeltaCatalog.scala:2511)
	at com.databricks.spark.util.FrameProfiler$.$anonfun$record$1(FrameProfiler.scala:114)
	at com.databricks.spark.util.FrameProfilerExporter$.maybeExportFrameProfiler(FrameProfilerExporter.scala:201)
	at com.databricks.spark.util.FrameProfiler$.record(FrameProfiler.scala:105)
	at com.databricks.sql.transaction.tahoe.metering.DeltaLogging.recordFrameProfileWithCallSite(DeltaLogging.scala:969)
	at com.databricks.sql.transaction.tahoe.metering.DeltaLogging.recordFrameProfileWithCallSite$(DeltaLogging.scala:966)
	at com.databricks.sql.transaction.tahoe.catalog.AbstractDeltaCatalog.recordFrameProfileWithCallSite(AbstractDeltaCatalog.scala:202)
	at com.databricks.sql.transaction.tahoe.catalog.AbstractDeltaCatalog$StagedDeltaTableV2.commitStagedChanges(AbstractDeltaCatalog.scala:2485)
	at org.apache.spark.sql.execution.datasources.v2.DataSourceV2Utils$.commitStagedChanges(DataSourceV2Utils.scala:325)
	at org.apache.spark.sql.execution.datasources.v2.V2CreateTableAsSelectBaseExec.$anonfun$writeToTable$6(WriteToDataSourceV2Exec.scala:1046)
	at scala.runtime.java8.JFunction0$mcV$sp.apply(JFunction0$mcV$sp.scala:18)
	at org.apache.spark.sql.execution.datasources.v2.WriteToDataSourceV2Exec$.handleConcurrentCreateExceptions(WriteToDataSourceV2Exec.scala:79)
	at org.apache.spark.sql.execution.datasources.v2.V2CreateTableAsSelectBaseExec.$anonfun$writeToTable$2(WriteToDataSourceV2Exec.scala:1046)
	at org.apache.spark.util.Utils$.tryWithSafeFinallyAndFailureCallbacks(Utils.scala:1726)
	at org.apache.spark.sql.execution.datasources.v2.V2CreateTableAsSelectBaseExec.$anonfun$writeToTable$1(WriteToDataSourceV2Exec.scala:1026)
	at com.databricks.spark.util.FrameProfiler$.$anonfun$record$1(FrameProfiler.scala:114)
	at com.databricks.spark.util.FrameProfilerExporter$.maybeExportFrameProfiler(FrameProfilerExporter.scala:201)
	at com.databricks.spark.util.FrameProfiler$.record(FrameProfiler.scala:105)
	at org.apache.spark.sql.execution.datasources.v2.V2CreateTableAsSelectBaseExec.writeToTable(WriteToDataSourceV2Exec.scala:1050)
	at org.apache.spark.sql.execution.datasources.v2.V2CreateTableAsSelectBaseExec.writeToTable$(WriteToDataSourceV2Exec.scala:1012)
	at org.apache.spark.sql.execution.datasources.v2.AtomicReplaceTableAsSelectExec.writeToTable(WriteToDataSourceV2Exec.scala:287)
	at org.apache.spark.sql.execution.datasources.v2.AtomicReplaceTableAsSelectExec.run(WriteToDataSourceV2Exec.scala:372)
	at org.apache.spark.sql.execution.datasources.v2.V2CommandExec.$anonfun$result$2(V2CommandExec.scala:48)
	at org.apache.spark.sql.execution.SparkPlan.runCommandInAetherOrSpark(SparkPlan.scala:202)
	at org.apache.spark.sql.execution.datasources.v2.V2CommandExec.$anonfun$result$1(V2CommandExec.scala:48)
	at com.databricks.spark.util.FrameProfiler$.$anonfun$record$1(FrameProfiler.scala:114)
	at com.databricks.spark.util.FrameProfilerExporter$.maybeExportFrameProfiler(FrameProfilerExporter.scala:201)
	at com.databricks.spark.util.FrameProfiler$.record(FrameProfiler.scala:105)
	at org.apache.spark.sql.execution.datasources.v2.V2CommandExec.result$lzycompute(V2CommandExec.scala:47)
	at org.apache.spark.sql.execution.datasources.v2.V2CommandExec.result(V2CommandExec.scala:45)
	at org.apache.spark.sql.execution.datasources.v2.V2CommandExec.executeCollect(V2CommandExec.scala:56)
	at org.apache.spark.sql.execution.QueryExecution$.$anonfun$runCommand$12(QueryExecution.scala:1968)
	at com.databricks.util.LexicalThreadLocal$Handle.runWith(LexicalThreadLocal.scala:63)
	at org.apache.spark.sql.execution.QueryExecution$.$anonfun$runCommand$11(QueryExecution.scala:1962)
	at com.databricks.util.LexicalThreadLocal$Handle.runWith(LexicalThreadLocal.scala:63)
	at org.apache.spark.sql.execution.QueryExecution$.executeWithCaches$1(QueryExecution.scala:1962)
	at org.apache.spark.sql.execution.QueryExecution$.$anonfun$runCommand$10(QueryExecution.scala:1968)
	at org.apache.spark.sql.catalyst.QueryPlanningTracker$.withTracker(QueryPlanningTracker.scala:274)
	at org.apache.spark.sql.execution.QueryExecution$.$anonfun$runCommand$9(QueryExecution.scala:1955)
	at org.apache.spark.sql.execution.SQLExecution$.$anonfun$withNewExecutionId0$24(SQLExecution.scala:1120)
	at com.databricks.sql.util.MemoryTrackerHelper.withMemoryTracking(MemoryTrackerHelper.scala:111)
	at org.apache.spark.sql.execution.SQLExecution$.$anonfun$withNewExecutionId0$21(SQLExecution.scala:1040)
	at com.databricks.unity.UCSManager$.withTemporaryScope(UCSManager.scala:168)
	at org.apache.spark.sql.execution.SQLExecution$.$anonfun$withNewExecutionId0$20(SQLExecution.scala:936)
	at org.apache.spark.sql.execution.SQLExecution$.withSessionTagsApplied(SQLExecution.scala:1580)
	at org.apache.spark.sql.execution.SQLExecution$.$anonfun$withNewExecutionId0$19(SQLExecution.scala:925)
	at org.apache.spark.JobArtifactSet$.withActiveJobArtifactState(JobArtifactSet.scala:97)
	at org.apache.spark.sql.artifact.ArtifactManager.$anonfun$withResources$1(ArtifactManager.scala:124)
	at org.apache.spark.sql.artifact.ArtifactManager.withClassLoaderIfNeeded(ArtifactManager.scala:118)
	at org.apache.spark.sql.artifact.ArtifactManager.withResources(ArtifactManager.scala:123)
	at org.apache.spark.sql.execution.SQLExecution$.$anonfun$withNewExecutionId0$18(SQLExecution.scala:925)
	at org.apache.spark.sql.execution.SQLExecution$.withSQLConfPropagated(SQLExecution.scala:1615)
	at org.apache.spark.sql.execution.SQLExecution$.$anonfun$withNewExecutionId0$1(SQLExecution.scala:924)
	at org.apache.spark.sql.SparkSession.withActive(SparkSession.scala:866)
	at org.apache.spark.sql.execution.SQLExecution$.withNewExecutionId0(SQLExecution.scala:657)
	at org.apache.spark.sql.execution.SQLExecution$.withNewExecutionId(SQLExecution.scala:1533)
	at org.apache.spark.sql.execution.QueryExecution$.$anonfun$runCommand$8(QueryExecution.scala:1955)
	at org.apache.spark.sql.execution.QueryExecution$.withInternalError(QueryExecution.scala:1822)
	at org.apache.spark.sql.execution.QueryExecution$.$anonfun$runCommand$7(QueryExecution.scala:1951)
	at org.apache.spark.sql.execution.QueryExecution.withMVTagsIfNecessary(QueryExecution.scala:710)
	at org.apache.spark.sql.execution.QueryExecution$.$anonfun$runCommand$4(QueryExecution.scala:1936)
	at scala.Option.map(Option.scala:242)
	at org.apache.spark.sql.execution.QueryExecution$.executeWithMVTags$1(QueryExecution.scala:1936)
	at org.apache.spark.sql.execution.QueryExecution$.runCommand(QueryExecution.scala:1949)
	at org.apache.spark.sql.execution.QueryExecution.org$apache$spark$sql$execution$QueryExecution$$eagerlyExecute$1(QueryExecution.scala:747)
	at org.apache.spark.sql.execution.QueryExecution$$anonfun$$nestedInanonfun$eagerlyExecuteCommands$1$1.applyOrElse(QueryExecution.scala:764)
	at org.apache.spark.sql.execution.QueryExecution$$anonfun$$nestedInanonfun$eagerlyExecuteCommands$1$1.applyOrElse(QueryExecution.scala:756)
	at org.apache.spark.sql.catalyst.trees.TreeNode.$anonfun$transformDownWithPruning$1(TreeNode.scala:610)
	at org.apache.spark.sql.catalyst.trees.CurrentOrigin$.withOrigin(origin.scala:142)
	at org.apache.spark.sql.catalyst.trees.TreeNode.transformDownWithPruning(TreeNode.scala:610)
	at org.apache.spark.sql.catalyst.plans.logical.LogicalPlan.org$apache$spark$sql$catalyst$plans$logical$AnalysisHelper$$super$transformDownWithPruning(LogicalPlan.scala:48)
	at org.apache.spark.sql.catalyst.plans.logical.AnalysisHelper.transformDownWithPruning(AnalysisHelper.scala:361)
	at org.apache.spark.sql.catalyst.plans.logical.AnalysisHelper.transformDownWithPruning$(AnalysisHelper.scala:357)
	at org.apache.spark.sql.catalyst.plans.logical.LogicalPlan.transformDownWithPruning(LogicalPlan.scala:48)
	at org.apache.spark.sql.catalyst.plans.logical.LogicalPlan.transformDownWithPruning(LogicalPlan.scala:48)
	at org.apache.spark.sql.catalyst.trees.TreeNode.transformDown(TreeNode.scala:586)
	at org.apache.spark.sql.execution.QueryExecution.$anonfun$eagerlyExecuteCommands$1(QueryExecution.scala:756)
	at org.apache.spark.sql.catalyst.plans.logical.AnalysisHelper$.allowInvokingTransformsInAnalyzer(AnalysisHelper.scala:418)
	at org.apache.spark.sql.execution.QueryExecution.eagerlyExecuteCommands(QueryExecution.scala:756)
	at org.apache.spark.sql.execution.QueryExecution.$anonfun$lazyCommandExecuted$1(QueryExecution.scala:666)
	at scala.util.Try$.apply(Try.scala:217)
	at org.apache.spark.util.Utils$.doTryWithCallerStacktrace(Utils.scala:1796)
	at org.apache.spark.util.Utils$.getTryWithCallerStacktrace(Utils.scala:1846)
	at org.apache.spark.util.LazyTry.get(LazyTry.scala:78)
	at org.apache.spark.sql.execution.QueryExecution.commandExecuted(QueryExecution.scala:671)
	at org.apache.spark.sql.execution.QueryExecution.assertCommandExecuted(QueryExecution.scala:804)
	at org.apache.spark.sql.classic.DataFrameWriter.runCommand(DataFrameWriter.scala:887)
	at org.apache.spark.sql.classic.DataFrameWriter.saveAsTable(DataFrameWriter.scala:732)
	at org.apache.spark.sql.classic.DataFrameWriter.saveAsTable(DataFrameWriter.scala:630)
	at org.apache.spark.sql.connect.planner.SparkConnectPlanner.handleWriteOperation(SparkConnectPlanner.scala:4603)
	at org.apache.spark.sql.connect.planner.SparkConnectPlanner.process(SparkConnectPlanner.scala:3782)
	at org.apache.spark.sql.connect.execution.ExecuteThreadRunner.handleCommand(ExecuteThreadRunner.scala:516)
	at org.apache.spark.sql.connect.execution.ExecuteThreadRunner.$anonfun$executeInternal$1(ExecuteThreadRunner.scala:406)
	at org.apache.spark.sql.connect.execution.ExecuteThreadRunner.$anonfun$executeInternal$1$adapted(ExecuteThreadRunner.scala:329)
	at org.apache.spark.sql.connect.service.SessionHolder.$anonfun$withSession$2(SessionHolder.scala:844)
	at org.apache.spark.sql.SparkSession.withActive(SparkSession.scala:866)
	at org.apache.spark.sql.connect.service.SessionHolder.$anonfun$withSession$1(SessionHolder.scala:844)
	at org.apache.spark.JobArtifactSet$.withActiveJobArtifactState(JobArtifactSet.scala:97)
	at org.apache.spark.sql.artifact.ArtifactManager.$anonfun$withResources$1(ArtifactManager.scala:124)
	at org.apache.spark.sql.artifact.ArtifactManager.withClassLoaderIfNeeded(ArtifactManager.scala:118)
	at org.apache.spark.sql.artifact.ArtifactManager.withResources(ArtifactManager.scala:123)
	at org.apache.spark.sql.connect.service.SessionHolder.withSession(SessionHolder.scala:843)
	at org.apache.spark.sql.connect.execution.ExecuteThreadRunner.executeInternal(ExecuteThreadRunner.scala:329)
	at org.apache.spark.sql.connect.execution.ExecuteThreadRunner.$anonfun$execute$1(ExecuteThreadRunner.scala:194)
	at scala.runtime.java8.JFunction0$mcV$sp.apply(JFunction0$mcV$sp.scala:18)
	at com.databricks.spark.connect.service.UtilizationMetrics.recordActiveQueries(UtilizationMetrics.scala:92)
	at com.databricks.spark.connect.service.UtilizationMetrics.recordActiveQueries$(UtilizationMetrics.scala:89)
	at org.apache.spark.sql.connect.execution.ExecuteThreadRunner.recordActiveQueries(ExecuteThreadRunner.scala:55)
	at org.apache.spark.sql.connect.execution.ExecuteThreadRunner.org$apache$spark$sql$connect$execution$ExecuteThreadRunner$$execute(ExecuteThreadRunner.scala:186)
	at org.apache.spark.sql.connect.execution.ExecuteThreadRunner$ExecutionThread.$anonfun$run$3(ExecuteThreadRunner.scala:587)
	at scala.runtime.java8.JFunction0$mcV$sp.apply(JFunction0$mcV$sp.scala:18)
	at com.databricks.spark.util.DBRTracing$.withSpanFromParent(DBRTracing.scala:70)
	at org.apache.spark.sql.connect.execution.ExecuteThreadRunner$ExecutionThread.$anonfun$run$2(ExecuteThreadRunner.scala:587)
	at scala.runtime.java8.JFunction0$mcV$sp.apply(JFunction0$mcV$sp.scala:18)
	at com.databricks.unity.UCSEphemeralState$Handle.runWith(UCSEphemeralState.scala:51)
	at com.databricks.unity.HandleImpl.runWith(UCSHandle.scala:128)
	at com.databricks.unity.HandleImpl.$anonfun$runWithAndClose$1(UCSHandle.scala:133)
	at scala.util.Using$.resource(Using.scala:296)
	at com.databricks.unity.HandleImpl.runWithAndClose(UCSHandle.scala:132)
	at org.apache.spark.sql.connect.execution.ExecuteThreadRunner$ExecutionThread.run(ExecuteThreadRunner.scala:586)
Caused by: com.databricks.sql.transaction.tahoe.DeltaAnalysisException: [DELTA_MERGE_INCOMPATIBLE_DATATYPE] Failed to merge incompatible data types DecimalType(19,5) and DoubleType.
	at com.databricks.sql.transaction.tahoe.schema.SchemaMergingUtils$.merge$1(SchemaMergingUtils.scala:332)
	at com.databricks.sql.transaction.tahoe.schema.SchemaMergingUtils$.$anonfun$mergeDataTypes$1(SchemaMergingUtils.scala:227)
	at scala.collection.ArrayOps$.map$extension(ArrayOps.scala:936)
	at com.databricks.sql.transaction.tahoe.schema.SchemaMergingUtils$.merge$1(SchemaMergingUtils.scala:218)
	at com.databricks.sql.transaction.tahoe.schema.SchemaMergingUtils$.mergeDataTypes(SchemaMergingUtils.scala:336)
	at com.databricks.sql.transaction.tahoe.schema.SchemaMergingUtils$.mergeSchemas(SchemaMergingUtils.scala:180)
	at com.databricks.sql.transaction.tahoe.schema.ImplicitMetadataOperation$.mergeSchema(ImplicitMetadataOperation.scala:367)
	at com.databricks.sql.transaction.tahoe.schema.ImplicitMetadataOperation.updateMetadata(ImplicitMetadataOperation.scala:113)
	at com.databricks.sql.transaction.tahoe.schema.ImplicitMetadataOperation.updateMetadata$(ImplicitMetadataOperation.scala:92)
	at com.databricks.sql.transaction.tahoe.commands.WriteIntoDeltaEdge.updateMetadata(WriteIntoDeltaEdge.scala:137)
	at com.databricks.sql.transaction.tahoe.commands.WriteIntoDeltaEdge.writeAndReturnCommitDataAndMaterializationPlans(WriteIntoDeltaEdge.scala:548)
	at com.databricks.sql.transaction.tahoe.commands.WriteIntoDeltaEdge.writeAndReturnCommitData(WriteIntoDeltaEdge.scala:369)
	at com.databricks.sql.transaction.tahoe.commands.CreateDeltaTableCommand.doDeltaWrite$1(CreateDeltaTableCommand.scala:751)
	at com.databricks.sql.transaction.tahoe.commands.CreateDeltaTableCommand.handleCreateTableAsSelect(CreateDeltaTableCommand.scala:899)
	at com.databricks.sql.transaction.tahoe.commands.CreateDeltaTableCommand.$anonfun$handleCommit$1(CreateDeltaTableCommand.scala:461)
	at com.databricks.sql.transaction.tahoe.OptimisticTransaction$.withActive(OptimisticTransaction.scala:300)
	at com.databricks.sql.transaction.tahoe.commands.CreateDeltaTableCommand.handleCommit(CreateDeltaTableCommand.scala:441)
	at com.databricks.sql.transaction.tahoe.commands.CreateDeltaTableCommand.$anonfun$run$9(CreateDeltaTableCommand.scala:344)
	at com.databricks.sql.transaction.tahoe.metering.DeltaLogging.withOperationTypeTag(DeltaLogging.scala:854)
	at com.databricks.sql.transaction.tahoe.metering.DeltaLogging.withOperationTypeTag$(DeltaLogging.scala:841)
	at com.databricks.sql.transaction.tahoe.commands.CreateDeltaTableCommand.withOperationTypeTag(CreateDeltaTableCommand.scala:108)
	at com.databricks.sql.transaction.tahoe.metering.DeltaLogging.$anonfun$recordDeltaOperationInternal$2(DeltaLogging.scala:527)
	at com.databricks.spark.util.FrameProfiler$.$anonfun$record$1(FrameProfiler.scala:114)
	at com.databricks.spark.util.FrameProfilerExporter$.maybeExportFrameProfiler(FrameProfilerExporter.scala:201)
	at com.databricks.spark.util.FrameProfiler$.record(FrameProfiler.scala:105)
	at com.databricks.sql.transaction.tahoe.metering.DeltaLogging.recordFrameProfileWithCallSite(DeltaLogging.scala:969)
	at com.databricks.sql.transaction.tahoe.metering.DeltaLogging.recordFrameProfileWithCallSite$(DeltaLogging.scala:966)
	at com.databricks.sql.transaction.tahoe.commands.CreateDeltaTableCommand.recordFrameProfileWithCallSite(CreateDeltaTableCommand.scala:108)
	at com.databricks.sql.transaction.tahoe.metering.DeltaLogging.$anonfun$recordDeltaOperationInternal$1(DeltaLogging.scala:526)
	at com.databricks.logging.UsageLogging.$anonfun$recordOperation$1(UsageLogging.scala:531)
	at com.databricks.logging.UsageLogging.executeThunkAndCaptureResultTags$1(UsageLogging.scala:669)
	at com.databricks.logging.UsageLogging.$anonfun$recordOperationWithResultTags$6(UsageLogging.scala:696)
	at com.databricks.logging.AttributionContextTracing.$anonfun$withAttributionContext$1(AttributionContextTracing.scala:146)
	at com.databricks.logging.AttributionContext$.$anonfun$withValue$1(AttributionContext.scala:349)
	at scala.util.DynamicVariable.withValue(DynamicVariable.scala:59)
	at com.databricks.logging.AttributionContext$.withValue(AttributionContext.scala:345)
	at com.databricks.logging.AttributionContextTracing.withAttributionContext(AttributionContextTracing.scala:144)
	at com.databricks.logging.AttributionContextTracing.withAttributionContext$(AttributionContextTracing.scala:141)
	at com.databricks.spark.util.PublicDBLogging.withAttributionContext(DatabricksSparkUsageLogger.scala:29)
	at com.databricks.logging.AttributionContextTracing.withAttributionTags(AttributionContextTracing.scala:201)
	at com.databricks.logging.AttributionContextTracing.withAttributionTags$(AttributionContextTracing.scala:182)
	at com.databricks.spark.util.PublicDBLogging.withAttributionTags(DatabricksSparkUsageLogger.scala:29)
	at com.databricks.logging.UsageLogging.$anonfun$recordOperationWithResultTags$5(UsageLogging.scala:664)
	at com.databricks.logging.UsageLogging.withOtelSpanInContext$1(UsageLogging.scala:656)
	at com.databricks.logging.UsageLogging.recordOperationWithResultTags(UsageLogging.scala:659)
	at com.databricks.logging.UsageLogging.recordOperationWithResultTags$(UsageLogging.scala:540)
	at com.databricks.spark.util.PublicDBLogging.recordOperationWithResultTags(DatabricksSparkUsageLogger.scala:29)
	at com.databricks.logging.UsageLogging.recordOperation(UsageLogging.scala:532)
	at com.databricks.logging.UsageLogging.recordOperation$(UsageLogging.scala:496)
	at com.databricks.spark.util.PublicDBLogging.recordOperation(DatabricksSparkUsageLogger.scala:29)
	at com.databricks.spark.util.PublicDBLogging.recordOperation0(DatabricksSparkUsageLogger.scala:104)
	at com.databricks.spark.util.DatabricksSparkUsageLogger.recordOperation(DatabricksSparkUsageLogger.scala:193)
	at com.databricks.spark.util.UsageLogger.recordOperation(UsageLogger.scala:78)
	at com.databricks.spark.util.UsageLogger.recordOperation$(UsageLogger.scala:65)
	at com.databricks.spark.util.DatabricksSparkUsageLogger.recordOperation(DatabricksSparkUsageLogger.scala:152)
	at com.databricks.spark.util.UsageLogging.recordOperation(UsageLogger.scala:537)
	at com.databricks.spark.util.UsageLogging.recordOperation$(UsageLogger.scala:516)
	at com.databricks.sql.transaction.tahoe.commands.CreateDeltaTableCommand.recordOperation(CreateDeltaTableCommand.scala:108)
	at com.databricks.sql.transaction.tahoe.metering.DeltaLogging.recordDeltaOperationInternal(DeltaLogging.scala:525)
	at com.databricks.sql.transaction.tahoe.metering.DeltaLogging.recordDeltaOperation(DeltaLogging.scala:515)
	at com.databricks.sql.transaction.tahoe.metering.DeltaLogging.recordDeltaOperation$(DeltaLogging.scala:504)
	at com.databricks.sql.transaction.tahoe.commands.CreateDeltaTableCommand.recordDeltaOperation(CreateDeltaTableCommand.scala:108)
	at com.databricks.sql.transaction.tahoe.commands.CreateDeltaTableCommand.run(CreateDeltaTableCommand.scala:298)
	at com.databricks.sql.transaction.tahoe.catalog.AbstractDeltaCatalog.$anonfun$createDeltaTable$1(AbstractDeltaCatalog.scala:1033)
	at com.databricks.spark.util.FrameProfiler$.$anonfun$record$1(FrameProfiler.scala:114)
	at com.databricks.spark.util.FrameProfilerExporter$.maybeExportFrameProfiler(FrameProfilerExporter.scala:201)
	at com.databricks.spark.util.FrameProfiler$.record(FrameProfiler.scala:105)
	at com.databricks.sql.transaction.tahoe.metering.DeltaLogging.recordFrameProfileWithCallSite(DeltaLogging.scala:969)
	at com.databricks.sql.transaction.tahoe.metering.DeltaLogging.recordFrameProfileWithCallSite$(DeltaLogging.scala:966)
	at com.databricks.sql.transaction.tahoe.catalog.AbstractDeltaCatalog.recordFrameProfileWithCallSite(AbstractDeltaCatalog.scala:202)
	at com.databricks.sql.transaction.tahoe.catalog.AbstractDeltaCatalog.com$databricks$sql$transaction$tahoe$catalog$AbstractDeltaCatalog$$createDeltaTable(AbstractDeltaCatalog.scala:433)
	at com.databricks.sql.transaction.tahoe.catalog.AbstractDeltaCatalog$StagedDeltaTableV2.$anonfun$commitStagedChanges$1(AbstractDeltaCatalog.scala:2511)
	at com.databricks.spark.util.FrameProfiler$.$anonfun$record$1(FrameProfiler.scala:114)
	at com.databricks.spark.util.FrameProfilerExporter$.maybeExportFrameProfiler(FrameProfilerExporter.scala:201)
	at com.databricks.spark.util.FrameProfiler$.record(FrameProfiler.scala:105)
	at com.databricks.sql.transaction.tahoe.metering.DeltaLogging.recordFrameProfileWithCallSite(DeltaLogging.scala:969)
	at com.databricks.sql.transaction.tahoe.metering.DeltaLogging.recordFrameProfileWithCallSite$(DeltaLogging.scala:966)
	at com.databricks.sql.transaction.tahoe.catalog.AbstractDeltaCatalog.recordFrameProfileWithCallSite(AbstractDeltaCatalog.scala:202)
	at com.databricks.sql.transaction.tahoe.catalog.AbstractDeltaCatalog$StagedDeltaTableV2.commitStagedChanges(AbstractDeltaCatalog.scala:2485)
	at org.apache.spark.sql.execution.datasources.v2.DataSourceV2Utils$.commitStagedChanges(DataSourceV2Utils.scala:325)
	at org.apache.spark.sql.execution.datasources.v2.V2CreateTableAsSelectBaseExec.$anonfun$writeToTable$6(WriteToDataSourceV2Exec.scala:1046)
	at scala.runtime.java8.JFunction0$mcV$sp.apply(JFunction0$mcV$sp.scala:18)
	at org.apache.spark.sql.execution.datasources.v2.WriteToDataSourceV2Exec$.handleConcurrentCreateExceptions(WriteToDataSourceV2Exec.scala:79)
	at org.apache.spark.sql.execution.datasources.v2.V2CreateTableAsSelectBaseExec.$anonfun$writeToTable$2(WriteToDataSourceV2Exec.scala:1046)
	at org.apache.spark.util.Utils$.tryWithSafeFinallyAndFailureCallbacks(Utils.scala:1726)
	at org.apache.spark.sql.execution.datasources.v2.V2CreateTableAsSelectBaseExec.$anonfun$writeToTable$1(WriteToDataSourceV2Exec.scala:1026)
	at com.databricks.spark.util.FrameProfiler$.$anonfun$record$1(FrameProfiler.scala:114)
	at com.databricks.spark.util.FrameProfilerExporter$.maybeExportFrameProfiler(FrameProfilerExporter.scala:201)
	at com.databricks.spark.util.FrameProfiler$.record(FrameProfiler.scala:105)
	at org.apache.spark.sql.execution.datasources.v2.V2CreateTableAsSelectBaseExec.writeToTable(WriteToDataSourceV2Exec.scala:1050)
	at org.apache.spark.sql.execution.datasources.v2.V2CreateTableAsSelectBaseExec.writeToTable$(WriteToDataSourceV2Exec.scala:1012)
	at org.apache.spark.sql.execution.datasources.v2.AtomicReplaceTableAsSelectExec.writeToTable(WriteToDataSourceV2Exec.scala:287)
	at org.apache.spark.sql.execution.datasources.v2.AtomicReplaceTableAsSelectExec.run(WriteToDataSourceV2Exec.scala:372)
	at org.apache.spark.sql.execution.datasources.v2.V2CommandExec.$anonfun$result$2(V2CommandExec.scala:48)
	at org.apache.spark.sql.execution.SparkPlan.runCommandInAetherOrSpark(SparkPlan.scala:202)
	at org.apache.spark.sql.execution.datasources.v2.V2CommandExec.$anonfun$result$1(V2CommandExec.scala:48)
	at com.databricks.spark.util.FrameProfiler$.$anonfun$record$1(FrameProfiler.scala:114)
	at com.databricks.spark.util.FrameProfilerExporter$.maybeExportFrameProfiler(FrameProfilerExporter.scala:201)
	at com.databricks.spark.util.FrameProfiler$.record(FrameProfiler.scala:105)
	at org.apache.spark.sql.execution.datasources.v2.V2CommandExec.result$lzycompute(V2CommandExec.scala:47)
	at org.apache.spark.sql.execution.datasources.v2.V2CommandExec.result(V2CommandExec.scala:45)
	at org.apache.spark.sql.execution.datasources.v2.V2CommandExec.executeCollect(V2CommandExec.scala:56)
	at org.apache.spark.sql.execution.QueryExecution$.$anonfun$runCommand$12(QueryExecution.scala:1968)
	at com.databricks.util.LexicalThreadLocal$Handle.runWith(LexicalThreadLocal.scala:63)
	at org.apache.spark.sql.execution.QueryExecution$.$anonfun$runCommand$11(QueryExecution.scala:1962)
	at com.databricks.util.LexicalThreadLocal$Handle.runWith(LexicalThreadLocal.scala:63)
	at org.apache.spark.sql.execution.QueryExecution$.executeWithCaches$1(QueryExecution.scala:1962)
	at org.apache.spark.sql.execution.QueryExecution$.$anonfun$runCommand$10(QueryExecution.scala:1968)
	at org.apache.spark.sql.catalyst.QueryPlanningTracker$.withTracker(QueryPlanningTracker.scala:274)
	at org.apache.spark.sql.execution.QueryExecution$.$anonfun$runCommand$9(QueryExecution.scala:1955)
	at org.apache.spark.sql.execution.SQLExecution$.$anonfun$withNewExecutionId0$24(SQLExecution.scala:1120)
	at com.databricks.sql.util.MemoryTrackerHelper.withMemoryTracking(MemoryTrackerHelper.scala:111)
	at org.apache.spark.sql.execution.SQLExecution$.$anonfun$withNewExecutionId0$21(SQLExecution.scala:1040)
	at com.databricks.unity.UCSManager$.withTemporaryScope(UCSManager.scala:168)
	at org.apache.spark.sql.execution.SQLExecution$.$anonfun$withNewExecutionId0$20(SQLExecution.scala:936)
	at org.apache.spark.sql.execution.SQLExecution$.withSessionTagsApplied(SQLExecution.scala:1580)
	at org.apache.spark.sql.execution.SQLExecution$.$anonfun$withNewExecutionId0$19(SQLExecution.scala:925)
	at org.apache.spark.JobArtifactSet$.withActiveJobArtifactState(JobArtifactSet.scala:97)
	at org.apache.spark.sql.artifact.ArtifactManager.$anonfun$withResources$1(ArtifactManager.scala:124)
	at org.apache.spark.sql.artifact.ArtifactManager.withClassLoaderIfNeeded(ArtifactManager.scala:118)
	at org.apache.spark.sql.artifact.ArtifactManager.withResources(ArtifactManager.scala:123)
	at org.apache.spark.sql.execution.SQLExecution$.$anonfun$withNewExecutionId0$18(SQLExecution.scala:925)
	at org.apache.spark.sql.execution.SQLExecution$.withSQLConfPropagated(SQLExecution.scala:1615)
	at org.apache.spark.sql.execution.SQLExecution$.$anonfun$withNewExecutionId0$1(SQLExecution.scala:924)
	at org.apache.spark.sql.SparkSession.withActive(SparkSession.scala:866)
	at org.apache.spark.sql.execution.SQLExecution$.withNewExecutionId0(SQLExecution.scala:657)
	at org.apache.spark.sql.execution.SQLExecution$.withNewExecutionId(SQLExecution.scala:1533)
	at org.apache.spark.sql.execution.QueryExecution$.$anonfun$runCommand$8(QueryExecution.scala:1955)
	at org.apache.spark.sql.execution.QueryExecution$.withInternalError(QueryExecution.scala:1822)
	at org.apache.spark.sql.execution.QueryExecution$.$anonfun$runCommand$7(QueryExecution.scala:1951)
	at org.apache.spark.sql.execution.QueryExecution.withMVTagsIfNecessary(QueryExecution.scala:710)
	at org.apache.spark.sql.execution.QueryExecution$.$anonfun$runCommand$4(QueryExecution.scala:1936)
	at scala.Option.map(Option.scala:242)
	at org.apache.spark.sql.execution.QueryExecution$.executeWithMVTags$1(QueryExecution.scala:1936)
	at org.apache.spark.sql.execution.QueryExecution$.runCommand(QueryExecution.scala:1949)
	at org.apache.spark.sql.execution.QueryExecution.org$apache$spark$sql$execution$QueryExecution$$eagerlyExecute$1(QueryExecution.scala:747)
	at org.apache.spark.sql.execution.QueryExecution$$anonfun$$nestedInanonfun$eagerlyExecuteCommands$1$1.applyOrElse(QueryExecution.scala:764)
	at org.apache.spark.sql.execution.QueryExecution$$anonfun$$nestedInanonfun$eagerlyExecuteCommands$1$1.applyOrElse(QueryExecution.scala:756)
	at org.apache.spark.sql.catalyst.trees.TreeNode.$anonfun$transformDownWithPruning$1(TreeNode.scala:610)
	at org.apache.spark.sql.catalyst.trees.CurrentOrigin$.withOrigin(origin.scala:142)
	at org.apache.spark.sql.catalyst.trees.TreeNode.transformDownWithPruning(TreeNode.scala:610)
	at org.apache.spark.sql.catalyst.plans.logical.LogicalPlan.org$apache$spark$sql$catalyst$plans$logical$AnalysisHelper$$super$transformDownWithPruning(LogicalPlan.scala:48)
	at org.apache.spark.sql.catalyst.plans.logical.AnalysisHelper.transformDownWithPruning(AnalysisHelper.scala:361)
	at org.apache.spark.sql.catalyst.plans.logical.AnalysisHelper.transformDownWithPruning$(AnalysisHelper.scala:357)
	at org.apache.spark.sql.catalyst.plans.logical.LogicalPlan.transformDownWithPruning(LogicalPlan.scala:48)
	at org.apache.spark.sql.catalyst.plans.logical.LogicalPlan.transformDownWithPruning(LogicalPlan.scala:48)
	at org.apache.spark.sql.catalyst.trees.TreeNode.transformDown(TreeNode.scala:586)
	at org.apache.spark.sql.execution.QueryExecution.$anonfun$eagerlyExecuteCommands$1(QueryExecution.scala:756)
	at org.apache.spark.sql.catalyst.plans.logical.AnalysisHelper$.allowInvokingTransformsInAnalyzer(AnalysisHelper.scala:418)
	at org.apache.spark.sql.execution.QueryExecution.eagerlyExecuteCommands(QueryExecution.scala:756)
	at org.apache.spark.sql.execution.QueryExecution.$anonfun$lazyCommandExecuted$1(QueryExecution.scala:666)
	at scala.util.Try$.apply(Try.scala:217)
	at org.apache.spark.util.Utils$.doTryWithCallerStacktrace(Utils.scala:1796)
	at org.apache.spark.util.LazyTry.tryT$lzycompute(LazyTry.scala:60)
	at org.apache.spark.util.LazyTry.tryT(LazyTry.scala:59)
	at org.apache.spark.util.LazyTry.get(LazyTry.scala:78)
	at org.apache.spark.sql.execution.QueryExecution.commandExecuted(QueryExecution.scala:671)
	at org.apache.spark.sql.execution.QueryExecution.assertCommandExecuted(QueryExecution.scala:804)
	at org.apache.spark.sql.classic.DataFrameWriter.runCommand(DataFrameWriter.scala:887)
	at org.apache.spark.sql.classic.DataFrameWriter.saveAsTable(DataFrameWriter.scala:732)
	at org.apache.spark.sql.classic.DataFrameWriter.saveAsTable(DataFrameWriter.scala:630)
	at org.apache.spark.sql.connect.planner.SparkConnectPlanner.handleWriteOperation(SparkConnectPlanner.scala:4603)
	at org.apache.spark.sql.connect.planner.SparkConnectPlanner.process(SparkConnectPlanner.scala:3782)
	at org.apache.spark.sql.connect.execution.ExecuteThreadRunner.handleCommand(ExecuteThreadRunner.scala:516)
	at org.apache.spark.sql.connect.execution.ExecuteThreadRunner.$anonfun$executeInternal$1(ExecuteThreadRunner.scala:406)
	at org.apache.spark.sql.connect.execution.ExecuteThreadRunner.$anonfun$executeInternal$1$adapted(ExecuteThreadRunner.scala:329)
	at org.apache.spark.sql.connect.service.SessionHolder.$anonfun$withSession$2(SessionHolder.scala:844)
	at org.apache.spark.sql.SparkSession.withActive(SparkSession.scala:866)
	at org.apache.spark.sql.connect.service.SessionHolder.$anonfun$withSession$1(SessionHolder.scala:844)
	at org.apache.spark.JobArtifactSet$.withActiveJobArtifactState(JobArtifactSet.scala:97)
	at org.apache.spark.sql.artifact.ArtifactManager.$anonfun$withResources$1(ArtifactManager.scala:124)
	at org.apache.spark.sql.artifact.ArtifactManager.withClassLoaderIfNeeded(ArtifactManager.scala:118)
	at org.apache.spark.sql.artifact.ArtifactManager.withResources(ArtifactManager.scala:123)
	at org.apache.spark.sql.connect.service.SessionHolder.withSession(SessionHolder.scala:843)
	at org.apache.spark.sql.connect.execution.ExecuteThreadRunner.executeInternal(ExecuteThreadRunner.scala:329)
	at org.apache.spark.sql.connect.execution.ExecuteThreadRunner.$anonfun$execute$1(ExecuteThreadRunner.scala:194)
	at scala.runtime.java8.JFunction0$mcV$sp.apply(JFunction0$mcV$sp.scala:18)
	at com.databricks.spark.connect.service.UtilizationMetrics.recordActiveQueries(UtilizationMetrics.scala:92)
	at com.databricks.spark.connect.service.UtilizationMetrics.recordActiveQueries$(UtilizationMetrics.scala:89)
	at org.apache.spark.sql.connect.execution.ExecuteThreadRunner.recordActiveQueries(ExecuteThreadRunner.scala:55)
	at org.apache.spark.sql.connect.execution.ExecuteThreadRunner.org$apache$spark$sql$connect$execution$ExecuteThreadRunner$$execute(ExecuteThreadRunner.scala:186)
	at org.apache.spark.sql.connect.execution.ExecuteThreadRunner$ExecutionThread.$anonfun$run$3(ExecuteThreadRunner.scala:587)
	at scala.runtime.java8.JFunction0$mcV$sp.apply(JFunction0$mcV$sp.scala:18)
	at com.databricks.spark.util.DBRTracing$.withSpanFromParent(DBRTracing.scala:70)
	at org.apache.spark.sql.connect.execution.ExecuteThreadRunner$ExecutionThread.$anonfun$run$2(ExecuteThreadRunner.scala:587)
	at scala.runtime.java8.JFunction0$mcV$sp.apply(JFunction0$mcV$sp.scala:18)
	at com.databricks.unity.UCSEphemeralState$Handle.runWith(UCSEphemeralState.scala:51)
	at com.databricks.unity.HandleImpl.runWith(UCSHandle.scala:128)
	at com.databricks.unity.HandleImpl.$anonfun$runWithAndClose$1(UCSHandle.scala:133)
	at scala.util.Using$.resource(Using.scala:296)
	at com.databricks.unity.HandleImpl.runWithAndClose(UCSHandle.scala:132)
	at org.apache.spark.sql.connect.execution.ExecuteThreadRunner$ExecutionThread.run(ExecuteThreadRunner.scala:586)
2026-07-17 21:09:27,267 | ERROR | Error in pipeline : [DELTA_FAILED_TO_MERGE_FIELDS] Failed to merge fields 'trip_distance' and 'trip_distance'.

JVM stacktrace:
com.databricks.sql.transaction.tahoe.DeltaAnalysisException
	at com.databricks.sql.transaction.tahoe.schema.SchemaMergingUtils$.$anonfun$mergeDataTypes$1(SchemaMergingUtils.scala:232)
	at scala.collection.ArrayOps$.map$extension(ArrayOps.scala:936)
	at com.databricks.sql.transaction.tahoe.schema.SchemaMergingUtils$.merge$1(SchemaMergingUtils.scala:218)
	at com.databricks.sql.transaction.tahoe.schema.SchemaMergingUtils$.mergeDataTypes(SchemaMergingUtils.scala:336)
	at com.databricks.sql.transaction.tahoe.schema.SchemaMergingUtils$.mergeSchemas(SchemaMergingUtils.scala:180)
	at com.databricks.sql.transaction.tahoe.schema.ImplicitMetadataOperation$.mergeSchema(ImplicitMetadataOperation.scala:367)
	at com.databricks.sql.transaction.tahoe.schema.ImplicitMetadataOperation.updateMetadata(ImplicitMetadataOperation.scala:113)
	at com.databricks.sql.transaction.tahoe.schema.ImplicitMetadataOperation.updateMetadata$(ImplicitMetadataOperation.scala:92)
	at com.databricks.sql.transaction.tahoe.commands.WriteIntoDeltaEdge.updateMetadata(WriteIntoDeltaEdge.scala:137)
	at com.databricks.sql.transaction.tahoe.commands.WriteIntoDeltaEdge.writeAndReturnCommitDataAndMaterializationPlans(WriteIntoDeltaEdge.scala:548)
	at com.databricks.sql.transaction.tahoe.commands.WriteIntoDeltaEdge.writeAndReturnCommitData(WriteIntoDeltaEdge.scala:369)
	at com.databricks.sql.transaction.tahoe.commands.CreateDeltaTableCommand.doDeltaWrite$1(CreateDeltaTableCommand.scala:751)
	at com.databricks.sql.transaction.tahoe.commands.CreateDeltaTableCommand.handleCreateTableAsSelect(CreateDeltaTableCommand.scala:899)
	at com.databricks.sql.transaction.tahoe.commands.CreateDeltaTableCommand.$anonfun$handleCommit$1(CreateDeltaTableCommand.scala:461)
	at com.databricks.sql.transaction.tahoe.OptimisticTransaction$.withActive(OptimisticTransaction.scala:300)
	at com.databricks.sql.transaction.tahoe.commands.CreateDeltaTableCommand.handleCommit(CreateDeltaTableCommand.scala:441)
	at com.databricks.sql.transaction.tahoe.commands.CreateDeltaTableCommand.$anonfun$run$9(CreateDeltaTableCommand.scala:344)
	at com.databricks.sql.transaction.tahoe.metering.DeltaLogging.withOperationTypeTag(DeltaLogging.scala:854)
	at com.databricks.sql.transaction.tahoe.metering.DeltaLogging.withOperationTypeTag$(DeltaLogging.scala:841)
	at com.databricks.sql.transaction.tahoe.commands.CreateDeltaTableCommand.withOperationTypeTag(CreateDeltaTableCommand.scala:108)
	at com.databricks.sql.transaction.tahoe.metering.DeltaLogging.$anonfun$recordDeltaOperationInternal$2(DeltaLogging.scala:527)
	at com.databricks.spark.util.FrameProfiler$.$anonfun$record$1(FrameProfiler.scala:114)
	at com.databricks.spark.util.FrameProfilerExporter$.maybeExportFrameProfiler(FrameProfilerExporter.scala:201)
	at com.databricks.spark.util.FrameProfiler$.record(FrameProfiler.scala:105)
	at com.databricks.sql.transaction.tahoe.metering.DeltaLogging.recordFrameProfileWithCallSite(DeltaLogging.scala:969)
	at com.databricks.sql.transaction.tahoe.metering.DeltaLogging.recordFrameProfileWithCallSite$(DeltaLogging.scala:966)
	at com.databricks.sql.transaction.tahoe.commands.CreateDeltaTableCommand.recordFrameProfileWithCallSite(CreateDeltaTableCommand.scala:108)
	at com.databricks.sql.transaction.tahoe.metering.DeltaLogging.$anonfun$recordDeltaOperationInternal$1(DeltaLogging.scala:526)
	at com.databricks.logging.UsageLogging.$anonfun$recordOperation$1(UsageLogging.scala:531)
	at com.databricks.logging.UsageLogging.executeThunkAndCaptureResultTags$1(UsageLogging.scala:669)
	at com.databricks.logging.UsageLogging.$anonfun$recordOperationWithResultTags$6(UsageLogging.scala:696)
	at com.databricks.logging.AttributionContextTracing.$anonfun$withAttributionContext$1(AttributionContextTracing.scala:146)
	at com.databricks.logging.AttributionContext$.$anonfun$withValue$1(AttributionContext.scala:349)
	at scala.util.DynamicVariable.withValue(DynamicVariable.scala:59)
	at com.databricks.logging.AttributionContext$.withValue(AttributionContext.scala:345)
	at com.databricks.logging.AttributionContextTracing.withAttributionContext(AttributionContextTracing.scala:144)
	at com.databricks.logging.AttributionContextTracing.withAttributionContext$(AttributionContextTracing.scala:141)
	at com.databricks.spark.util.PublicDBLogging.withAttributionContext(DatabricksSparkUsageLogger.scala:29)
	at com.databricks.logging.AttributionContextTracing.withAttributionTags(AttributionContextTracing.scala:201)
	at com.databricks.logging.AttributionContextTracing.withAttributionTags$(AttributionContextTracing.scala:182)
	at com.databricks.spark.util.PublicDBLogging.withAttributionTags(DatabricksSparkUsageLogger.scala:29)
	at com.databricks.logging.UsageLogging.$anonfun$recordOperationWithResultTags$5(UsageLogging.scala:664)
	at com.databricks.logging.UsageLogging.withOtelSpanInContext$1(UsageLogging.scala:656)
	at com.databricks.logging.UsageLogging.recordOperationWithResultTags(UsageLogging.scala:659)
	at com.databricks.logging.UsageLogging.recordOperationWithResultTags$(UsageLogging.scala:540)
	at com.databricks.spark.util.PublicDBLogging.recordOperationWithResultTags(DatabricksSparkUsageLogger.scala:29)
	at com.databricks.logging.UsageLogging.recordOperation(UsageLogging.scala:532)
	at com.databricks.logging.UsageLogging.recordOperation$(UsageLogging.scala:496)
	at com.databricks.spark.util.PublicDBLogging.recordOperation(DatabricksSparkUsageLogger.scala:29)
	at com.databricks.spark.util.PublicDBLogging.recordOperation0(DatabricksSparkUsageLogger.scala:104)
	at com.databricks.spark.util.DatabricksSparkUsageLogger.recordOperation(DatabricksSparkUsageLogger.scala:193)
	at com.databricks.spark.util.UsageLogger.recordOperation(UsageLogger.scala:78)
	at com.databricks.spark.util.UsageLogger.recordOperation$(UsageLogger.scala:65)
	at com.databricks.spark.util.DatabricksSparkUsageLogger.recordOperation(DatabricksSparkUsageLogger.scala:152)
	at com.databricks.spark.util.UsageLogging.recordOperation(UsageLogger.scala:537)
	at com.databricks.spark.util.UsageLogging.recordOperation$(UsageLogger.scala:516)
	at com.databricks.sql.transaction.tahoe.commands.CreateDeltaTableCommand.recordOperation(CreateDeltaTableCommand.scala:108)
	at com.databricks.sql.transaction.tahoe.metering.DeltaLogging.recordDeltaOperationInternal(DeltaLogging.scala:525)
	at com.databricks.sql.transaction.tahoe.metering.DeltaLogging.recordDeltaOperation(DeltaLogging.scala:515)
	at com.databricks.sql.transaction.tahoe.metering.DeltaLogging.recordDeltaOperation$(DeltaLogging.scala:504)
	at com.databricks.sql.transaction.tahoe.commands.CreateDeltaTableCommand.recordDeltaOperation(CreateDeltaTableCommand.scala:108)
	at com.databricks.sql.transaction.tahoe.commands.CreateDeltaTableCommand.run(CreateDeltaTableCommand.scala:298)
	at com.databricks.sql.transaction.tahoe.catalog.AbstractDeltaCatalog.$anonfun$createDeltaTable$1(AbstractDeltaCatalog.scala:1033)
	at com.databricks.spark.util.FrameProfiler$.$anonfun$record$1(FrameProfiler.scala:114)
	at com.databricks.spark.util.FrameProfilerExporter$.maybeExportFrameProfiler(FrameProfilerExporter.scala:201)
	at com.databricks.spark.util.FrameProfiler$.record(FrameProfiler.scala:105)
	at com.databricks.sql.transaction.tahoe.metering.DeltaLogging.recordFrameProfileWithCallSite(DeltaLogging.scala:969)
	at com.databricks.sql.transaction.tahoe.metering.DeltaLogging.recordFrameProfileWithCallSite$(DeltaLogging.scala:966)
	at com.databricks.sql.transaction.tahoe.catalog.AbstractDeltaCatalog.recordFrameProfileWithCallSite(AbstractDeltaCatalog.scala:202)
	at com.databricks.sql.transaction.tahoe.catalog.AbstractDeltaCatalog.com$databricks$sql$transaction$tahoe$catalog$AbstractDeltaCatalog$$createDeltaTable(AbstractDeltaCatalog.scala:433)
	at com.databricks.sql.transaction.tahoe.catalog.AbstractDeltaCatalog$StagedDeltaTableV2.$anonfun$commitStagedChanges$1(AbstractDeltaCatalog.scala:2511)
	at com.databricks.spark.util.FrameProfiler$.$anonfun$record$1(FrameProfiler.scala:114)
	at com.databricks.spark.util.FrameProfilerExporter$.maybeExportFrameProfiler(FrameProfilerExporter.scala:201)
	at com.databricks.spark.util.FrameProfiler$.record(FrameProfiler.scala:105)
	at com.databricks.sql.transaction.tahoe.metering.DeltaLogging.recordFrameProfileWithCallSite(DeltaLogging.scala:969)
	at com.databricks.sql.transaction.tahoe.metering.DeltaLogging.recordFrameProfileWithCallSite$(DeltaLogging.scala:966)
	at com.databricks.sql.transaction.tahoe.catalog.AbstractDeltaCatalog.recordFrameProfileWithCallSite(AbstractDeltaCatalog.scala:202)
	at com.databricks.sql.transaction.tahoe.catalog.AbstractDeltaCatalog$StagedDeltaTableV2.commitStagedChanges(AbstractDeltaCatalog.scala:2485)
	at org.apache.spark.sql.execution.datasources.v2.DataSourceV2Utils$.commitStagedChanges(DataSourceV2Utils.scala:325)
	at org.apache.spark.sql.execution.datasources.v2.V2CreateTableAsSelectBaseExec.$anonfun$writeToTable$6(WriteToDataSourceV2Exec.scala:1046)
	at scala.runtime.java8.JFunction0$mcV$sp.apply(JFunction0$mcV$sp.scala:18)
	at org.apache.spark.sql.execution.datasources.v2.WriteToDataSourceV2Exec$.handleConcurrentCreateExceptions(WriteToDataSourceV2Exec.scala:79)
	at org.apache.spark.sql.execution.datasources.v2.V2CreateTableAsSelectBaseExec.$anonfun$writeToTable$2(WriteToDataSourceV2Exec.scala:1046)
	at org.apache.spark.util.Utils$.tryWithSafeFinallyAndFailureCallbacks(Utils.scala:1726)
	at org.apache.spark.sql.execution.datasources.v2.V2CreateTableAsSelectBaseExec.$anonfun$writeToTable$1(WriteToDataSourceV2Exec.scala:1026)
	at com.databricks.spark.util.FrameProfiler$.$anonfun$record$1(FrameProfiler.scala:114)
	at com.databricks.spark.util.FrameProfilerExporter$.maybeExportFrameProfiler(FrameProfilerExporter.scala:201)
	at com.databricks.spark.util.FrameProfiler$.record(FrameProfiler.scala:105)
	at org.apache.spark.sql.execution.datasources.v2.V2CreateTableAsSelectBaseExec.writeToTable(WriteToDataSourceV2Exec.scala:1050)
	at org.apache.spark.sql.execution.datasources.v2.V2CreateTableAsSelectBaseExec.writeToTable$(WriteToDataSourceV2Exec.scala:1012)
	at org.apache.spark.sql.execution.datasources.v2.AtomicReplaceTableAsSelectExec.writeToTable(WriteToDataSourceV2Exec.scala:287)
	at org.apache.spark.sql.execution.datasources.v2.AtomicReplaceTableAsSelectExec.run(WriteToDataSourceV2Exec.scala:372)
	at org.apache.spark.sql.execution.datasources.v2.V2CommandExec.$anonfun$result$2(V2CommandExec.scala:48)
	at org.apache.spark.sql.execution.SparkPlan.runCommandInAetherOrSpark(SparkPlan.scala:202)
	at org.apache.spark.sql.execution.datasources.v2.V2CommandExec.$anonfun$result$1(V2CommandExec.scala:48)
	at com.databricks.spark.util.FrameProfiler$.$anonfun$record$1(FrameProfiler.scala:114)
	at com.databricks.spark.util.FrameProfilerExporter$.maybeExportFrameProfiler(FrameProfilerExporter.scala:201)
	at com.databricks.spark.util.FrameProfiler$.record(FrameProfiler.scala:105)
	at org.apache.spark.sql.execution.datasources.v2.V2CommandExec.result$lzycompute(V2CommandExec.scala:47)
	at org.apache.spark.sql.execution.datasources.v2.V2CommandExec.result(V2CommandExec.scala:45)
	at org.apache.spark.sql.execution.datasources.v2.V2CommandExec.executeCollect(V2CommandExec.scala:56)
	at org.apache.spark.sql.execution.QueryExecution$.$anonfun$runCommand$12(QueryExecution.scala:1968)
	at com.databricks.util.LexicalThreadLocal$Handle.runWith(LexicalThreadLocal.scala:63)
	at org.apache.spark.sql.execution.QueryExecution$.$anonfun$runCommand$11(QueryExecution.scala:1962)
	at com.databricks.util.LexicalThreadLocal$Handle.runWith(LexicalThreadLocal.scala:63)
	at org.apache.spark.sql.execution.QueryExecution$.executeWithCaches$1(QueryExecution.scala:1962)
	at org.apache.spark.sql.execution.QueryExecution$.$anonfun$runCommand$10(QueryExecution.scala:1968)
	at org.apache.spark.sql.catalyst.QueryPlanningTracker$.withTracker(QueryPlanningTracker.scala:274)
	at org.apache.spark.sql.execution.QueryExecution$.$anonfun$runCommand$9(QueryExecution.scala:1955)
	at org.apache.spark.sql.execution.SQLExecution$.$anonfun$withNewExecutionId0$24(SQLExecution.scala:1120)
	at com.databricks.sql.util.MemoryTrackerHelper.withMemoryTracking(MemoryTrackerHelper.scala:111)
	at org.apache.spark.sql.execution.SQLExecution$.$anonfun$withNewExecutionId0$21(SQLExecution.scala:1040)
	at com.databricks.unity.UCSManager$.withTemporaryScope(UCSManager.scala:168)
	at org.apache.spark.sql.execution.SQLExecution$.$anonfun$withNewExecutionId0$20(SQLExecution.scala:936)
	at org.apache.spark.sql.execution.SQLExecution$.withSessionTagsApplied(SQLExecution.scala:1580)
	at org.apache.spark.sql.execution.SQLExecution$.$anonfun$withNewExecutionId0$19(SQLExecution.scala:925)
	at org.apache.spark.JobArtifactSet$.withActiveJobArtifactState(JobArtifactSet.scala:97)
	at org.apache.spark.sql.artifact.ArtifactManager.$anonfun$withResources$1(ArtifactManager.scala:124)
	at org.apache.spark.sql.artifact.ArtifactManager.withClassLoaderIfNeeded(ArtifactManager.scala:118)
	at org.apache.spark.sql.artifact.ArtifactManager.withResources(ArtifactManager.scala:123)
	at org.apache.spark.sql.execution.SQLExecution$.$anonfun$withNewExecutionId0$18(SQLExecution.scala:925)
	at org.apache.spark.sql.execution.SQLExecution$.withSQLConfPropagated(SQLExecution.scala:1615)
	at org.apache.spark.sql.execution.SQLExecution$.$anonfun$withNewExecutionId0$1(SQLExecution.scala:924)
	at org.apache.spark.sql.SparkSession.withActive(SparkSession.scala:866)
	at org.apache.spark.sql.execution.SQLExecution$.withNewExecutionId0(SQLExecution.scala:657)
	at org.apache.spark.sql.execution.SQLExecution$.withNewExecutionId(SQLExecution.scala:1533)
	at org.apache.spark.sql.execution.QueryExecution$.$anonfun$runCommand$8(QueryExecution.scala:1955)
	at org.apache.spark.sql.execution.QueryExecution$.withInternalError(QueryExecution.scala:1822)
	at org.apache.spark.sql.execution.QueryExecution$.$anonfun$runCommand$7(QueryExecution.scala:1951)
	at org.apache.spark.sql.execution.QueryExecution.withMVTagsIfNecessary(QueryExecution.scala:710)
	at org.apache.spark.sql.execution.QueryExecution$.$anonfun$runCommand$4(QueryExecution.scala:1936)
	at scala.Option.map(Option.scala:242)
	at org.apache.spark.sql.execution.QueryExecution$.executeWithMVTags$1(QueryExecution.scala:1936)
	at org.apache.spark.sql.execution.QueryExecution$.runCommand(QueryExecution.scala:1949)
	at org.apache.spark.sql.execution.QueryExecution.org$apache$spark$sql$execution$QueryExecution$$eagerlyExecute$1(QueryExecution.scala:747)
	at org.apache.spark.sql.execution.QueryExecution$$anonfun$$nestedInanonfun$eagerlyExecuteCommands$1$1.applyOrElse(QueryExecution.scala:764)
	at org.apache.spark.sql.execution.QueryExecution$$anonfun$$nestedInanonfun$eagerlyExecuteCommands$1$1.applyOrElse(QueryExecution.scala:756)
	at org.apache.spark.sql.catalyst.trees.TreeNode.$anonfun$transformDownWithPruning$1(TreeNode.scala:610)
	at org.apache.spark.sql.catalyst.trees.CurrentOrigin$.withOrigin(origin.scala:142)
	at org.apache.spark.sql.catalyst.trees.TreeNode.transformDownWithPruning(TreeNode.scala:610)
	at org.apache.spark.sql.catalyst.plans.logical.LogicalPlan.org$apache$spark$sql$catalyst$plans$logical$AnalysisHelper$$super$transformDownWithPruning(LogicalPlan.scala:48)
	at org.apache.spark.sql.catalyst.plans.logical.AnalysisHelper.transformDownWithPruning(AnalysisHelper.scala:361)
	at org.apache.spark.sql.catalyst.plans.logical.AnalysisHelper.transformDownWithPruning$(AnalysisHelper.scala:357)
	at org.apache.spark.sql.catalyst.plans.logical.LogicalPlan.transformDownWithPruning(LogicalPlan.scala:48)
	at org.apache.spark.sql.catalyst.plans.logical.LogicalPlan.transformDownWithPruning(LogicalPlan.scala:48)
	at org.apache.spark.sql.catalyst.trees.TreeNode.transformDown(TreeNode.scala:586)
	at org.apache.spark.sql.execution.QueryExecution.$anonfun$eagerlyExecuteCommands$1(QueryExecution.scala:756)
	at org.apache.spark.sql.catalyst.plans.logical.AnalysisHelper$.allowInvokingTransformsInAnalyzer(AnalysisHelper.scala:418)
	at org.apache.spark.sql.execution.QueryExecution.eagerlyExecuteCommands(QueryExecution.scala:756)
	at org.apache.spark.sql.execution.QueryExecution.$anonfun$lazyCommandExecuted$1(QueryExecution.scala:666)
	at scala.util.Try$.apply(Try.scala:217)
	at org.apache.spark.util.Utils$.doTryWithCallerStacktrace(Utils.scala:1796)
	at org.apache.spark.util.Utils$.getTryWithCallerStacktrace(Utils.scala:1846)
	at org.apache.spark.util.LazyTry.get(LazyTry.scala:78)
	at org.apache.spark.sql.execution.QueryExecution.commandExecuted(QueryExecution.scala:671)
	at org.apache.spark.sql.execution.QueryExecution.assertCommandExecuted(QueryExecution.scala:804)
	at org.apache.spark.sql.classic.DataFrameWriter.runCommand(DataFrameWriter.scala:887)
	at org.apache.spark.sql.classic.DataFrameWriter.saveAsTable(DataFrameWriter.scala:732)
	at org.apache.spark.sql.classic.DataFrameWriter.saveAsTable(DataFrameWriter.scala:630)
	at org.apache.spark.sql.connect.planner.SparkConnectPlanner.handleWriteOperation(SparkConnectPlanner.scala:4603)
	at org.apache.spark.sql.connect.planner.SparkConnectPlanner.process(SparkConnectPlanner.scala:3782)
	at org.apache.spark.sql.connect.execution.ExecuteThreadRunner.handleCommand(ExecuteThreadRunner.scala:516)
	at org.apache.spark.sql.connect.execution.ExecuteThreadRunner.$anonfun$executeInternal$1(ExecuteThreadRunner.scala:406)
	at org.apache.spark.sql.connect.execution.ExecuteThreadRunner.$anonfun$executeInternal$1$adapted(ExecuteThreadRunner.scala:329)
	at org.apache.spark.sql.connect.service.SessionHolder.$anonfun$withSession$2(SessionHolder.scala:844)
	at org.apache.spark.sql.SparkSession.withActive(SparkSession.scala:866)
	at org.apache.spark.sql.connect.service.SessionHolder.$anonfun$withSession$1(SessionHolder.scala:844)
	at org.apache.spark.JobArtifactSet$.withActiveJobArtifactState(JobArtifactSet.scala:97)
	at org.apache.spark.sql.artifact.ArtifactManager.$anonfun$withResources$1(ArtifactManager.scala:124)
	at org.apache.spark.sql.artifact.ArtifactManager.withClassLoaderIfNeeded(ArtifactManager.scala:118)
	at org.apache.spark.sql.artifact.ArtifactManager.withResources(ArtifactManager.scala:123)
	at org.apache.spark.sql.connect.service.SessionHolder.withSession(SessionHolder.scala:843)
	at org.apache.spark.sql.connect.execution.ExecuteThreadRunner.executeInternal(ExecuteThreadRunner.scala:329)
	at org.apache.spark.sql.connect.execution.ExecuteThreadRunner.$anonfun$execute$1(ExecuteThreadRunner.scala:194)
	at scala.runtime.java8.JFunction0$mcV$sp.apply(JFunction0$mcV$sp.scala:18)
	at com.databricks.spark.connect.service.UtilizationMetrics.recordActiveQueries(UtilizationMetrics.scala:92)
	at com.databricks.spark.connect.service.UtilizationMetrics.recordActiveQueries$(UtilizationMetrics.scala:89)
	at org.apache.spark.sql.connect.execution.ExecuteThreadRunner.recordActiveQueries(ExecuteThreadRunner.scala:55)
	at org.apache.spark.sql.connect.execution.ExecuteThreadRunner.org$apache$spark$sql$connect$execution$ExecuteThreadRunner$$execute(ExecuteThreadRunner.scala:186)
	at org.apache.spark.sql.connect.execution.ExecuteThreadRunner$ExecutionThread.$anonfun$run$3(ExecuteThreadRunner.scala:587)
	at scala.runtime.java8.JFunction0$mcV$sp.apply(JFunction0$mcV$sp.scala:18)
	at com.databricks.spark.util.DBRTracing$.withSpanFromParent(DBRTracing.scala:70)
	at org.apache.spark.sql.connect.execution.ExecuteThreadRunner$ExecutionThread.$anonfun$run$2(ExecuteThreadRunner.scala:587)
	at scala.runtime.java8.JFunction0$mcV$sp.apply(JFunction0$mcV$sp.scala:18)
	at com.databricks.unity.UCSEphemeralState$Handle.runWith(UCSEphemeralState.scala:51)
	at com.databricks.unity.HandleImpl.runWith(UCSHandle.scala:128)
	at com.databricks.unity.HandleImpl.$anonfun$runWithAndClose$1(UCSHandle.scala:133)
	at scala.util.Using$.resource(Using.scala:296)
	at com.databricks.unity.HandleImpl.runWithAndClose(UCSHandle.scala:132)
	at org.apache.spark.sql.connect.execution.ExecuteThreadRunner$ExecutionThread.run(ExecuteThreadRunner.scala:586)
Caused by: com.databricks.sql.transaction.tahoe.DeltaAnalysisException: [DELTA_MERGE_INCOMPATIBLE_DATATYPE] Failed to merge incompatible data types DecimalType(19,5) and DoubleType.
	at com.databricks.sql.transaction.tahoe.schema.SchemaMergingUtils$.merge$1(SchemaMergingUtils.scala:332)
	at com.databricks.sql.transaction.tahoe.schema.SchemaMergingUtils$.$anonfun$mergeDataTypes$1(SchemaMergingUtils.scala:227)
	at scala.collection.ArrayOps$.map$extension(ArrayOps.scala:936)
	at com.databricks.sql.transaction.tahoe.schema.SchemaMergingUtils$.merge$1(SchemaMergingUtils.scala:218)
	at com.databricks.sql.transaction.tahoe.schema.SchemaMergingUtils$.mergeDataTypes(SchemaMergingUtils.scala:336)
	at com.databricks.sql.transaction.tahoe.schema.SchemaMergingUtils$.mergeSchemas(SchemaMergingUtils.scala:180)
	at com.databricks.sql.transaction.tahoe.schema.ImplicitMetadataOperation$.mergeSchema(ImplicitMetadataOperation.scala:367)
	at com.databricks.sql.transaction.tahoe.schema.ImplicitMetadataOperation.updateMetadata(ImplicitMetadataOperation.scala:113)
	at com.databricks.sql.transaction.tahoe.schema.ImplicitMetadataOperation.updateMetadata$(ImplicitMetadataOperation.scala:92)
	at com.databricks.sql.transaction.tahoe.commands.WriteIntoDeltaEdge.updateMetadata(WriteIntoDeltaEdge.scala:137)
	at com.databricks.sql.transaction.tahoe.commands.WriteIntoDeltaEdge.writeAndReturnCommitDataAndMaterializationPlans(WriteIntoDeltaEdge.scala:548)
	at com.databricks.sql.transaction.tahoe.commands.WriteIntoDeltaEdge.writeAndReturnCommitData(WriteIntoDeltaEdge.scala:369)
	at com.databricks.sql.transaction.tahoe.commands.CreateDeltaTableCommand.doDeltaWrite$1(CreateDeltaTableCommand.scala:751)
	at com.databricks.sql.transaction.tahoe.commands.CreateDeltaTableCommand.handleCreateTableAsSelect(CreateDeltaTableCommand.scala:899)
	at com.databricks.sql.transaction.tahoe.commands.CreateDeltaTableCommand.$anonfun$handleCommit$1(CreateDeltaTableCommand.scala:461)
	at com.databricks.sql.transaction.tahoe.OptimisticTransaction$.withActive(OptimisticTransaction.scala:300)
	at com.databricks.sql.transaction.tahoe.commands.CreateDeltaTableCommand.handleCommit(CreateDeltaTableCommand.scala:441)
	at com.databricks.sql.transaction.tahoe.commands.CreateDeltaTableCommand.$anonfun$run$9(CreateDeltaTableCommand.scala:344)
	at com.databricks.sql.transaction.tahoe.metering.DeltaLogging.withOperationTypeTag(DeltaLogging.scala:854)
	at com.databricks.sql.transaction.tahoe.metering.DeltaLogging.withOperationTypeTag$(DeltaLogging.scala:841)
	at com.databricks.sql.transaction.tahoe.commands.CreateDeltaTableCommand.withOperationTypeTag(CreateDeltaTableCommand.scala:108)
	at com.databricks.sql.transaction.tahoe.metering.DeltaLogging.$anonfun$recordDeltaOperationInternal$2(DeltaLogging.scala:527)
	at com.databricks.spark.util.FrameProfiler$.$anonfun$record$1(FrameProfiler.scala:114)
	at com.databricks.spark.util.FrameProfilerExporter$.maybeExportFrameProfiler(FrameProfilerExporter.scala:201)
	at com.databricks.spark.util.FrameProfiler$.record(FrameProfiler.scala:105)
	at com.databricks.sql.transaction.tahoe.metering.DeltaLogging.recordFrameProfileWithCallSite(DeltaLogging.scala:969)
	at com.databricks.sql.transaction.tahoe.metering.DeltaLogging.recordFrameProfileWithCallSite$(DeltaLogging.scala:966)
	at com.databricks.sql.transaction.tahoe.commands.CreateDeltaTableCommand.recordFrameProfileWithCallSite(CreateDeltaTableCommand.scala:108)
	at com.databricks.sql.transaction.tahoe.metering.DeltaLogging.$anonfun$recordDeltaOperationInternal$1(DeltaLogging.scala:526)
	at com.databricks.logging.UsageLogging.$anonfun$recordOperation$1(UsageLogging.scala:531)
	at com.databricks.logging.UsageLogging.executeThunkAndCaptureResultTags$1(UsageLogging.scala:669)
	at com.databricks.logging.UsageLogging.$anonfun$recordOperationWithResultTags$6(UsageLogging.scala:696)
	at com.databricks.logging.AttributionContextTracing.$anonfun$withAttributionContext$1(AttributionContextTracing.scala:146)
	at com.databricks.logging.AttributionContext$.$anonfun$withValue$1(AttributionContext.scala:349)
	at scala.util.DynamicVariable.withValue(DynamicVariable.scala:59)
	at com.databricks.logging.AttributionContext$.withValue(AttributionContext.scala:345)
	at com.databricks.logging.AttributionContextTracing.withAttributionContext(AttributionContextTracing.scala:144)
	at com.databricks.logging.AttributionContextTracing.withAttributionContext$(AttributionContextTracing.scala:141)
	at com.databricks.spark.util.PublicDBLogging.withAttributionContext(DatabricksSparkUsageLogger.scala:29)
	at com.databricks.logging.AttributionContextTracing.withAttributionTags(AttributionContextTracing.scala:201)
	at com.databricks.logging.AttributionContextTracing.withAttributionTags$(AttributionContextTracing.scala:182)
	at com.databricks.spark.util.PublicDBLogging.withAttributionTags(DatabricksSparkUsageLogger.scala:29)
	at com.databricks.logging.UsageLogging.$anonfun$recordOperationWithResultTags$5(UsageLogging.scala:664)
	at com.databricks.logging.UsageLogging.withOtelSpanInContext$1(UsageLogging.scala:656)
	at com.databricks.logging.UsageLogging.recordOperationWithResultTags(UsageLogging.scala:659)
	at com.databricks.logging.UsageLogging.recordOperationWithResultTags$(UsageLogging.scala:540)
	at com.databricks.spark.util.PublicDBLogging.recordOperationWithResultTags(DatabricksSparkUsageLogger.scala:29)
	at com.databricks.logging.UsageLogging.recordOperation(UsageLogging.scala:532)
	at com.databricks.logging.UsageLogging.recordOperation$(UsageLogging.scala:496)
	at com.databricks.spark.util.PublicDBLogging.recordOperation(DatabricksSparkUsageLogger.scala:29)
	at com.databricks.spark.util.PublicDBLogging.recordOperation0(DatabricksSparkUsageLogger.scala:104)
	at com.databricks.spark.util.DatabricksSparkUsageLogger.recordOperation(DatabricksSparkUsageLogger.scala:193)
	at com.databricks.spark.util.UsageLogger.recordOperation(UsageLogger.scala:78)
	at com.databricks.spark.util.UsageLogger.recordOperation$(UsageLogger.scala:65)
	at com.databricks.spark.util.DatabricksSparkUsageLogger.recordOperation(DatabricksSparkUsageLogger.scala:152)
	at com.databricks.spark.util.UsageLogging.recordOperation(UsageLogger.scala:537)
	at com.databricks.spark.util.UsageLogging.recordOperation$(UsageLogger.scala:516)
	at com.databricks.sql.transaction.tahoe.commands.CreateDeltaTableCommand.recordOperation(CreateDeltaTableCommand.scala:108)
	at com.databricks.sql.transaction.tahoe.metering.DeltaLogging.recordDeltaOperationInternal(DeltaLogging.scala:525)
	at com.databricks.sql.transaction.tahoe.metering.DeltaLogging.recordDeltaOperation(DeltaLogging.scala:515)
	at com.databricks.sql.transaction.tahoe.metering.DeltaLogging.recordDeltaOperation$(DeltaLogging.scala:504)
	at com.databricks.sql.transaction.tahoe.commands.CreateDeltaTableCommand.recordDeltaOperation(CreateDeltaTableCommand.scala:108)
	at com.databricks.sql.transaction.tahoe.commands.CreateDeltaTableCommand.run(CreateDeltaTableCommand.scala:298)
	at com.databricks.sql.transaction.tahoe.catalog.AbstractDeltaCatalog.$anonfun$createDeltaTable$1(AbstractDeltaCatalog.scala:1033)
	at com.databricks.spark.util.FrameProfiler$.$anonfun$record$1(FrameProfiler.scala:114)
	at com.databricks.spark.util.FrameProfilerExporter$.maybeExportFrameProfiler(FrameProfilerExporter.scala:201)
	at com.databricks.spark.util.FrameProfiler$.record(FrameProfiler.scala:105)
	at com.databricks.sql.transaction.tahoe.metering.DeltaLogging.recordFrameProfileWithCallSite(DeltaLogging.scala:969)
	at com.databricks.sql.transaction.tahoe.metering.DeltaLogging.recordFrameProfileWithCallSite$(DeltaLogging.scala:966)
	at com.databricks.sql.transaction.tahoe.catalog.AbstractDeltaCatalog.recordFrameProfileWithCallSite(AbstractDeltaCatalog.scala:202)
	at com.databricks.sql.transaction.tahoe.catalog.AbstractDeltaCatalog.com$databricks$sql$transaction$tahoe$catalog$AbstractDeltaCatalog$$createDeltaTable(AbstractDeltaCatalog.scala:433)
	at com.databricks.sql.transaction.tahoe.catalog.AbstractDeltaCatalog$StagedDeltaTableV2.$anonfun$commitStagedChanges$1(AbstractDeltaCatalog.scala:2511)
	at com.databricks.spark.util.FrameProfiler$.$anonfun$record$1(FrameProfiler.scala:114)
	at com.databricks.spark.util.FrameProfilerExporter$.maybeExportFrameProfiler(FrameProfilerExporter.scala:201)
	at com.databricks.spark.util.FrameProfiler$.record(FrameProfiler.scala:105)
	at com.databricks.sql.transaction.tahoe.metering.DeltaLogging.recordFrameProfileWithCallSite(DeltaLogging.scala:969)
	at com.databricks.sql.transaction.tahoe.metering.DeltaLogging.recordFrameProfileWithCallSite$(DeltaLogging.scala:966)
	at com.databricks.sql.transaction.tahoe.catalog.AbstractDeltaCatalog.recordFrameProfileWithCallSite(AbstractDeltaCatalog.scala:202)
	at com.databricks.sql.transaction.tahoe.catalog.AbstractDeltaCatalog$StagedDeltaTableV2.commitStagedChanges(AbstractDeltaCatalog.scala:2485)
	at org.apache.spark.sql.execution.datasources.v2.DataSourceV2Utils$.commitStagedChanges(DataSourceV2Utils.scala:325)
	at org.apache.spark.sql.execution.datasources.v2.V2CreateTableAsSelectBaseExec.$anonfun$writeToTable$6(WriteToDataSourceV2Exec.scala:1046)
	at scala.runtime.java8.JFunction0$mcV$sp.apply(JFunction0$mcV$sp.scala:18)
	at org.apache.spark.sql.execution.datasources.v2.WriteToDataSourceV2Exec$.handleConcurrentCreateExceptions(WriteToDataSourceV2Exec.scala:79)
	at org.apache.spark.sql.execution.datasources.v2.V2CreateTableAsSelectBaseExec.$anonfun$writeToTable$2(WriteToDataSourceV2Exec.scala:1046)
	at org.apache.spark.util.Utils$.tryWithSafeFinallyAndFailureCallbacks(Utils.scala:1726)
	at org.apache.spark.sql.execution.datasources.v2.V2CreateTableAsSelectBaseExec.$anonfun$writeToTable$1(WriteToDataSourceV2Exec.scala:1026)
	at com.databricks.spark.util.FrameProfiler$.$anonfun$record$1(FrameProfiler.scala:114)
	at com.databricks.spark.util.FrameProfilerExporter$.maybeExportFrameProfiler(FrameProfilerExporter.scala:201)
	at com.databricks.spark.util.FrameProfiler$.record(FrameProfiler.scala:105)
	at org.apache.spark.sql.execution.datasources.v2.V2CreateTableAsSelectBaseExec.writeToTable(WriteToDataSourceV2Exec.scala:1050)
	at org.apache.spark.sql.execution.datasources.v2.V2CreateTableAsSelectBaseExec.writeToTable$(WriteToDataSourceV2Exec.scala:1012)
	at org.apache.spark.sql.execution.datasources.v2.AtomicReplaceTableAsSelectExec.writeToTable(WriteToDataSourceV2Exec.scala:287)
	at org.apache.spark.sql.execution.datasources.v2.AtomicReplaceTableAsSelectExec.run(WriteToDataSourceV2Exec.scala:372)
	at org.apache.spark.sql.execution.datasources.v2.V2CommandExec.$anonfun$result$2(V2CommandExec.scala:48)
	at org.apache.spark.sql.execution.SparkPlan.runCommandInAetherOrSpark(SparkPlan.scala:202)
	at org.apache.spark.sql.execution.datasources.v2.V2CommandExec.$anonfun$result$1(V2CommandExec.scala:48)
	at com.databricks.spark.util.FrameProfiler$.$anonfun$record$1(FrameProfiler.scala:114)
	at com.databricks.spark.util.FrameProfilerExporter$.maybeExportFrameProfiler(FrameProfilerExporter.scala:201)
	at com.databricks.spark.util.FrameProfiler$.record(FrameProfiler.scala:105)
	at org.apache.spark.sql.execution.datasources.v2.V2CommandExec.result$lzycompute(V2CommandExec.scala:47)
	at org.apache.spark.sql.execution.datasources.v2.V2CommandExec.result(V2CommandExec.scala:45)
	at org.apache.spark.sql.execution.datasources.v2.V2CommandExec.executeCollect(V2CommandExec.scala:56)
	at org.apache.spark.sql.execution.QueryExecution$.$anonfun$runCommand$12(QueryExecution.scala:1968)
	at com.databricks.util.LexicalThreadLocal$Handle.runWith(LexicalThreadLocal.scala:63)
	at org.apache.spark.sql.execution.QueryExecution$.$anonfun$runCommand$11(QueryExecution.scala:1962)
	at com.databricks.util.LexicalThreadLocal$Handle.runWith(LexicalThreadLocal.scala:63)
	at org.apache.spark.sql.execution.QueryExecution$.executeWithCaches$1(QueryExecution.scala:1962)
	at org.apache.spark.sql.execution.QueryExecution$.$anonfun$runCommand$10(QueryExecution.scala:1968)
	at org.apache.spark.sql.catalyst.QueryPlanningTracker$.withTracker(QueryPlanningTracker.scala:274)
	at org.apache.spark.sql.execution.QueryExecution$.$anonfun$runCommand$9(QueryExecution.scala:1955)
	at org.apache.spark.sql.execution.SQLExecution$.$anonfun$withNewExecutionId0$24(SQLExecution.scala:1120)
	at com.databricks.sql.util.MemoryTrackerHelper.withMemoryTracking(MemoryTrackerHelper.scala:111)
	at org.apache.spark.sql.execution.SQLExecution$.$anonfun$withNewExecutionId0$21(SQLExecution.scala:1040)
	at com.databricks.unity.UCSManager$.withTemporaryScope(UCSManager.scala:168)
	at org.apache.spark.sql.execution.SQLExecution$.$anonfun$withNewExecutionId0$20(SQLExecution.scala:936)
	at org.apache.spark.sql.execution.SQLExecution$.withSessionTagsApplied(SQLExecution.scala:1580)
	at org.apache.spark.sql.execution.SQLExecution$.$anonfun$withNewExecutionId0$19(SQLExecution.scala:925)
	at org.apache.spark.JobArtifactSet$.withActiveJobArtifactState(JobArtifactSet.scala:97)
	at org.apache.spark.sql.artifact.ArtifactManager.$anonfun$withResources$1(ArtifactManager.scala:124)
	at org.apache.spark.sql.artifact.ArtifactManager.withClassLoaderIfNeeded(ArtifactManager.scala:118)
	at org.apache.spark.sql.artifact.ArtifactManager.withResources(ArtifactManager.scala:123)
	at org.apache.spark.sql.execution.SQLExecution$.$anonfun$withNewExecutionId0$18(SQLExecution.scala:925)
	at org.apache.spark.sql.execution.SQLExecution$.withSQLConfPropagated(SQLExecution.scala:1615)
	at org.apache.spark.sql.execution.SQLExecution$.$anonfun$withNewExecutionId0$1(SQLExecution.scala:924)
	at org.apache.spark.sql.SparkSession.withActive(SparkSession.scala:866)
	at org.apache.spark.sql.execution.SQLExecution$.withNewExecutionId0(SQLExecution.scala:657)
	at org.apache.spark.sql.execution.SQLExecution$.withNewExecutionId(SQLExecution.scala:1533)
	at org.apache.spark.sql.execution.QueryExecution$.$anonfun$runCommand$8(QueryExecution.scala:1955)
	at org.apache.spark.sql.execution.QueryExecution$.withInternalError(QueryExecution.scala:1822)
	at org.apache.spark.sql.execution.QueryExecution$.$anonfun$runCommand$7(QueryExecution.scala:1951)
	at org.apache.spark.sql.execution.QueryExecution.withMVTagsIfNecessary(QueryExecution.scala:710)
	at org.apache.spark.sql.execution.QueryExecution$.$anonfun$runCommand$4(QueryExecution.scala:1936)
	at scala.Option.map(Option.scala:242)
	at org.apache.spark.sql.execution.QueryExecution$.executeWithMVTags$1(QueryExecution.scala:1936)
	at org.apache.spark.sql.execution.QueryExecution$.runCommand(QueryExecution.scala:1949)
	at org.apache.spark.sql.execution.QueryExecution.org$apache$spark$sql$execution$QueryExecution$$eagerlyExecute$1(QueryExecution.scala:747)
	at org.apache.spark.sql.execution.QueryExecution$$anonfun$$nestedInanonfun$eagerlyExecuteCommands$1$1.applyOrElse(QueryExecution.scala:764)
	at org.apache.spark.sql.execution.QueryExecution$$anonfun$$nestedInanonfun$eagerlyExecuteCommands$1$1.applyOrElse(QueryExecution.scala:756)
	at org.apache.spark.sql.catalyst.trees.TreeNode.$anonfun$transformDownWithPruning$1(TreeNode.scala:610)
	at org.apache.spark.sql.catalyst.trees.CurrentOrigin$.withOrigin(origin.scala:142)
	at org.apache.spark.sql.catalyst.trees.TreeNode.transformDownWithPruning(TreeNode.scala:610)
	at org.apache.spark.sql.catalyst.plans.logical.LogicalPlan.org$apache$spark$sql$catalyst$plans$logical$AnalysisHelper$$super$transformDownWithPruning(LogicalPlan.scala:48)
	at org.apache.spark.sql.catalyst.plans.logical.AnalysisHelper.transformDownWithPruning(AnalysisHelper.scala:361)
	at org.apache.spark.sql.catalyst.plans.logical.AnalysisHelper.transformDownWithPruning$(AnalysisHelper.scala:357)
	at org.apache.spark.sql.catalyst.plans.logical.LogicalPlan.transformDownWithPruning(LogicalPlan.scala:48)
	at org.apache.spark.sql.catalyst.plans.logical.LogicalPlan.transformDownWithPruning(LogicalPlan.scala:48)
	at org.apache.spark.sql.catalyst.trees.TreeNode.transformDown(TreeNode.scala:586)
	at org.apache.spark.sql.execution.QueryExecution.$anonfun$eagerlyExecuteCommands$1(QueryExecution.scala:756)
	at org.apache.spark.sql.catalyst.plans.logical.AnalysisHelper$.allowInvokingTransformsInAnalyzer(AnalysisHelper.scala:418)
	at org.apache.spark.sql.execution.QueryExecution.eagerlyExecuteCommands(QueryExecution.scala:756)
	at org.apache.spark.sql.execution.QueryExecution.$anonfun$lazyCommandExecuted$1(QueryExecution.scala:666)
	at scala.util.Try$.apply(Try.scala:217)
	at org.apache.spark.util.Utils$.doTryWithCallerStacktrace(Utils.scala:1796)
	at org.apache.spark.util.LazyTry.tryT$lzycompute(LazyTry.scala:60)
	at org.apache.spark.util.LazyTry.tryT(LazyTry.scala:59)
	at org.apache.spark.util.LazyTry.get(LazyTry.scala:78)
	at org.apache.spark.sql.execution.QueryExecution.commandExecuted(QueryExecution.scala:671)
	at org.apache.spark.sql.execution.QueryExecution.assertCommandExecuted(QueryExecution.scala:804)
	at org.apache.spark.sql.classic.DataFrameWriter.runCommand(DataFrameWriter.scala:887)
	at org.apache.spark.sql.classic.DataFrameWriter.saveAsTable(DataFrameWriter.scala:732)
	at org.apache.spark.sql.classic.DataFrameWriter.saveAsTable(DataFrameWriter.scala:630)
	at org.apache.spark.sql.connect.planner.SparkConnectPlanner.handleWriteOperation(SparkConnectPlanner.scala:4603)
	at org.apache.spark.sql.connect.planner.SparkConnectPlanner.process(SparkConnectPlanner.scala:3782)
	at org.apache.spark.sql.connect.execution.ExecuteThreadRunner.handleCommand(ExecuteThreadRunner.scala:516)
	at org.apache.spark.sql.connect.execution.ExecuteThreadRunner.$anonfun$executeInternal$1(ExecuteThreadRunner.scala:406)
	at org.apache.spark.sql.connect.execution.ExecuteThreadRunner.$anonfun$executeInternal$1$adapted(ExecuteThreadRunner.scala:329)
	at org.apache.spark.sql.connect.service.SessionHolder.$anonfun$withSession$2(SessionHolder.scala:844)
	at org.apache.spark.sql.SparkSession.withActive(SparkSession.scala:866)
	at org.apache.spark.sql.connect.service.SessionHolder.$anonfun$withSession$1(SessionHolder.scala:844)
	at org.apache.spark.JobArtifactSet$.withActiveJobArtifactState(JobArtifactSet.scala:97)
	at org.apache.spark.sql.artifact.ArtifactManager.$anonfun$withResources$1(ArtifactManager.scala:124)
	at org.apache.spark.sql.artifact.ArtifactManager.withClassLoaderIfNeeded(ArtifactManager.scala:118)
	at org.apache.spark.sql.artifact.ArtifactManager.withResources(ArtifactManager.scala:123)
	at org.apache.spark.sql.connect.service.SessionHolder.withSession(SessionHolder.scala:843)
	at org.apache.spark.sql.connect.execution.ExecuteThreadRunner.executeInternal(ExecuteThreadRunner.scala:329)
	at org.apache.spark.sql.connect.execution.ExecuteThreadRunner.$anonfun$execute$1(ExecuteThreadRunner.scala:194)
	at scala.runtime.java8.JFunction0$mcV$sp.apply(JFunction0$mcV$sp.scala:18)
	at com.databricks.spark.connect.service.UtilizationMetrics.recordActiveQueries(UtilizationMetrics.scala:92)
	at com.databricks.spark.connect.service.UtilizationMetrics.recordActiveQueries$(UtilizationMetrics.scala:89)
	at org.apache.spark.sql.connect.execution.ExecuteThreadRunner.recordActiveQueries(ExecuteThreadRunner.scala:55)
	at org.apache.spark.sql.connect.execution.ExecuteThreadRunner.org$apache$spark$sql$connect$execution$ExecuteThreadRunner$$execute(ExecuteThreadRunner.scala:186)
	at org.apache.spark.sql.connect.execution.ExecuteThreadRunner$ExecutionThread.$anonfun$run$3(ExecuteThreadRunner.scala:587)
	at scala.runtime.java8.JFunction0$mcV$sp.apply(JFunction0$mcV$sp.scala:18)
	at com.databricks.spark.util.DBRTracing$.withSpanFromParent(DBRTracing.scala:70)
	at org.apache.spark.sql.connect.execution.ExecuteThreadRunner$ExecutionThread.$anonfun$run$2(ExecuteThreadRunner.scala:587)
	at scala.runtime.java8.JFunction0$mcV$sp.apply(JFunction0$mcV$sp.scala:18)
	at com.databricks.unity.UCSEphemeralState$Handle.runWith(UCSEphemeralState.scala:51)
	at com.databricks.unity.HandleImpl.runWith(UCSHandle.scala:128)
	at com.databricks.unity.HandleImpl.$anonfun$runWithAndClose$1(UCSHandle.scala:133)
	at scala.util.Using$.resource(Using.scala:296)
	at com.databricks.unity.HandleImpl.runWithAndClose(UCSHandle.scala:132)
	at org.apache.spark.sql.connect.execution.ExecuteThreadRunner$ExecutionThread.run(ExecuteThreadRunner.scala:586)
2026-07-18 02:44:57,981 | INFO | periode = 202501, type = <class 'int'>
2026-07-18 02:44:57,983 | INFO | periode = 202501
2026-07-18 02:44:57,984 | INFO | table_name = silver_nyc_taxi
2026-07-18 02:44:57,985 | INFO | taxi_type = yellow
2026-07-18 02:45:01,610 | INFO | ******************************************************* Starting UberBronze *******************************************************
2026-07-18 02:45:01,612 | INFO | Extracting yellow_tripdata_2025-01.parquet from /Volumes/nyc_taxi/bronze/raw_files/yellow/2025/yellow_tripdata_2025-01.parquet
2026-07-18 02:45:10,075 | INFO | ======================================================= Bronze rows : 3475226 ======================================================= 
2026-07-18 02:45:10,076 | INFO | run completed in 8.46s
2026-07-18 02:45:10,078 | INFO | ******************************************************* Finished UberBronze *******************************************************
2026-07-18 02:45:10,078 | INFO | ========================================================================================================================
2026-07-18 02:45:10,080 | INFO | ******************************************************* Starting UberSilver *******************************************************
2026-07-18 02:45:10,541 | INFO | add_trip_duration completed in 0.04s
2026-07-18 02:45:10,544 | INFO | add_date_key completed in 0.0s
2026-07-18 02:45:10,545 | INFO | add_tip_percent completed in 0.0s
2026-07-18 02:45:10,546 | INFO | add_average_speed completed in 0.0s
2026-07-18 02:45:10,547 | INFO | add_date_features completed in 0.0s
2026-07-18 02:45:10,549 | INFO | cast_column_to_timestamp completed in 0.0s
2026-07-18 02:45:10,550 | INFO | apply_quality_rules completed in 0.0s
2026-07-18 02:45:12,042 | INFO | Silver rows : 3475226 -> 3323486
2026-07-18 02:45:12,063 | ERROR | File not found: /Workspace/Users/alphadiop@gmail.com/Learning workspace/src/nyc/schema/silver_nyc_taxi.json
2026-07-18 02:45:12,064 | ERROR | Error in pipeline : File not found: /Workspace/Users/alphadiop@gmail.com/Learning workspace/src/nyc/schema/silver_nyc_taxi.json
2026-07-18 02:47:59,824 | INFO | periode = 202501, type = <class 'int'>
2026-07-18 02:47:59,825 | INFO | periode = 202501
2026-07-18 02:47:59,825 | INFO | table_name = silver_nyc_taxi
2026-07-18 02:47:59,826 | INFO | taxi_type = yellow
2026-07-18 02:48:00,593 | INFO | ******************************************************* Starting UberBronze *******************************************************
2026-07-18 02:48:00,594 | INFO | Extracting yellow_tripdata_2025-01.parquet from /Volumes/nyc_taxi/bronze/raw_files/yellow/2025/yellow_tripdata_2025-01.parquet
2026-07-18 02:48:01,635 | INFO | ======================================================= Bronze rows : 3475226 ======================================================= 
2026-07-18 02:48:01,636 | INFO | run completed in 1.04s
2026-07-18 02:48:01,637 | INFO | ******************************************************* Finished UberBronze *******************************************************
2026-07-18 02:48:01,638 | INFO | ========================================================================================================================
2026-07-18 02:48:01,639 | INFO | ******************************************************* Starting UberSilver *******************************************************
2026-07-18 02:48:02,005 | INFO | add_trip_duration completed in 0.03s
2026-07-18 02:48:02,006 | INFO | add_date_key completed in 0.0s
2026-07-18 02:48:02,007 | INFO | add_tip_percent completed in 0.0s
2026-07-18 02:48:02,009 | INFO | add_average_speed completed in 0.0s
2026-07-18 02:48:02,010 | INFO | add_date_features completed in 0.0s
2026-07-18 02:48:02,011 | INFO | cast_column_to_timestamp completed in 0.0s
2026-07-18 02:48:02,012 | INFO | apply_quality_rules completed in 0.0s
2026-07-18 02:48:03,107 | INFO | Silver rows : 3475226 -> 3323486
2026-07-18 02:48:06,803 | INFO | run completed in 5.16s
2026-07-18 02:48:06,804 | INFO | ******************************************************* Finished UberSilver *******************************************************
2026-07-18 02:48:06,805 | INFO | ========================================================================================================================
2026-07-18 02:48:06,806 | INFO | ******************************************************* Starting UberGold *******************************************************
2026-07-18 02:48:06,807 | INFO | get_fact_trips completed in 0.0s
2026-07-18 02:48:06,808 | INFO | get_dim_date completed in 0.0s
2026-07-18 02:48:06,810 | INFO | get_kpi_daily completed in 0.0s
2026-07-18 02:48:13,456 | INFO | ============ Chargement des données dans Delta ============ 
2026-07-18 02:48:13,458 | INFO | ============ DEBUT DEBUG ============ 
2026-07-18 02:48:13,785 | INFO | ============ FIN DEBUG ============ 
2026-07-18 02:48:15,022 | INFO | ============ Suppression d'une période ============ 
2026-07-18 02:48:15,023 | INFO | ========================================================================================================================
2026-07-18 02:48:15,024 | INFO | Period 202501 deleted from silver_nyc_taxi
2026-07-18 02:48:26,132 | INFO | Table nyc_taxi.silver.silver_nyc_taxi saved
2026-07-18 02:48:26,737 | INFO | ============ Suppression d'une période ============ 
2026-07-18 02:48:26,738 | INFO | ========================================================================================================================
2026-07-18 02:48:26,739 | INFO | Period 202501 deleted from gold_fact_trips
2026-07-18 02:48:27,712 | ERROR | [DELTA_FAILED_TO_MERGE_FIELDS] Failed to merge fields 'trip_duration_minute' and 'trip_duration_minute'.

JVM stacktrace:
com.databricks.sql.transaction.tahoe.DeltaAnalysisException
	at com.databricks.sql.transaction.tahoe.schema.SchemaMergingUtils$.$anonfun$mergeDataTypes$1(SchemaMergingUtils.scala:232)
	at scala.collection.ArrayOps$.map$extension(ArrayOps.scala:936)
	at com.databricks.sql.transaction.tahoe.schema.SchemaMergingUtils$.merge$1(SchemaMergingUtils.scala:218)
	at com.databricks.sql.transaction.tahoe.schema.SchemaMergingUtils$.mergeDataTypes(SchemaMergingUtils.scala:336)
	at com.databricks.sql.transaction.tahoe.schema.SchemaMergingUtils$.mergeSchemas(SchemaMergingUtils.scala:180)
	at com.databricks.sql.transaction.tahoe.schema.ImplicitMetadataOperation$.mergeSchema(ImplicitMetadataOperation.scala:367)
	at com.databricks.sql.transaction.tahoe.schema.ImplicitMetadataOperation.updateMetadata(ImplicitMetadataOperation.scala:113)
	at com.databricks.sql.transaction.tahoe.schema.ImplicitMetadataOperation.updateMetadata$(ImplicitMetadataOperation.scala:92)
	at com.databricks.sql.transaction.tahoe.commands.WriteIntoDeltaEdge.updateMetadata(WriteIntoDeltaEdge.scala:137)
	at com.databricks.sql.transaction.tahoe.commands.WriteIntoDeltaEdge.writeAndReturnCommitDataAndMaterializationPlans(WriteIntoDeltaEdge.scala:548)
	at com.databricks.sql.transaction.tahoe.commands.WriteIntoDeltaEdge.writeAndReturnCommitData(WriteIntoDeltaEdge.scala:369)
	at com.databricks.sql.transaction.tahoe.commands.CreateDeltaTableCommand.doDeltaWrite$1(CreateDeltaTableCommand.scala:784)
	at com.databricks.sql.transaction.tahoe.commands.CreateDeltaTableCommand.handleCreateTableAsSelect(CreateDeltaTableCommand.scala:932)
	at com.databricks.sql.transaction.tahoe.commands.CreateDeltaTableCommand.$anonfun$handleCommit$1(CreateDeltaTableCommand.scala:463)
	at com.databricks.sql.transaction.tahoe.OptimisticTransaction$.withActive(OptimisticTransaction.scala:324)
	at com.databricks.sql.transaction.tahoe.commands.CreateDeltaTableCommand.handleCommit(CreateDeltaTableCommand.scala:443)
	at com.databricks.sql.transaction.tahoe.commands.CreateDeltaTableCommand.$anonfun$run$9(CreateDeltaTableCommand.scala:346)
	at com.databricks.sql.transaction.tahoe.metering.DeltaLogging.withOperationTypeTag(DeltaLogging.scala:854)
	at com.databricks.sql.transaction.tahoe.metering.DeltaLogging.withOperationTypeTag$(DeltaLogging.scala:841)
	at com.databricks.sql.transaction.tahoe.commands.CreateDeltaTableCommand.withOperationTypeTag(CreateDeltaTableCommand.scala:109)
	at com.databricks.sql.transaction.tahoe.metering.DeltaLogging.$anonfun$recordDeltaOperationInternal$2(DeltaLogging.scala:527)
	at com.databricks.spark.util.FrameProfiler$.$anonfun$record$1(FrameProfiler.scala:114)
	at com.databricks.spark.util.FrameProfilerExporter$.maybeExportFrameProfiler(FrameProfilerExporter.scala:201)
	at com.databricks.spark.util.FrameProfiler$.record(FrameProfiler.scala:105)
	at com.databricks.sql.transaction.tahoe.metering.DeltaLogging.recordFrameProfileWithCallSite(DeltaLogging.scala:969)
	at com.databricks.sql.transaction.tahoe.metering.DeltaLogging.recordFrameProfileWithCallSite$(DeltaLogging.scala:966)
	at com.databricks.sql.transaction.tahoe.commands.CreateDeltaTableCommand.recordFrameProfileWithCallSite(CreateDeltaTableCommand.scala:109)
	at com.databricks.sql.transaction.tahoe.metering.DeltaLogging.$anonfun$recordDeltaOperationInternal$1(DeltaLogging.scala:526)
	at com.databricks.logging.UsageLogging.$anonfun$recordOperation$1(UsageLogging.scala:531)
	at com.databricks.logging.UsageLogging.executeThunkAndCaptureResultTags$1(UsageLogging.scala:669)
	at com.databricks.logging.UsageLogging.$anonfun$recordOperationWithResultTags$6(UsageLogging.scala:696)
	at com.databricks.logging.AttributionContextTracing.$anonfun$withAttributionContext$1(AttributionContextTracing.scala:146)
	at com.databricks.logging.AttributionContext$.$anonfun$withValue$1(AttributionContext.scala:349)
	at scala.util.DynamicVariable.withValue(DynamicVariable.scala:59)
	at com.databricks.logging.AttributionContext$.withValue(AttributionContext.scala:345)
	at com.databricks.logging.AttributionContextTracing.withAttributionContext(AttributionContextTracing.scala:144)
	at com.databricks.logging.AttributionContextTracing.withAttributionContext$(AttributionContextTracing.scala:141)
	at com.databricks.spark.util.PublicDBLogging.withAttributionContext(DatabricksSparkUsageLogger.scala:29)
	at com.databricks.logging.AttributionContextTracing.withAttributionTags(AttributionContextTracing.scala:201)
	at com.databricks.logging.AttributionContextTracing.withAttributionTags$(AttributionContextTracing.scala:182)
	at com.databricks.spark.util.PublicDBLogging.withAttributionTags(DatabricksSparkUsageLogger.scala:29)
	at com.databricks.logging.UsageLogging.$anonfun$recordOperationWithResultTags$5(UsageLogging.scala:664)
	at com.databricks.logging.UsageLogging.withOtelSpanInContext$1(UsageLogging.scala:656)
	at com.databricks.logging.UsageLogging.recordOperationWithResultTags(UsageLogging.scala:659)
	at com.databricks.logging.UsageLogging.recordOperationWithResultTags$(UsageLogging.scala:540)
	at com.databricks.spark.util.PublicDBLogging.recordOperationWithResultTags(DatabricksSparkUsageLogger.scala:29)
	at com.databricks.logging.UsageLogging.recordOperation(UsageLogging.scala:532)
	at com.databricks.logging.UsageLogging.recordOperation$(UsageLogging.scala:496)
	at com.databricks.spark.util.PublicDBLogging.recordOperation(DatabricksSparkUsageLogger.scala:29)
	at com.databricks.spark.util.PublicDBLogging.recordOperation0(DatabricksSparkUsageLogger.scala:104)
	at com.databricks.spark.util.DatabricksSparkUsageLogger.recordOperation(DatabricksSparkUsageLogger.scala:193)
	at com.databricks.spark.util.UsageLogger.recordOperation(UsageLogger.scala:78)
	at com.databricks.spark.util.UsageLogger.recordOperation$(UsageLogger.scala:65)
	at com.databricks.spark.util.DatabricksSparkUsageLogger.recordOperation(DatabricksSparkUsageLogger.scala:152)
	at com.databricks.spark.util.UsageLogging.recordOperation(UsageLogger.scala:537)
	at com.databricks.spark.util.UsageLogging.recordOperation$(UsageLogger.scala:516)
	at com.databricks.sql.transaction.tahoe.commands.CreateDeltaTableCommand.recordOperation(CreateDeltaTableCommand.scala:109)
	at com.databricks.sql.transaction.tahoe.metering.DeltaLogging.recordDeltaOperationInternal(DeltaLogging.scala:525)
	at com.databricks.sql.transaction.tahoe.metering.DeltaLogging.recordDeltaOperation(DeltaLogging.scala:515)
	at com.databricks.sql.transaction.tahoe.metering.DeltaLogging.recordDeltaOperation$(DeltaLogging.scala:504)
	at com.databricks.sql.transaction.tahoe.commands.CreateDeltaTableCommand.recordDeltaOperation(CreateDeltaTableCommand.scala:109)
	at com.databricks.sql.transaction.tahoe.commands.CreateDeltaTableCommand.run(CreateDeltaTableCommand.scala:300)
	at com.databricks.sql.transaction.tahoe.catalog.AbstractDeltaCatalog.$anonfun$createDeltaTable$1(AbstractDeltaCatalog.scala:1065)
	at com.databricks.spark.util.FrameProfiler$.$anonfun$record$1(FrameProfiler.scala:114)
	at com.databricks.spark.util.FrameProfilerExporter$.maybeExportFrameProfiler(FrameProfilerExporter.scala:201)
	at com.databricks.spark.util.FrameProfiler$.record(FrameProfiler.scala:105)
	at com.databricks.sql.transaction.tahoe.metering.DeltaLogging.recordFrameProfileWithCallSite(DeltaLogging.scala:969)
	at com.databricks.sql.transaction.tahoe.metering.DeltaLogging.recordFrameProfileWithCallSite$(DeltaLogging.scala:966)
	at com.databricks.sql.transaction.tahoe.catalog.AbstractDeltaCatalog.recordFrameProfileWithCallSite(AbstractDeltaCatalog.scala:203)
	at com.databricks.sql.transaction.tahoe.catalog.AbstractDeltaCatalog.com$databricks$sql$transaction$tahoe$catalog$AbstractDeltaCatalog$$createDeltaTable(AbstractDeltaCatalog.scala:434)
	at com.databricks.sql.transaction.tahoe.catalog.AbstractDeltaCatalog$StagedDeltaTableV2.$anonfun$commitStagedChanges$1(AbstractDeltaCatalog.scala:2543)
	at com.databricks.spark.util.FrameProfiler$.$anonfun$record$1(FrameProfiler.scala:114)
	at com.databricks.spark.util.FrameProfilerExporter$.maybeExportFrameProfiler(FrameProfilerExporter.scala:201)
	at com.databricks.spark.util.FrameProfiler$.record(FrameProfiler.scala:105)
	at com.databricks.sql.transaction.tahoe.metering.DeltaLogging.recordFrameProfileWithCallSite(DeltaLogging.scala:969)
	at com.databricks.sql.transaction.tahoe.metering.DeltaLogging.recordFrameProfileWithCallSite$(DeltaLogging.scala:966)
	at com.databricks.sql.transaction.tahoe.catalog.AbstractDeltaCatalog.recordFrameProfileWithCallSite(AbstractDeltaCatalog.scala:203)
	at com.databricks.sql.transaction.tahoe.catalog.AbstractDeltaCatalog$StagedDeltaTableV2.commitStagedChanges(AbstractDeltaCatalog.scala:2517)
	at org.apache.spark.sql.execution.datasources.v2.DataSourceV2Utils$.commitStagedChanges(DataSourceV2Utils.scala:325)
	at org.apache.spark.sql.execution.datasources.v2.V2CreateTableAsSelectBaseExec.$anonfun$writeToTable$6(WriteToDataSourceV2Exec.scala:1046)
	at scala.runtime.java8.JFunction0$mcV$sp.apply(JFunction0$mcV$sp.scala:18)
	at org.apache.spark.sql.execution.datasources.v2.WriteToDataSourceV2Exec$.handleConcurrentCreateExceptions(WriteToDataSourceV2Exec.scala:79)
	at org.apache.spark.sql.execution.datasources.v2.V2CreateTableAsSelectBaseExec.$anonfun$writeToTable$2(WriteToDataSourceV2Exec.scala:1046)
	at org.apache.spark.util.Utils$.tryWithSafeFinallyAndFailureCallbacks(Utils.scala:1726)
	at org.apache.spark.sql.execution.datasources.v2.V2CreateTableAsSelectBaseExec.$anonfun$writeToTable$1(WriteToDataSourceV2Exec.scala:1026)
	at com.databricks.spark.util.FrameProfiler$.$anonfun$record$1(FrameProfiler.scala:114)
	at com.databricks.spark.util.FrameProfilerExporter$.maybeExportFrameProfiler(FrameProfilerExporter.scala:201)
	at com.databricks.spark.util.FrameProfiler$.record(FrameProfiler.scala:105)
	at org.apache.spark.sql.execution.datasources.v2.V2CreateTableAsSelectBaseExec.writeToTable(WriteToDataSourceV2Exec.scala:1050)
	at org.apache.spark.sql.execution.datasources.v2.V2CreateTableAsSelectBaseExec.writeToTable$(WriteToDataSourceV2Exec.scala:1012)
	at org.apache.spark.sql.execution.datasources.v2.AtomicReplaceTableAsSelectExec.writeToTable(WriteToDataSourceV2Exec.scala:287)
	at org.apache.spark.sql.execution.datasources.v2.AtomicReplaceTableAsSelectExec.run(WriteToDataSourceV2Exec.scala:372)
	at org.apache.spark.sql.execution.datasources.v2.V2CommandExec.$anonfun$result$2(V2CommandExec.scala:48)
	at org.apache.spark.sql.execution.SparkPlan.runCommandInAetherOrSpark(SparkPlan.scala:202)
	at org.apache.spark.sql.execution.datasources.v2.V2CommandExec.$anonfun$result$1(V2CommandExec.scala:48)
	at com.databricks.spark.util.FrameProfiler$.$anonfun$record$1(FrameProfiler.scala:114)
	at com.databricks.spark.util.FrameProfilerExporter$.maybeExportFrameProfiler(FrameProfilerExporter.scala:201)
	at com.databricks.spark.util.FrameProfiler$.record(FrameProfiler.scala:105)
	at org.apache.spark.sql.execution.datasources.v2.V2CommandExec.result$lzycompute(V2CommandExec.scala:47)
	at org.apache.spark.sql.execution.datasources.v2.V2CommandExec.result(V2CommandExec.scala:45)
	at org.apache.spark.sql.execution.datasources.v2.V2CommandExec.executeCollect(V2CommandExec.scala:56)
	at org.apache.spark.sql.execution.QueryExecution$.$anonfun$runCommand$12(QueryExecution.scala:1968)
	at com.databricks.util.LexicalThreadLocal$Handle.runWith(LexicalThreadLocal.scala:63)
	at org.apache.spark.sql.execution.QueryExecution$.$anonfun$runCommand$11(QueryExecution.scala:1962)
	at com.databricks.util.LexicalThreadLocal$Handle.runWith(LexicalThreadLocal.scala:63)
	at org.apache.spark.sql.execution.QueryExecution$.executeWithCaches$1(QueryExecution.scala:1962)
	at org.apache.spark.sql.execution.QueryExecution$.$anonfun$runCommand$10(QueryExecution.scala:1968)
	at org.apache.spark.sql.catalyst.QueryPlanningTracker$.withTracker(QueryPlanningTracker.scala:275)
	at org.apache.spark.sql.execution.QueryExecution$.$anonfun$runCommand$9(QueryExecution.scala:1955)
	at org.apache.spark.sql.execution.SQLExecution$.$anonfun$withNewExecutionId0$24(SQLExecution.scala:1112)
	at com.databricks.sql.util.MemoryTrackerHelper.withMemoryTracking(MemoryTrackerHelper.scala:111)
	at org.apache.spark.sql.execution.SQLExecution$.$anonfun$withNewExecutionId0$21(SQLExecution.scala:1032)
	at com.databricks.unity.UCSManager$.withTemporaryScope(UCSManager.scala:168)
	at org.apache.spark.sql.execution.SQLExecution$.$anonfun$withNewExecutionId0$20(SQLExecution.scala:928)
	at org.apache.spark.sql.execution.SQLExecution$.withSessionTagsApplied(SQLExecution.scala:1572)
	at org.apache.spark.sql.execution.SQLExecution$.$anonfun$withNewExecutionId0$19(SQLExecution.scala:917)
	at org.apache.spark.JobArtifactSet$.withActiveJobArtifactState(JobArtifactSet.scala:97)
	at org.apache.spark.sql.artifact.ArtifactManager.$anonfun$withResources$1(ArtifactManager.scala:124)
	at org.apache.spark.sql.artifact.ArtifactManager.withClassLoaderIfNeeded(ArtifactManager.scala:118)
	at org.apache.spark.sql.artifact.ArtifactManager.withResources(ArtifactManager.scala:123)
	at org.apache.spark.sql.execution.SQLExecution$.$anonfun$withNewExecutionId0$18(SQLExecution.scala:917)
	at org.apache.spark.sql.execution.SQLExecution$.withSQLConfPropagated(SQLExecution.scala:1607)
	at org.apache.spark.sql.execution.SQLExecution$.$anonfun$withNewExecutionId0$1(SQLExecution.scala:916)
	at org.apache.spark.sql.SparkSession.withActive(SparkSession.scala:866)
	at org.apache.spark.sql.execution.SQLExecution$.withNewExecutionId0(SQLExecution.scala:657)
	at org.apache.spark.sql.execution.SQLExecution$.withNewExecutionId(SQLExecution.scala:1525)
	at org.apache.spark.sql.execution.QueryExecution$.$anonfun$runCommand$8(QueryExecution.scala:1955)
	at org.apache.spark.sql.execution.QueryExecution$.withInternalError(QueryExecution.scala:1822)
	at org.apache.spark.sql.execution.QueryExecution$.$anonfun$runCommand$7(QueryExecution.scala:1951)
	at org.apache.spark.sql.execution.QueryExecution.withMVTagsIfNecessary(QueryExecution.scala:710)
	at org.apache.spark.sql.execution.QueryExecution$.$anonfun$runCommand$4(QueryExecution.scala:1936)
	at scala.Option.map(Option.scala:242)
	at org.apache.spark.sql.execution.QueryExecution$.executeWithMVTags$1(QueryExecution.scala:1936)
	at org.apache.spark.sql.execution.QueryExecution$.runCommand(QueryExecution.scala:1949)
	at org.apache.spark.sql.execution.QueryExecution.org$apache$spark$sql$execution$QueryExecution$$eagerlyExecute$1(QueryExecution.scala:747)
	at org.apache.spark.sql.execution.QueryExecution$$anonfun$$nestedInanonfun$eagerlyExecuteCommands$1$1.applyOrElse(QueryExecution.scala:764)
	at org.apache.spark.sql.execution.QueryExecution$$anonfun$$nestedInanonfun$eagerlyExecuteCommands$1$1.applyOrElse(QueryExecution.scala:756)
	at org.apache.spark.sql.catalyst.trees.TreeNode.$anonfun$transformDownWithPruning$1(TreeNode.scala:610)
	at org.apache.spark.sql.catalyst.trees.CurrentOrigin$.withOrigin(origin.scala:142)
	at org.apache.spark.sql.catalyst.trees.TreeNode.transformDownWithPruning(TreeNode.scala:610)
	at org.apache.spark.sql.catalyst.plans.logical.LogicalPlan.org$apache$spark$sql$catalyst$plans$logical$AnalysisHelper$$super$transformDownWithPruning(LogicalPlan.scala:48)
	at org.apache.spark.sql.catalyst.plans.logical.AnalysisHelper.transformDownWithPruning(AnalysisHelper.scala:361)
	at org.apache.spark.sql.catalyst.plans.logical.AnalysisHelper.transformDownWithPruning$(AnalysisHelper.scala:357)
	at org.apache.spark.sql.catalyst.plans.logical.LogicalPlan.transformDownWithPruning(LogicalPlan.scala:48)
	at org.apache.spark.sql.catalyst.plans.logical.LogicalPlan.transformDownWithPruning(LogicalPlan.scala:48)
	at org.apache.spark.sql.catalyst.trees.TreeNode.transformDown(TreeNode.scala:586)
	at org.apache.spark.sql.execution.QueryExecution.$anonfun$eagerlyExecuteCommands$1(QueryExecution.scala:756)
	at org.apache.spark.sql.catalyst.plans.logical.AnalysisHelper$.allowInvokingTransformsInAnalyzer(AnalysisHelper.scala:418)
	at org.apache.spark.sql.execution.QueryExecution.eagerlyExecuteCommands(QueryExecution.scala:756)
	at org.apache.spark.sql.execution.QueryExecution.$anonfun$lazyCommandExecuted$1(QueryExecution.scala:666)
	at scala.util.Try$.apply(Try.scala:217)
	at org.apache.spark.util.Utils$.doTryWithCallerStacktrace(Utils.scala:1796)
	at org.apache.spark.util.Utils$.getTryWithCallerStacktrace(Utils.scala:1846)
	at org.apache.spark.util.LazyTry.get(LazyTry.scala:78)
	at org.apache.spark.sql.execution.QueryExecution.commandExecuted(QueryExecution.scala:671)
	at org.apache.spark.sql.execution.QueryExecution.assertCommandExecuted(QueryExecution.scala:804)
	at org.apache.spark.sql.classic.DataFrameWriter.runCommand(DataFrameWriter.scala:887)
	at org.apache.spark.sql.classic.DataFrameWriter.saveAsTable(DataFrameWriter.scala:732)
	at org.apache.spark.sql.classic.DataFrameWriter.saveAsTable(DataFrameWriter.scala:630)
	at org.apache.spark.sql.connect.planner.SparkConnectPlanner.handleWriteOperation(SparkConnectPlanner.scala:4607)
	at org.apache.spark.sql.connect.planner.SparkConnectPlanner.process(SparkConnectPlanner.scala:3782)
	at org.apache.spark.sql.connect.execution.ExecuteThreadRunner.handleCommand(ExecuteThreadRunner.scala:530)
	at org.apache.spark.sql.connect.execution.ExecuteThreadRunner.$anonfun$executeInternal$1(ExecuteThreadRunner.scala:420)
	at org.apache.spark.sql.connect.execution.ExecuteThreadRunner.$anonfun$executeInternal$1$adapted(ExecuteThreadRunner.scala:340)
	at org.apache.spark.sql.connect.service.SessionHolder.$anonfun$withSession$2(SessionHolder.scala:844)
	at org.apache.spark.sql.SparkSession.withActive(SparkSession.scala:866)
	at org.apache.spark.sql.connect.service.SessionHolder.$anonfun$withSession$1(SessionHolder.scala:844)
	at org.apache.spark.JobArtifactSet$.withActiveJobArtifactState(JobArtifactSet.scala:97)
	at org.apache.spark.sql.artifact.ArtifactManager.$anonfun$withResources$1(ArtifactManager.scala:124)
	at org.apache.spark.sql.artifact.ArtifactManager.withClassLoaderIfNeeded(ArtifactManager.scala:118)
	at org.apache.spark.sql.artifact.ArtifactManager.withResources(ArtifactManager.scala:123)
	at org.apache.spark.sql.connect.service.SessionHolder.withSession(SessionHolder.scala:843)
	at org.apache.spark.sql.connect.execution.ExecuteThreadRunner.executeInternal(ExecuteThreadRunner.scala:340)
	at org.apache.spark.sql.connect.execution.ExecuteThreadRunner.$anonfun$execute$1(ExecuteThreadRunner.scala:200)
	at scala.runtime.java8.JFunction0$mcV$sp.apply(JFunction0$mcV$sp.scala:18)
	at com.databricks.spark.connect.service.UtilizationMetrics.recordActiveQueries(UtilizationMetrics.scala:92)
	at com.databricks.spark.connect.service.UtilizationMetrics.recordActiveQueries$(UtilizationMetrics.scala:89)
	at org.apache.spark.sql.connect.execution.ExecuteThreadRunner.recordActiveQueries(ExecuteThreadRunner.scala:61)
	at org.apache.spark.sql.connect.execution.ExecuteThreadRunner.org$apache$spark$sql$connect$execution$ExecuteThreadRunner$$execute(ExecuteThreadRunner.scala:192)
	at org.apache.spark.sql.connect.execution.ExecuteThreadRunner$ExecutionThread.$anonfun$run$3(ExecuteThreadRunner.scala:601)
	at scala.runtime.java8.JFunction0$mcV$sp.apply(JFunction0$mcV$sp.scala:18)
	at com.databricks.spark.util.DBRTracing$.withSpanFromParent(DBRTracing.scala:70)
	at org.apache.spark.sql.connect.execution.ExecuteThreadRunner$ExecutionThread.$anonfun$run$2(ExecuteThreadRunner.scala:601)
	at scala.runtime.java8.JFunction0$mcV$sp.apply(JFunction0$mcV$sp.scala:18)
	at com.databricks.unity.UCSEphemeralState$Handle.runWith(UCSEphemeralState.scala:51)
	at com.databricks.unity.HandleImpl.runWith(UCSHandle.scala:128)
	at com.databricks.unity.HandleImpl.$anonfun$runWithAndClose$1(UCSHandle.scala:133)
	at scala.util.Using$.resource(Using.scala:296)
	at com.databricks.unity.HandleImpl.runWithAndClose(UCSHandle.scala:132)
	at org.apache.spark.sql.connect.execution.ExecuteThreadRunner$ExecutionThread.run(ExecuteThreadRunner.scala:600)
Caused by: com.databricks.sql.transaction.tahoe.DeltaAnalysisException: [DELTA_MERGE_INCOMPATIBLE_DATATYPE] Failed to merge incompatible data types IntegerType and DecimalType(19,5).
	at com.databricks.sql.transaction.tahoe.schema.SchemaMergingUtils$.merge$1(SchemaMergingUtils.scala:332)
	at com.databricks.sql.transaction.tahoe.schema.SchemaMergingUtils$.$anonfun$mergeDataTypes$1(SchemaMergingUtils.scala:227)
	at scala.collection.ArrayOps$.map$extension(ArrayOps.scala:936)
	at com.databricks.sql.transaction.tahoe.schema.SchemaMergingUtils$.merge$1(SchemaMergingUtils.scala:218)
	at com.databricks.sql.transaction.tahoe.schema.SchemaMergingUtils$.mergeDataTypes(SchemaMergingUtils.scala:336)
	at com.databricks.sql.transaction.tahoe.schema.SchemaMergingUtils$.mergeSchemas(SchemaMergingUtils.scala:180)
	at com.databricks.sql.transaction.tahoe.schema.ImplicitMetadataOperation$.mergeSchema(ImplicitMetadataOperation.scala:367)
	at com.databricks.sql.transaction.tahoe.schema.ImplicitMetadataOperation.updateMetadata(ImplicitMetadataOperation.scala:113)
	at com.databricks.sql.transaction.tahoe.schema.ImplicitMetadataOperation.updateMetadata$(ImplicitMetadataOperation.scala:92)
	at com.databricks.sql.transaction.tahoe.commands.WriteIntoDeltaEdge.updateMetadata(WriteIntoDeltaEdge.scala:137)
	at com.databricks.sql.transaction.tahoe.commands.WriteIntoDeltaEdge.writeAndReturnCommitDataAndMaterializationPlans(WriteIntoDeltaEdge.scala:548)
	at com.databricks.sql.transaction.tahoe.commands.WriteIntoDeltaEdge.writeAndReturnCommitData(WriteIntoDeltaEdge.scala:369)
	at com.databricks.sql.transaction.tahoe.commands.CreateDeltaTableCommand.doDeltaWrite$1(CreateDeltaTableCommand.scala:784)
	at com.databricks.sql.transaction.tahoe.commands.CreateDeltaTableCommand.handleCreateTableAsSelect(CreateDeltaTableCommand.scala:932)
	at com.databricks.sql.transaction.tahoe.commands.CreateDeltaTableCommand.$anonfun$handleCommit$1(CreateDeltaTableCommand.scala:463)
	at com.databricks.sql.transaction.tahoe.OptimisticTransaction$.withActive(OptimisticTransaction.scala:324)
	at com.databricks.sql.transaction.tahoe.commands.CreateDeltaTableCommand.handleCommit(CreateDeltaTableCommand.scala:443)
	at com.databricks.sql.transaction.tahoe.commands.CreateDeltaTableCommand.$anonfun$run$9(CreateDeltaTableCommand.scala:346)
	at com.databricks.sql.transaction.tahoe.metering.DeltaLogging.withOperationTypeTag(DeltaLogging.scala:854)
	at com.databricks.sql.transaction.tahoe.metering.DeltaLogging.withOperationTypeTag$(DeltaLogging.scala:841)
	at com.databricks.sql.transaction.tahoe.commands.CreateDeltaTableCommand.withOperationTypeTag(CreateDeltaTableCommand.scala:109)
	at com.databricks.sql.transaction.tahoe.metering.DeltaLogging.$anonfun$recordDeltaOperationInternal$2(DeltaLogging.scala:527)
	at com.databricks.spark.util.FrameProfiler$.$anonfun$record$1(FrameProfiler.scala:114)
	at com.databricks.spark.util.FrameProfilerExporter$.maybeExportFrameProfiler(FrameProfilerExporter.scala:201)
	at com.databricks.spark.util.FrameProfiler$.record(FrameProfiler.scala:105)
	at com.databricks.sql.transaction.tahoe.metering.DeltaLogging.recordFrameProfileWithCallSite(DeltaLogging.scala:969)
	at com.databricks.sql.transaction.tahoe.metering.DeltaLogging.recordFrameProfileWithCallSite$(DeltaLogging.scala:966)
	at com.databricks.sql.transaction.tahoe.commands.CreateDeltaTableCommand.recordFrameProfileWithCallSite(CreateDeltaTableCommand.scala:109)
	at com.databricks.sql.transaction.tahoe.metering.DeltaLogging.$anonfun$recordDeltaOperationInternal$1(DeltaLogging.scala:526)
	at com.databricks.logging.UsageLogging.$anonfun$recordOperation$1(UsageLogging.scala:531)
	at com.databricks.logging.UsageLogging.executeThunkAndCaptureResultTags$1(UsageLogging.scala:669)
	at com.databricks.logging.UsageLogging.$anonfun$recordOperationWithResultTags$6(UsageLogging.scala:696)
	at com.databricks.logging.AttributionContextTracing.$anonfun$withAttributionContext$1(AttributionContextTracing.scala:146)
	at com.databricks.logging.AttributionContext$.$anonfun$withValue$1(AttributionContext.scala:349)
	at scala.util.DynamicVariable.withValue(DynamicVariable.scala:59)
	at com.databricks.logging.AttributionContext$.withValue(AttributionContext.scala:345)
	at com.databricks.logging.AttributionContextTracing.withAttributionContext(AttributionContextTracing.scala:144)
	at com.databricks.logging.AttributionContextTracing.withAttributionContext$(AttributionContextTracing.scala:141)
	at com.databricks.spark.util.PublicDBLogging.withAttributionContext(DatabricksSparkUsageLogger.scala:29)
	at com.databricks.logging.AttributionContextTracing.withAttributionTags(AttributionContextTracing.scala:201)
	at com.databricks.logging.AttributionContextTracing.withAttributionTags$(AttributionContextTracing.scala:182)
	at com.databricks.spark.util.PublicDBLogging.withAttributionTags(DatabricksSparkUsageLogger.scala:29)
	at com.databricks.logging.UsageLogging.$anonfun$recordOperationWithResultTags$5(UsageLogging.scala:664)
	at com.databricks.logging.UsageLogging.withOtelSpanInContext$1(UsageLogging.scala:656)
	at com.databricks.logging.UsageLogging.recordOperationWithResultTags(UsageLogging.scala:659)
	at com.databricks.logging.UsageLogging.recordOperationWithResultTags$(UsageLogging.scala:540)
	at com.databricks.spark.util.PublicDBLogging.recordOperationWithResultTags(DatabricksSparkUsageLogger.scala:29)
	at com.databricks.logging.UsageLogging.recordOperation(UsageLogging.scala:532)
	at com.databricks.logging.UsageLogging.recordOperation$(UsageLogging.scala:496)
	at com.databricks.spark.util.PublicDBLogging.recordOperation(DatabricksSparkUsageLogger.scala:29)
	at com.databricks.spark.util.PublicDBLogging.recordOperation0(DatabricksSparkUsageLogger.scala:104)
	at com.databricks.spark.util.DatabricksSparkUsageLogger.recordOperation(DatabricksSparkUsageLogger.scala:193)
	at com.databricks.spark.util.UsageLogger.recordOperation(UsageLogger.scala:78)
	at com.databricks.spark.util.UsageLogger.recordOperation$(UsageLogger.scala:65)
	at com.databricks.spark.util.DatabricksSparkUsageLogger.recordOperation(DatabricksSparkUsageLogger.scala:152)
	at com.databricks.spark.util.UsageLogging.recordOperation(UsageLogger.scala:537)
	at com.databricks.spark.util.UsageLogging.recordOperation$(UsageLogger.scala:516)
	at com.databricks.sql.transaction.tahoe.commands.CreateDeltaTableCommand.recordOperation(CreateDeltaTableCommand.scala:109)
	at com.databricks.sql.transaction.tahoe.metering.DeltaLogging.recordDeltaOperationInternal(DeltaLogging.scala:525)
	at com.databricks.sql.transaction.tahoe.metering.DeltaLogging.recordDeltaOperation(DeltaLogging.scala:515)
	at com.databricks.sql.transaction.tahoe.metering.DeltaLogging.recordDeltaOperation$(DeltaLogging.scala:504)
	at com.databricks.sql.transaction.tahoe.commands.CreateDeltaTableCommand.recordDeltaOperation(CreateDeltaTableCommand.scala:109)
	at com.databricks.sql.transaction.tahoe.commands.CreateDeltaTableCommand.run(CreateDeltaTableCommand.scala:300)
	at com.databricks.sql.transaction.tahoe.catalog.AbstractDeltaCatalog.$anonfun$createDeltaTable$1(AbstractDeltaCatalog.scala:1065)
	at com.databricks.spark.util.FrameProfiler$.$anonfun$record$1(FrameProfiler.scala:114)
	at com.databricks.spark.util.FrameProfilerExporter$.maybeExportFrameProfiler(FrameProfilerExporter.scala:201)
	at com.databricks.spark.util.FrameProfiler$.record(FrameProfiler.scala:105)
	at com.databricks.sql.transaction.tahoe.metering.DeltaLogging.recordFrameProfileWithCallSite(DeltaLogging.scala:969)
	at com.databricks.sql.transaction.tahoe.metering.DeltaLogging.recordFrameProfileWithCallSite$(DeltaLogging.scala:966)
	at com.databricks.sql.transaction.tahoe.catalog.AbstractDeltaCatalog.recordFrameProfileWithCallSite(AbstractDeltaCatalog.scala:203)
	at com.databricks.sql.transaction.tahoe.catalog.AbstractDeltaCatalog.com$databricks$sql$transaction$tahoe$catalog$AbstractDeltaCatalog$$createDeltaTable(AbstractDeltaCatalog.scala:434)
	at com.databricks.sql.transaction.tahoe.catalog.AbstractDeltaCatalog$StagedDeltaTableV2.$anonfun$commitStagedChanges$1(AbstractDeltaCatalog.scala:2543)
	at com.databricks.spark.util.FrameProfiler$.$anonfun$record$1(FrameProfiler.scala:114)
	at com.databricks.spark.util.FrameProfilerExporter$.maybeExportFrameProfiler(FrameProfilerExporter.scala:201)
	at com.databricks.spark.util.FrameProfiler$.record(FrameProfiler.scala:105)
	at com.databricks.sql.transaction.tahoe.metering.DeltaLogging.recordFrameProfileWithCallSite(DeltaLogging.scala:969)
	at com.databricks.sql.transaction.tahoe.metering.DeltaLogging.recordFrameProfileWithCallSite$(DeltaLogging.scala:966)
	at com.databricks.sql.transaction.tahoe.catalog.AbstractDeltaCatalog.recordFrameProfileWithCallSite(AbstractDeltaCatalog.scala:203)
	at com.databricks.sql.transaction.tahoe.catalog.AbstractDeltaCatalog$StagedDeltaTableV2.commitStagedChanges(AbstractDeltaCatalog.scala:2517)
	at org.apache.spark.sql.execution.datasources.v2.DataSourceV2Utils$.commitStagedChanges(DataSourceV2Utils.scala:325)
	at org.apache.spark.sql.execution.datasources.v2.V2CreateTableAsSelectBaseExec.$anonfun$writeToTable$6(WriteToDataSourceV2Exec.scala:1046)
	at scala.runtime.java8.JFunction0$mcV$sp.apply(JFunction0$mcV$sp.scala:18)
	at org.apache.spark.sql.execution.datasources.v2.WriteToDataSourceV2Exec$.handleConcurrentCreateExceptions(WriteToDataSourceV2Exec.scala:79)
	at org.apache.spark.sql.execution.datasources.v2.V2CreateTableAsSelectBaseExec.$anonfun$writeToTable$2(WriteToDataSourceV2Exec.scala:1046)
	at org.apache.spark.util.Utils$.tryWithSafeFinallyAndFailureCallbacks(Utils.scala:1726)
	at org.apache.spark.sql.execution.datasources.v2.V2CreateTableAsSelectBaseExec.$anonfun$writeToTable$1(WriteToDataSourceV2Exec.scala:1026)
	at com.databricks.spark.util.FrameProfiler$.$anonfun$record$1(FrameProfiler.scala:114)
	at com.databricks.spark.util.FrameProfilerExporter$.maybeExportFrameProfiler(FrameProfilerExporter.scala:201)
	at com.databricks.spark.util.FrameProfiler$.record(FrameProfiler.scala:105)
	at org.apache.spark.sql.execution.datasources.v2.V2CreateTableAsSelectBaseExec.writeToTable(WriteToDataSourceV2Exec.scala:1050)
	at org.apache.spark.sql.execution.datasources.v2.V2CreateTableAsSelectBaseExec.writeToTable$(WriteToDataSourceV2Exec.scala:1012)
	at org.apache.spark.sql.execution.datasources.v2.AtomicReplaceTableAsSelectExec.writeToTable(WriteToDataSourceV2Exec.scala:287)
	at org.apache.spark.sql.execution.datasources.v2.AtomicReplaceTableAsSelectExec.run(WriteToDataSourceV2Exec.scala:372)
	at org.apache.spark.sql.execution.datasources.v2.V2CommandExec.$anonfun$result$2(V2CommandExec.scala:48)
	at org.apache.spark.sql.execution.SparkPlan.runCommandInAetherOrSpark(SparkPlan.scala:202)
	at org.apache.spark.sql.execution.datasources.v2.V2CommandExec.$anonfun$result$1(V2CommandExec.scala:48)
	at com.databricks.spark.util.FrameProfiler$.$anonfun$record$1(FrameProfiler.scala:114)
	at com.databricks.spark.util.FrameProfilerExporter$.maybeExportFrameProfiler(FrameProfilerExporter.scala:201)
	at com.databricks.spark.util.FrameProfiler$.record(FrameProfiler.scala:105)
	at org.apache.spark.sql.execution.datasources.v2.V2CommandExec.result$lzycompute(V2CommandExec.scala:47)
	at org.apache.spark.sql.execution.datasources.v2.V2CommandExec.result(V2CommandExec.scala:45)
	at org.apache.spark.sql.execution.datasources.v2.V2CommandExec.executeCollect(V2CommandExec.scala:56)
	at org.apache.spark.sql.execution.QueryExecution$.$anonfun$runCommand$12(QueryExecution.scala:1968)
	at com.databricks.util.LexicalThreadLocal$Handle.runWith(LexicalThreadLocal.scala:63)
	at org.apache.spark.sql.execution.QueryExecution$.$anonfun$runCommand$11(QueryExecution.scala:1962)
	at com.databricks.util.LexicalThreadLocal$Handle.runWith(LexicalThreadLocal.scala:63)
	at org.apache.spark.sql.execution.QueryExecution$.executeWithCaches$1(QueryExecution.scala:1962)
	at org.apache.spark.sql.execution.QueryExecution$.$anonfun$runCommand$10(QueryExecution.scala:1968)
	at org.apache.spark.sql.catalyst.QueryPlanningTracker$.withTracker(QueryPlanningTracker.scala:275)
	at org.apache.spark.sql.execution.QueryExecution$.$anonfun$runCommand$9(QueryExecution.scala:1955)
	at org.apache.spark.sql.execution.SQLExecution$.$anonfun$withNewExecutionId0$24(SQLExecution.scala:1112)
	at com.databricks.sql.util.MemoryTrackerHelper.withMemoryTracking(MemoryTrackerHelper.scala:111)
	at org.apache.spark.sql.execution.SQLExecution$.$anonfun$withNewExecutionId0$21(SQLExecution.scala:1032)
	at com.databricks.unity.UCSManager$.withTemporaryScope(UCSManager.scala:168)
	at org.apache.spark.sql.execution.SQLExecution$.$anonfun$withNewExecutionId0$20(SQLExecution.scala:928)
	at org.apache.spark.sql.execution.SQLExecution$.withSessionTagsApplied(SQLExecution.scala:1572)
	at org.apache.spark.sql.execution.SQLExecution$.$anonfun$withNewExecutionId0$19(SQLExecution.scala:917)
	at org.apache.spark.JobArtifactSet$.withActiveJobArtifactState(JobArtifactSet.scala:97)
	at org.apache.spark.sql.artifact.ArtifactManager.$anonfun$withResources$1(ArtifactManager.scala:124)
	at org.apache.spark.sql.artifact.ArtifactManager.withClassLoaderIfNeeded(ArtifactManager.scala:118)
	at org.apache.spark.sql.artifact.ArtifactManager.withResources(ArtifactManager.scala:123)
	at org.apache.spark.sql.execution.SQLExecution$.$anonfun$withNewExecutionId0$18(SQLExecution.scala:917)
	at org.apache.spark.sql.execution.SQLExecution$.withSQLConfPropagated(SQLExecution.scala:1607)
	at org.apache.spark.sql.execution.SQLExecution$.$anonfun$withNewExecutionId0$1(SQLExecution.scala:916)
	at org.apache.spark.sql.SparkSession.withActive(SparkSession.scala:866)
	at org.apache.spark.sql.execution.SQLExecution$.withNewExecutionId0(SQLExecution.scala:657)
	at org.apache.spark.sql.execution.SQLExecution$.withNewExecutionId(SQLExecution.scala:1525)
	at org.apache.spark.sql.execution.QueryExecution$.$anonfun$runCommand$8(QueryExecution.scala:1955)
	at org.apache.spark.sql.execution.QueryExecution$.withInternalError(QueryExecution.scala:1822)
	at org.apache.spark.sql.execution.QueryExecution$.$anonfun$runCommand$7(QueryExecution.scala:1951)
	at org.apache.spark.sql.execution.QueryExecution.withMVTagsIfNecessary(QueryExecution.scala:710)
	at org.apache.spark.sql.execution.QueryExecution$.$anonfun$runCommand$4(QueryExecution.scala:1936)
	at scala.Option.map(Option.scala:242)
	at org.apache.spark.sql.execution.QueryExecution$.executeWithMVTags$1(QueryExecution.scala:1936)
	at org.apache.spark.sql.execution.QueryExecution$.runCommand(QueryExecution.scala:1949)
	at org.apache.spark.sql.execution.QueryExecution.org$apache$spark$sql$execution$QueryExecution$$eagerlyExecute$1(QueryExecution.scala:747)
	at org.apache.spark.sql.execution.QueryExecution$$anonfun$$nestedInanonfun$eagerlyExecuteCommands$1$1.applyOrElse(QueryExecution.scala:764)
	at org.apache.spark.sql.execution.QueryExecution$$anonfun$$nestedInanonfun$eagerlyExecuteCommands$1$1.applyOrElse(QueryExecution.scala:756)
	at org.apache.spark.sql.catalyst.trees.TreeNode.$anonfun$transformDownWithPruning$1(TreeNode.scala:610)
	at org.apache.spark.sql.catalyst.trees.CurrentOrigin$.withOrigin(origin.scala:142)
	at org.apache.spark.sql.catalyst.trees.TreeNode.transformDownWithPruning(TreeNode.scala:610)
	at org.apache.spark.sql.catalyst.plans.logical.LogicalPlan.org$apache$spark$sql$catalyst$plans$logical$AnalysisHelper$$super$transformDownWithPruning(LogicalPlan.scala:48)
	at org.apache.spark.sql.catalyst.plans.logical.AnalysisHelper.transformDownWithPruning(AnalysisHelper.scala:361)
	at org.apache.spark.sql.catalyst.plans.logical.AnalysisHelper.transformDownWithPruning$(AnalysisHelper.scala:357)
	at org.apache.spark.sql.catalyst.plans.logical.LogicalPlan.transformDownWithPruning(LogicalPlan.scala:48)
	at org.apache.spark.sql.catalyst.plans.logical.LogicalPlan.transformDownWithPruning(LogicalPlan.scala:48)
	at org.apache.spark.sql.catalyst.trees.TreeNode.transformDown(TreeNode.scala:586)
	at org.apache.spark.sql.execution.QueryExecution.$anonfun$eagerlyExecuteCommands$1(QueryExecution.scala:756)
	at org.apache.spark.sql.catalyst.plans.logical.AnalysisHelper$.allowInvokingTransformsInAnalyzer(AnalysisHelper.scala:418)
	at org.apache.spark.sql.execution.QueryExecution.eagerlyExecuteCommands(QueryExecution.scala:756)
	at org.apache.spark.sql.execution.QueryExecution.$anonfun$lazyCommandExecuted$1(QueryExecution.scala:666)
	at scala.util.Try$.apply(Try.scala:217)
	at org.apache.spark.util.Utils$.doTryWithCallerStacktrace(Utils.scala:1796)
	at org.apache.spark.util.LazyTry.tryT$lzycompute(LazyTry.scala:60)
	at org.apache.spark.util.LazyTry.tryT(LazyTry.scala:59)
	at org.apache.spark.util.LazyTry.get(LazyTry.scala:78)
	at org.apache.spark.sql.execution.QueryExecution.commandExecuted(QueryExecution.scala:671)
	at org.apache.spark.sql.execution.QueryExecution.assertCommandExecuted(QueryExecution.scala:804)
	at org.apache.spark.sql.classic.DataFrameWriter.runCommand(DataFrameWriter.scala:887)
	at org.apache.spark.sql.classic.DataFrameWriter.saveAsTable(DataFrameWriter.scala:732)
	at org.apache.spark.sql.classic.DataFrameWriter.saveAsTable(DataFrameWriter.scala:630)
	at org.apache.spark.sql.connect.planner.SparkConnectPlanner.handleWriteOperation(SparkConnectPlanner.scala:4607)
	at org.apache.spark.sql.connect.planner.SparkConnectPlanner.process(SparkConnectPlanner.scala:3782)
	at org.apache.spark.sql.connect.execution.ExecuteThreadRunner.handleCommand(ExecuteThreadRunner.scala:530)
	at org.apache.spark.sql.connect.execution.ExecuteThreadRunner.$anonfun$executeInternal$1(ExecuteThreadRunner.scala:420)
	at org.apache.spark.sql.connect.execution.ExecuteThreadRunner.$anonfun$executeInternal$1$adapted(ExecuteThreadRunner.scala:340)
	at org.apache.spark.sql.connect.service.SessionHolder.$anonfun$withSession$2(SessionHolder.scala:844)
	at org.apache.spark.sql.SparkSession.withActive(SparkSession.scala:866)
	at org.apache.spark.sql.connect.service.SessionHolder.$anonfun$withSession$1(SessionHolder.scala:844)
	at org.apache.spark.JobArtifactSet$.withActiveJobArtifactState(JobArtifactSet.scala:97)
	at org.apache.spark.sql.artifact.ArtifactManager.$anonfun$withResources$1(ArtifactManager.scala:124)
	at org.apache.spark.sql.artifact.ArtifactManager.withClassLoaderIfNeeded(ArtifactManager.scala:118)
	at org.apache.spark.sql.artifact.ArtifactManager.withResources(ArtifactManager.scala:123)
	at org.apache.spark.sql.connect.service.SessionHolder.withSession(SessionHolder.scala:843)
	at org.apache.spark.sql.connect.execution.ExecuteThreadRunner.executeInternal(ExecuteThreadRunner.scala:340)
	at org.apache.spark.sql.connect.execution.ExecuteThreadRunner.$anonfun$execute$1(ExecuteThreadRunner.scala:200)
	at scala.runtime.java8.JFunction0$mcV$sp.apply(JFunction0$mcV$sp.scala:18)
	at com.databricks.spark.connect.service.UtilizationMetrics.recordActiveQueries(UtilizationMetrics.scala:92)
	at com.databricks.spark.connect.service.UtilizationMetrics.recordActiveQueries$(UtilizationMetrics.scala:89)
	at org.apache.spark.sql.connect.execution.ExecuteThreadRunner.recordActiveQueries(ExecuteThreadRunner.scala:61)
	at org.apache.spark.sql.connect.execution.ExecuteThreadRunner.org$apache$spark$sql$connect$execution$ExecuteThreadRunner$$execute(ExecuteThreadRunner.scala:192)
	at org.apache.spark.sql.connect.execution.ExecuteThreadRunner$ExecutionThread.$anonfun$run$3(ExecuteThreadRunner.scala:601)
	at scala.runtime.java8.JFunction0$mcV$sp.apply(JFunction0$mcV$sp.scala:18)
	at com.databricks.spark.util.DBRTracing$.withSpanFromParent(DBRTracing.scala:70)
	at org.apache.spark.sql.connect.execution.ExecuteThreadRunner$ExecutionThread.$anonfun$run$2(ExecuteThreadRunner.scala:601)
	at scala.runtime.java8.JFunction0$mcV$sp.apply(JFunction0$mcV$sp.scala:18)
	at com.databricks.unity.UCSEphemeralState$Handle.runWith(UCSEphemeralState.scala:51)
	at com.databricks.unity.HandleImpl.runWith(UCSHandle.scala:128)
	at com.databricks.unity.HandleImpl.$anonfun$runWithAndClose$1(UCSHandle.scala:133)
	at scala.util.Using$.resource(Using.scala:296)
	at com.databricks.unity.HandleImpl.runWithAndClose(UCSHandle.scala:132)
	at org.apache.spark.sql.connect.execution.ExecuteThreadRunner$ExecutionThread.run(ExecuteThreadRunner.scala:600)
2026-07-18 02:48:27,714 | ERROR | Error in pipeline : [DELTA_FAILED_TO_MERGE_FIELDS] Failed to merge fields 'trip_duration_minute' and 'trip_duration_minute'.

JVM stacktrace:
com.databricks.sql.transaction.tahoe.DeltaAnalysisException
	at com.databricks.sql.transaction.tahoe.schema.SchemaMergingUtils$.$anonfun$mergeDataTypes$1(SchemaMergingUtils.scala:232)
	at scala.collection.ArrayOps$.map$extension(ArrayOps.scala:936)
	at com.databricks.sql.transaction.tahoe.schema.SchemaMergingUtils$.merge$1(SchemaMergingUtils.scala:218)
	at com.databricks.sql.transaction.tahoe.schema.SchemaMergingUtils$.mergeDataTypes(SchemaMergingUtils.scala:336)
	at com.databricks.sql.transaction.tahoe.schema.SchemaMergingUtils$.mergeSchemas(SchemaMergingUtils.scala:180)
	at com.databricks.sql.transaction.tahoe.schema.ImplicitMetadataOperation$.mergeSchema(ImplicitMetadataOperation.scala:367)
	at com.databricks.sql.transaction.tahoe.schema.ImplicitMetadataOperation.updateMetadata(ImplicitMetadataOperation.scala:113)
	at com.databricks.sql.transaction.tahoe.schema.ImplicitMetadataOperation.updateMetadata$(ImplicitMetadataOperation.scala:92)
	at com.databricks.sql.transaction.tahoe.commands.WriteIntoDeltaEdge.updateMetadata(WriteIntoDeltaEdge.scala:137)
	at com.databricks.sql.transaction.tahoe.commands.WriteIntoDeltaEdge.writeAndReturnCommitDataAndMaterializationPlans(WriteIntoDeltaEdge.scala:548)
	at com.databricks.sql.transaction.tahoe.commands.WriteIntoDeltaEdge.writeAndReturnCommitData(WriteIntoDeltaEdge.scala:369)
	at com.databricks.sql.transaction.tahoe.commands.CreateDeltaTableCommand.doDeltaWrite$1(CreateDeltaTableCommand.scala:784)
	at com.databricks.sql.transaction.tahoe.commands.CreateDeltaTableCommand.handleCreateTableAsSelect(CreateDeltaTableCommand.scala:932)
	at com.databricks.sql.transaction.tahoe.commands.CreateDeltaTableCommand.$anonfun$handleCommit$1(CreateDeltaTableCommand.scala:463)
	at com.databricks.sql.transaction.tahoe.OptimisticTransaction$.withActive(OptimisticTransaction.scala:324)
	at com.databricks.sql.transaction.tahoe.commands.CreateDeltaTableCommand.handleCommit(CreateDeltaTableCommand.scala:443)
	at com.databricks.sql.transaction.tahoe.commands.CreateDeltaTableCommand.$anonfun$run$9(CreateDeltaTableCommand.scala:346)
	at com.databricks.sql.transaction.tahoe.metering.DeltaLogging.withOperationTypeTag(DeltaLogging.scala:854)
	at com.databricks.sql.transaction.tahoe.metering.DeltaLogging.withOperationTypeTag$(DeltaLogging.scala:841)
	at com.databricks.sql.transaction.tahoe.commands.CreateDeltaTableCommand.withOperationTypeTag(CreateDeltaTableCommand.scala:109)
	at com.databricks.sql.transaction.tahoe.metering.DeltaLogging.$anonfun$recordDeltaOperationInternal$2(DeltaLogging.scala:527)
	at com.databricks.spark.util.FrameProfiler$.$anonfun$record$1(FrameProfiler.scala:114)
	at com.databricks.spark.util.FrameProfilerExporter$.maybeExportFrameProfiler(FrameProfilerExporter.scala:201)
	at com.databricks.spark.util.FrameProfiler$.record(FrameProfiler.scala:105)
	at com.databricks.sql.transaction.tahoe.metering.DeltaLogging.recordFrameProfileWithCallSite(DeltaLogging.scala:969)
	at com.databricks.sql.transaction.tahoe.metering.DeltaLogging.recordFrameProfileWithCallSite$(DeltaLogging.scala:966)
	at com.databricks.sql.transaction.tahoe.commands.CreateDeltaTableCommand.recordFrameProfileWithCallSite(CreateDeltaTableCommand.scala:109)
	at com.databricks.sql.transaction.tahoe.metering.DeltaLogging.$anonfun$recordDeltaOperationInternal$1(DeltaLogging.scala:526)
	at com.databricks.logging.UsageLogging.$anonfun$recordOperation$1(UsageLogging.scala:531)
	at com.databricks.logging.UsageLogging.executeThunkAndCaptureResultTags$1(UsageLogging.scala:669)
	at com.databricks.logging.UsageLogging.$anonfun$recordOperationWithResultTags$6(UsageLogging.scala:696)
	at com.databricks.logging.AttributionContextTracing.$anonfun$withAttributionContext$1(AttributionContextTracing.scala:146)
	at com.databricks.logging.AttributionContext$.$anonfun$withValue$1(AttributionContext.scala:349)
	at scala.util.DynamicVariable.withValue(DynamicVariable.scala:59)
	at com.databricks.logging.AttributionContext$.withValue(AttributionContext.scala:345)
	at com.databricks.logging.AttributionContextTracing.withAttributionContext(AttributionContextTracing.scala:144)
	at com.databricks.logging.AttributionContextTracing.withAttributionContext$(AttributionContextTracing.scala:141)
	at com.databricks.spark.util.PublicDBLogging.withAttributionContext(DatabricksSparkUsageLogger.scala:29)
	at com.databricks.logging.AttributionContextTracing.withAttributionTags(AttributionContextTracing.scala:201)
	at com.databricks.logging.AttributionContextTracing.withAttributionTags$(AttributionContextTracing.scala:182)
	at com.databricks.spark.util.PublicDBLogging.withAttributionTags(DatabricksSparkUsageLogger.scala:29)
	at com.databricks.logging.UsageLogging.$anonfun$recordOperationWithResultTags$5(UsageLogging.scala:664)
	at com.databricks.logging.UsageLogging.withOtelSpanInContext$1(UsageLogging.scala:656)
	at com.databricks.logging.UsageLogging.recordOperationWithResultTags(UsageLogging.scala:659)
	at com.databricks.logging.UsageLogging.recordOperationWithResultTags$(UsageLogging.scala:540)
	at com.databricks.spark.util.PublicDBLogging.recordOperationWithResultTags(DatabricksSparkUsageLogger.scala:29)
	at com.databricks.logging.UsageLogging.recordOperation(UsageLogging.scala:532)
	at com.databricks.logging.UsageLogging.recordOperation$(UsageLogging.scala:496)
	at com.databricks.spark.util.PublicDBLogging.recordOperation(DatabricksSparkUsageLogger.scala:29)
	at com.databricks.spark.util.PublicDBLogging.recordOperation0(DatabricksSparkUsageLogger.scala:104)
	at com.databricks.spark.util.DatabricksSparkUsageLogger.recordOperation(DatabricksSparkUsageLogger.scala:193)
	at com.databricks.spark.util.UsageLogger.recordOperation(UsageLogger.scala:78)
	at com.databricks.spark.util.UsageLogger.recordOperation$(UsageLogger.scala:65)
	at com.databricks.spark.util.DatabricksSparkUsageLogger.recordOperation(DatabricksSparkUsageLogger.scala:152)
	at com.databricks.spark.util.UsageLogging.recordOperation(UsageLogger.scala:537)
	at com.databricks.spark.util.UsageLogging.recordOperation$(UsageLogger.scala:516)
	at com.databricks.sql.transaction.tahoe.commands.CreateDeltaTableCommand.recordOperation(CreateDeltaTableCommand.scala:109)
	at com.databricks.sql.transaction.tahoe.metering.DeltaLogging.recordDeltaOperationInternal(DeltaLogging.scala:525)
	at com.databricks.sql.transaction.tahoe.metering.DeltaLogging.recordDeltaOperation(DeltaLogging.scala:515)
	at com.databricks.sql.transaction.tahoe.metering.DeltaLogging.recordDeltaOperation$(DeltaLogging.scala:504)
	at com.databricks.sql.transaction.tahoe.commands.CreateDeltaTableCommand.recordDeltaOperation(CreateDeltaTableCommand.scala:109)
	at com.databricks.sql.transaction.tahoe.commands.CreateDeltaTableCommand.run(CreateDeltaTableCommand.scala:300)
	at com.databricks.sql.transaction.tahoe.catalog.AbstractDeltaCatalog.$anonfun$createDeltaTable$1(AbstractDeltaCatalog.scala:1065)
	at com.databricks.spark.util.FrameProfiler$.$anonfun$record$1(FrameProfiler.scala:114)
	at com.databricks.spark.util.FrameProfilerExporter$.maybeExportFrameProfiler(FrameProfilerExporter.scala:201)
	at com.databricks.spark.util.FrameProfiler$.record(FrameProfiler.scala:105)
	at com.databricks.sql.transaction.tahoe.metering.DeltaLogging.recordFrameProfileWithCallSite(DeltaLogging.scala:969)
	at com.databricks.sql.transaction.tahoe.metering.DeltaLogging.recordFrameProfileWithCallSite$(DeltaLogging.scala:966)
	at com.databricks.sql.transaction.tahoe.catalog.AbstractDeltaCatalog.recordFrameProfileWithCallSite(AbstractDeltaCatalog.scala:203)
	at com.databricks.sql.transaction.tahoe.catalog.AbstractDeltaCatalog.com$databricks$sql$transaction$tahoe$catalog$AbstractDeltaCatalog$$createDeltaTable(AbstractDeltaCatalog.scala:434)
	at com.databricks.sql.transaction.tahoe.catalog.AbstractDeltaCatalog$StagedDeltaTableV2.$anonfun$commitStagedChanges$1(AbstractDeltaCatalog.scala:2543)
	at com.databricks.spark.util.FrameProfiler$.$anonfun$record$1(FrameProfiler.scala:114)
	at com.databricks.spark.util.FrameProfilerExporter$.maybeExportFrameProfiler(FrameProfilerExporter.scala:201)
	at com.databricks.spark.util.FrameProfiler$.record(FrameProfiler.scala:105)
	at com.databricks.sql.transaction.tahoe.metering.DeltaLogging.recordFrameProfileWithCallSite(DeltaLogging.scala:969)
	at com.databricks.sql.transaction.tahoe.metering.DeltaLogging.recordFrameProfileWithCallSite$(DeltaLogging.scala:966)
	at com.databricks.sql.transaction.tahoe.catalog.AbstractDeltaCatalog.recordFrameProfileWithCallSite(AbstractDeltaCatalog.scala:203)
	at com.databricks.sql.transaction.tahoe.catalog.AbstractDeltaCatalog$StagedDeltaTableV2.commitStagedChanges(AbstractDeltaCatalog.scala:2517)
	at org.apache.spark.sql.execution.datasources.v2.DataSourceV2Utils$.commitStagedChanges(DataSourceV2Utils.scala:325)
	at org.apache.spark.sql.execution.datasources.v2.V2CreateTableAsSelectBaseExec.$anonfun$writeToTable$6(WriteToDataSourceV2Exec.scala:1046)
	at scala.runtime.java8.JFunction0$mcV$sp.apply(JFunction0$mcV$sp.scala:18)
	at org.apache.spark.sql.execution.datasources.v2.WriteToDataSourceV2Exec$.handleConcurrentCreateExceptions(WriteToDataSourceV2Exec.scala:79)
	at org.apache.spark.sql.execution.datasources.v2.V2CreateTableAsSelectBaseExec.$anonfun$writeToTable$2(WriteToDataSourceV2Exec.scala:1046)
	at org.apache.spark.util.Utils$.tryWithSafeFinallyAndFailureCallbacks(Utils.scala:1726)
	at org.apache.spark.sql.execution.datasources.v2.V2CreateTableAsSelectBaseExec.$anonfun$writeToTable$1(WriteToDataSourceV2Exec.scala:1026)
	at com.databricks.spark.util.FrameProfiler$.$anonfun$record$1(FrameProfiler.scala:114)
	at com.databricks.spark.util.FrameProfilerExporter$.maybeExportFrameProfiler(FrameProfilerExporter.scala:201)
	at com.databricks.spark.util.FrameProfiler$.record(FrameProfiler.scala:105)
	at org.apache.spark.sql.execution.datasources.v2.V2CreateTableAsSelectBaseExec.writeToTable(WriteToDataSourceV2Exec.scala:1050)
	at org.apache.spark.sql.execution.datasources.v2.V2CreateTableAsSelectBaseExec.writeToTable$(WriteToDataSourceV2Exec.scala:1012)
	at org.apache.spark.sql.execution.datasources.v2.AtomicReplaceTableAsSelectExec.writeToTable(WriteToDataSourceV2Exec.scala:287)
	at org.apache.spark.sql.execution.datasources.v2.AtomicReplaceTableAsSelectExec.run(WriteToDataSourceV2Exec.scala:372)
	at org.apache.spark.sql.execution.datasources.v2.V2CommandExec.$anonfun$result$2(V2CommandExec.scala:48)
	at org.apache.spark.sql.execution.SparkPlan.runCommandInAetherOrSpark(SparkPlan.scala:202)
	at org.apache.spark.sql.execution.datasources.v2.V2CommandExec.$anonfun$result$1(V2CommandExec.scala:48)
	at com.databricks.spark.util.FrameProfiler$.$anonfun$record$1(FrameProfiler.scala:114)
	at com.databricks.spark.util.FrameProfilerExporter$.maybeExportFrameProfiler(FrameProfilerExporter.scala:201)
	at com.databricks.spark.util.FrameProfiler$.record(FrameProfiler.scala:105)
	at org.apache.spark.sql.execution.datasources.v2.V2CommandExec.result$lzycompute(V2CommandExec.scala:47)
	at org.apache.spark.sql.execution.datasources.v2.V2CommandExec.result(V2CommandExec.scala:45)
	at org.apache.spark.sql.execution.datasources.v2.V2CommandExec.executeCollect(V2CommandExec.scala:56)
	at org.apache.spark.sql.execution.QueryExecution$.$anonfun$runCommand$12(QueryExecution.scala:1968)
	at com.databricks.util.LexicalThreadLocal$Handle.runWith(LexicalThreadLocal.scala:63)
	at org.apache.spark.sql.execution.QueryExecution$.$anonfun$runCommand$11(QueryExecution.scala:1962)
	at com.databricks.util.LexicalThreadLocal$Handle.runWith(LexicalThreadLocal.scala:63)
	at org.apache.spark.sql.execution.QueryExecution$.executeWithCaches$1(QueryExecution.scala:1962)
	at org.apache.spark.sql.execution.QueryExecution$.$anonfun$runCommand$10(QueryExecution.scala:1968)
	at org.apache.spark.sql.catalyst.QueryPlanningTracker$.withTracker(QueryPlanningTracker.scala:275)
	at org.apache.spark.sql.execution.QueryExecution$.$anonfun$runCommand$9(QueryExecution.scala:1955)
	at org.apache.spark.sql.execution.SQLExecution$.$anonfun$withNewExecutionId0$24(SQLExecution.scala:1112)
	at com.databricks.sql.util.MemoryTrackerHelper.withMemoryTracking(MemoryTrackerHelper.scala:111)
	at org.apache.spark.sql.execution.SQLExecution$.$anonfun$withNewExecutionId0$21(SQLExecution.scala:1032)
	at com.databricks.unity.UCSManager$.withTemporaryScope(UCSManager.scala:168)
	at org.apache.spark.sql.execution.SQLExecution$.$anonfun$withNewExecutionId0$20(SQLExecution.scala:928)
	at org.apache.spark.sql.execution.SQLExecution$.withSessionTagsApplied(SQLExecution.scala:1572)
	at org.apache.spark.sql.execution.SQLExecution$.$anonfun$withNewExecutionId0$19(SQLExecution.scala:917)
	at org.apache.spark.JobArtifactSet$.withActiveJobArtifactState(JobArtifactSet.scala:97)
	at org.apache.spark.sql.artifact.ArtifactManager.$anonfun$withResources$1(ArtifactManager.scala:124)
	at org.apache.spark.sql.artifact.ArtifactManager.withClassLoaderIfNeeded(ArtifactManager.scala:118)
	at org.apache.spark.sql.artifact.ArtifactManager.withResources(ArtifactManager.scala:123)
	at org.apache.spark.sql.execution.SQLExecution$.$anonfun$withNewExecutionId0$18(SQLExecution.scala:917)
	at org.apache.spark.sql.execution.SQLExecution$.withSQLConfPropagated(SQLExecution.scala:1607)
	at org.apache.spark.sql.execution.SQLExecution$.$anonfun$withNewExecutionId0$1(SQLExecution.scala:916)
	at org.apache.spark.sql.SparkSession.withActive(SparkSession.scala:866)
	at org.apache.spark.sql.execution.SQLExecution$.withNewExecutionId0(SQLExecution.scala:657)
	at org.apache.spark.sql.execution.SQLExecution$.withNewExecutionId(SQLExecution.scala:1525)
	at org.apache.spark.sql.execution.QueryExecution$.$anonfun$runCommand$8(QueryExecution.scala:1955)
	at org.apache.spark.sql.execution.QueryExecution$.withInternalError(QueryExecution.scala:1822)
	at org.apache.spark.sql.execution.QueryExecution$.$anonfun$runCommand$7(QueryExecution.scala:1951)
	at org.apache.spark.sql.execution.QueryExecution.withMVTagsIfNecessary(QueryExecution.scala:710)
	at org.apache.spark.sql.execution.QueryExecution$.$anonfun$runCommand$4(QueryExecution.scala:1936)
	at scala.Option.map(Option.scala:242)
	at org.apache.spark.sql.execution.QueryExecution$.executeWithMVTags$1(QueryExecution.scala:1936)
	at org.apache.spark.sql.execution.QueryExecution$.runCommand(QueryExecution.scala:1949)
	at org.apache.spark.sql.execution.QueryExecution.org$apache$spark$sql$execution$QueryExecution$$eagerlyExecute$1(QueryExecution.scala:747)
	at org.apache.spark.sql.execution.QueryExecution$$anonfun$$nestedInanonfun$eagerlyExecuteCommands$1$1.applyOrElse(QueryExecution.scala:764)
	at org.apache.spark.sql.execution.QueryExecution$$anonfun$$nestedInanonfun$eagerlyExecuteCommands$1$1.applyOrElse(QueryExecution.scala:756)
	at org.apache.spark.sql.catalyst.trees.TreeNode.$anonfun$transformDownWithPruning$1(TreeNode.scala:610)
	at org.apache.spark.sql.catalyst.trees.CurrentOrigin$.withOrigin(origin.scala:142)
	at org.apache.spark.sql.catalyst.trees.TreeNode.transformDownWithPruning(TreeNode.scala:610)
	at org.apache.spark.sql.catalyst.plans.logical.LogicalPlan.org$apache$spark$sql$catalyst$plans$logical$AnalysisHelper$$super$transformDownWithPruning(LogicalPlan.scala:48)
	at org.apache.spark.sql.catalyst.plans.logical.AnalysisHelper.transformDownWithPruning(AnalysisHelper.scala:361)
	at org.apache.spark.sql.catalyst.plans.logical.AnalysisHelper.transformDownWithPruning$(AnalysisHelper.scala:357)
	at org.apache.spark.sql.catalyst.plans.logical.LogicalPlan.transformDownWithPruning(LogicalPlan.scala:48)
	at org.apache.spark.sql.catalyst.plans.logical.LogicalPlan.transformDownWithPruning(LogicalPlan.scala:48)
	at org.apache.spark.sql.catalyst.trees.TreeNode.transformDown(TreeNode.scala:586)
	at org.apache.spark.sql.execution.QueryExecution.$anonfun$eagerlyExecuteCommands$1(QueryExecution.scala:756)
	at org.apache.spark.sql.catalyst.plans.logical.AnalysisHelper$.allowInvokingTransformsInAnalyzer(AnalysisHelper.scala:418)
	at org.apache.spark.sql.execution.QueryExecution.eagerlyExecuteCommands(QueryExecution.scala:756)
	at org.apache.spark.sql.execution.QueryExecution.$anonfun$lazyCommandExecuted$1(QueryExecution.scala:666)
	at scala.util.Try$.apply(Try.scala:217)
	at org.apache.spark.util.Utils$.doTryWithCallerStacktrace(Utils.scala:1796)
	at org.apache.spark.util.Utils$.getTryWithCallerStacktrace(Utils.scala:1846)
	at org.apache.spark.util.LazyTry.get(LazyTry.scala:78)
	at org.apache.spark.sql.execution.QueryExecution.commandExecuted(QueryExecution.scala:671)
	at org.apache.spark.sql.execution.QueryExecution.assertCommandExecuted(QueryExecution.scala:804)
	at org.apache.spark.sql.classic.DataFrameWriter.runCommand(DataFrameWriter.scala:887)
	at org.apache.spark.sql.classic.DataFrameWriter.saveAsTable(DataFrameWriter.scala:732)
	at org.apache.spark.sql.classic.DataFrameWriter.saveAsTable(DataFrameWriter.scala:630)
	at org.apache.spark.sql.connect.planner.SparkConnectPlanner.handleWriteOperation(SparkConnectPlanner.scala:4607)
	at org.apache.spark.sql.connect.planner.SparkConnectPlanner.process(SparkConnectPlanner.scala:3782)
	at org.apache.spark.sql.connect.execution.ExecuteThreadRunner.handleCommand(ExecuteThreadRunner.scala:530)
	at org.apache.spark.sql.connect.execution.ExecuteThreadRunner.$anonfun$executeInternal$1(ExecuteThreadRunner.scala:420)
	at org.apache.spark.sql.connect.execution.ExecuteThreadRunner.$anonfun$executeInternal$1$adapted(ExecuteThreadRunner.scala:340)
	at org.apache.spark.sql.connect.service.SessionHolder.$anonfun$withSession$2(SessionHolder.scala:844)
	at org.apache.spark.sql.SparkSession.withActive(SparkSession.scala:866)
	at org.apache.spark.sql.connect.service.SessionHolder.$anonfun$withSession$1(SessionHolder.scala:844)
	at org.apache.spark.JobArtifactSet$.withActiveJobArtifactState(JobArtifactSet.scala:97)
	at org.apache.spark.sql.artifact.ArtifactManager.$anonfun$withResources$1(ArtifactManager.scala:124)
	at org.apache.spark.sql.artifact.ArtifactManager.withClassLoaderIfNeeded(ArtifactManager.scala:118)
	at org.apache.spark.sql.artifact.ArtifactManager.withResources(ArtifactManager.scala:123)
	at org.apache.spark.sql.connect.service.SessionHolder.withSession(SessionHolder.scala:843)
	at org.apache.spark.sql.connect.execution.ExecuteThreadRunner.executeInternal(ExecuteThreadRunner.scala:340)
	at org.apache.spark.sql.connect.execution.ExecuteThreadRunner.$anonfun$execute$1(ExecuteThreadRunner.scala:200)
	at scala.runtime.java8.JFunction0$mcV$sp.apply(JFunction0$mcV$sp.scala:18)
	at com.databricks.spark.connect.service.UtilizationMetrics.recordActiveQueries(UtilizationMetrics.scala:92)
	at com.databricks.spark.connect.service.UtilizationMetrics.recordActiveQueries$(UtilizationMetrics.scala:89)
	at org.apache.spark.sql.connect.execution.ExecuteThreadRunner.recordActiveQueries(ExecuteThreadRunner.scala:61)
	at org.apache.spark.sql.connect.execution.ExecuteThreadRunner.org$apache$spark$sql$connect$execution$ExecuteThreadRunner$$execute(ExecuteThreadRunner.scala:192)
	at org.apache.spark.sql.connect.execution.ExecuteThreadRunner$ExecutionThread.$anonfun$run$3(ExecuteThreadRunner.scala:601)
	at scala.runtime.java8.JFunction0$mcV$sp.apply(JFunction0$mcV$sp.scala:18)
	at com.databricks.spark.util.DBRTracing$.withSpanFromParent(DBRTracing.scala:70)
	at org.apache.spark.sql.connect.execution.ExecuteThreadRunner$ExecutionThread.$anonfun$run$2(ExecuteThreadRunner.scala:601)
	at scala.runtime.java8.JFunction0$mcV$sp.apply(JFunction0$mcV$sp.scala:18)
	at com.databricks.unity.UCSEphemeralState$Handle.runWith(UCSEphemeralState.scala:51)
	at com.databricks.unity.HandleImpl.runWith(UCSHandle.scala:128)
	at com.databricks.unity.HandleImpl.$anonfun$runWithAndClose$1(UCSHandle.scala:133)
	at scala.util.Using$.resource(Using.scala:296)
	at com.databricks.unity.HandleImpl.runWithAndClose(UCSHandle.scala:132)
	at org.apache.spark.sql.connect.execution.ExecuteThreadRunner$ExecutionThread.run(ExecuteThreadRunner.scala:600)
Caused by: com.databricks.sql.transaction.tahoe.DeltaAnalysisException: [DELTA_MERGE_INCOMPATIBLE_DATATYPE] Failed to merge incompatible data types IntegerType and DecimalType(19,5).
	at com.databricks.sql.transaction.tahoe.schema.SchemaMergingUtils$.merge$1(SchemaMergingUtils.scala:332)
	at com.databricks.sql.transaction.tahoe.schema.SchemaMergingUtils$.$anonfun$mergeDataTypes$1(SchemaMergingUtils.scala:227)
	at scala.collection.ArrayOps$.map$extension(ArrayOps.scala:936)
	at com.databricks.sql.transaction.tahoe.schema.SchemaMergingUtils$.merge$1(SchemaMergingUtils.scala:218)
	at com.databricks.sql.transaction.tahoe.schema.SchemaMergingUtils$.mergeDataTypes(SchemaMergingUtils.scala:336)
	at com.databricks.sql.transaction.tahoe.schema.SchemaMergingUtils$.mergeSchemas(SchemaMergingUtils.scala:180)
	at com.databricks.sql.transaction.tahoe.schema.ImplicitMetadataOperation$.mergeSchema(ImplicitMetadataOperation.scala:367)
	at com.databricks.sql.transaction.tahoe.schema.ImplicitMetadataOperation.updateMetadata(ImplicitMetadataOperation.scala:113)
	at com.databricks.sql.transaction.tahoe.schema.ImplicitMetadataOperation.updateMetadata$(ImplicitMetadataOperation.scala:92)
	at com.databricks.sql.transaction.tahoe.commands.WriteIntoDeltaEdge.updateMetadata(WriteIntoDeltaEdge.scala:137)
	at com.databricks.sql.transaction.tahoe.commands.WriteIntoDeltaEdge.writeAndReturnCommitDataAndMaterializationPlans(WriteIntoDeltaEdge.scala:548)
	at com.databricks.sql.transaction.tahoe.commands.WriteIntoDeltaEdge.writeAndReturnCommitData(WriteIntoDeltaEdge.scala:369)
	at com.databricks.sql.transaction.tahoe.commands.CreateDeltaTableCommand.doDeltaWrite$1(CreateDeltaTableCommand.scala:784)
	at com.databricks.sql.transaction.tahoe.commands.CreateDeltaTableCommand.handleCreateTableAsSelect(CreateDeltaTableCommand.scala:932)
	at com.databricks.sql.transaction.tahoe.commands.CreateDeltaTableCommand.$anonfun$handleCommit$1(CreateDeltaTableCommand.scala:463)
	at com.databricks.sql.transaction.tahoe.OptimisticTransaction$.withActive(OptimisticTransaction.scala:324)
	at com.databricks.sql.transaction.tahoe.commands.CreateDeltaTableCommand.handleCommit(CreateDeltaTableCommand.scala:443)
	at com.databricks.sql.transaction.tahoe.commands.CreateDeltaTableCommand.$anonfun$run$9(CreateDeltaTableCommand.scala:346)
	at com.databricks.sql.transaction.tahoe.metering.DeltaLogging.withOperationTypeTag(DeltaLogging.scala:854)
	at com.databricks.sql.transaction.tahoe.metering.DeltaLogging.withOperationTypeTag$(DeltaLogging.scala:841)
	at com.databricks.sql.transaction.tahoe.commands.CreateDeltaTableCommand.withOperationTypeTag(CreateDeltaTableCommand.scala:109)
	at com.databricks.sql.transaction.tahoe.metering.DeltaLogging.$anonfun$recordDeltaOperationInternal$2(DeltaLogging.scala:527)
	at com.databricks.spark.util.FrameProfiler$.$anonfun$record$1(FrameProfiler.scala:114)
	at com.databricks.spark.util.FrameProfilerExporter$.maybeExportFrameProfiler(FrameProfilerExporter.scala:201)
	at com.databricks.spark.util.FrameProfiler$.record(FrameProfiler.scala:105)
	at com.databricks.sql.transaction.tahoe.metering.DeltaLogging.recordFrameProfileWithCallSite(DeltaLogging.scala:969)
	at com.databricks.sql.transaction.tahoe.metering.DeltaLogging.recordFrameProfileWithCallSite$(DeltaLogging.scala:966)
	at com.databricks.sql.transaction.tahoe.commands.CreateDeltaTableCommand.recordFrameProfileWithCallSite(CreateDeltaTableCommand.scala:109)
	at com.databricks.sql.transaction.tahoe.metering.DeltaLogging.$anonfun$recordDeltaOperationInternal$1(DeltaLogging.scala:526)
	at com.databricks.logging.UsageLogging.$anonfun$recordOperation$1(UsageLogging.scala:531)
	at com.databricks.logging.UsageLogging.executeThunkAndCaptureResultTags$1(UsageLogging.scala:669)
	at com.databricks.logging.UsageLogging.$anonfun$recordOperationWithResultTags$6(UsageLogging.scala:696)
	at com.databricks.logging.AttributionContextTracing.$anonfun$withAttributionContext$1(AttributionContextTracing.scala:146)
	at com.databricks.logging.AttributionContext$.$anonfun$withValue$1(AttributionContext.scala:349)
	at scala.util.DynamicVariable.withValue(DynamicVariable.scala:59)
	at com.databricks.logging.AttributionContext$.withValue(AttributionContext.scala:345)
	at com.databricks.logging.AttributionContextTracing.withAttributionContext(AttributionContextTracing.scala:144)
	at com.databricks.logging.AttributionContextTracing.withAttributionContext$(AttributionContextTracing.scala:141)
	at com.databricks.spark.util.PublicDBLogging.withAttributionContext(DatabricksSparkUsageLogger.scala:29)
	at com.databricks.logging.AttributionContextTracing.withAttributionTags(AttributionContextTracing.scala:201)
	at com.databricks.logging.AttributionContextTracing.withAttributionTags$(AttributionContextTracing.scala:182)
	at com.databricks.spark.util.PublicDBLogging.withAttributionTags(DatabricksSparkUsageLogger.scala:29)
	at com.databricks.logging.UsageLogging.$anonfun$recordOperationWithResultTags$5(UsageLogging.scala:664)
	at com.databricks.logging.UsageLogging.withOtelSpanInContext$1(UsageLogging.scala:656)
	at com.databricks.logging.UsageLogging.recordOperationWithResultTags(UsageLogging.scala:659)
	at com.databricks.logging.UsageLogging.recordOperationWithResultTags$(UsageLogging.scala:540)
	at com.databricks.spark.util.PublicDBLogging.recordOperationWithResultTags(DatabricksSparkUsageLogger.scala:29)
	at com.databricks.logging.UsageLogging.recordOperation(UsageLogging.scala:532)
	at com.databricks.logging.UsageLogging.recordOperation$(UsageLogging.scala:496)
	at com.databricks.spark.util.PublicDBLogging.recordOperation(DatabricksSparkUsageLogger.scala:29)
	at com.databricks.spark.util.PublicDBLogging.recordOperation0(DatabricksSparkUsageLogger.scala:104)
	at com.databricks.spark.util.DatabricksSparkUsageLogger.recordOperation(DatabricksSparkUsageLogger.scala:193)
	at com.databricks.spark.util.UsageLogger.recordOperation(UsageLogger.scala:78)
	at com.databricks.spark.util.UsageLogger.recordOperation$(UsageLogger.scala:65)
	at com.databricks.spark.util.DatabricksSparkUsageLogger.recordOperation(DatabricksSparkUsageLogger.scala:152)
	at com.databricks.spark.util.UsageLogging.recordOperation(UsageLogger.scala:537)
	at com.databricks.spark.util.UsageLogging.recordOperation$(UsageLogger.scala:516)
	at com.databricks.sql.transaction.tahoe.commands.CreateDeltaTableCommand.recordOperation(CreateDeltaTableCommand.scala:109)
	at com.databricks.sql.transaction.tahoe.metering.DeltaLogging.recordDeltaOperationInternal(DeltaLogging.scala:525)
	at com.databricks.sql.transaction.tahoe.metering.DeltaLogging.recordDeltaOperation(DeltaLogging.scala:515)
	at com.databricks.sql.transaction.tahoe.metering.DeltaLogging.recordDeltaOperation$(DeltaLogging.scala:504)
	at com.databricks.sql.transaction.tahoe.commands.CreateDeltaTableCommand.recordDeltaOperation(CreateDeltaTableCommand.scala:109)
	at com.databricks.sql.transaction.tahoe.commands.CreateDeltaTableCommand.run(CreateDeltaTableCommand.scala:300)
	at com.databricks.sql.transaction.tahoe.catalog.AbstractDeltaCatalog.$anonfun$createDeltaTable$1(AbstractDeltaCatalog.scala:1065)
	at com.databricks.spark.util.FrameProfiler$.$anonfun$record$1(FrameProfiler.scala:114)
	at com.databricks.spark.util.FrameProfilerExporter$.maybeExportFrameProfiler(FrameProfilerExporter.scala:201)
	at com.databricks.spark.util.FrameProfiler$.record(FrameProfiler.scala:105)
	at com.databricks.sql.transaction.tahoe.metering.DeltaLogging.recordFrameProfileWithCallSite(DeltaLogging.scala:969)
	at com.databricks.sql.transaction.tahoe.metering.DeltaLogging.recordFrameProfileWithCallSite$(DeltaLogging.scala:966)
	at com.databricks.sql.transaction.tahoe.catalog.AbstractDeltaCatalog.recordFrameProfileWithCallSite(AbstractDeltaCatalog.scala:203)
	at com.databricks.sql.transaction.tahoe.catalog.AbstractDeltaCatalog.com$databricks$sql$transaction$tahoe$catalog$AbstractDeltaCatalog$$createDeltaTable(AbstractDeltaCatalog.scala:434)
	at com.databricks.sql.transaction.tahoe.catalog.AbstractDeltaCatalog$StagedDeltaTableV2.$anonfun$commitStagedChanges$1(AbstractDeltaCatalog.scala:2543)
	at com.databricks.spark.util.FrameProfiler$.$anonfun$record$1(FrameProfiler.scala:114)
	at com.databricks.spark.util.FrameProfilerExporter$.maybeExportFrameProfiler(FrameProfilerExporter.scala:201)
	at com.databricks.spark.util.FrameProfiler$.record(FrameProfiler.scala:105)
	at com.databricks.sql.transaction.tahoe.metering.DeltaLogging.recordFrameProfileWithCallSite(DeltaLogging.scala:969)
	at com.databricks.sql.transaction.tahoe.metering.DeltaLogging.recordFrameProfileWithCallSite$(DeltaLogging.scala:966)
	at com.databricks.sql.transaction.tahoe.catalog.AbstractDeltaCatalog.recordFrameProfileWithCallSite(AbstractDeltaCatalog.scala:203)
	at com.databricks.sql.transaction.tahoe.catalog.AbstractDeltaCatalog$StagedDeltaTableV2.commitStagedChanges(AbstractDeltaCatalog.scala:2517)
	at org.apache.spark.sql.execution.datasources.v2.DataSourceV2Utils$.commitStagedChanges(DataSourceV2Utils.scala:325)
	at org.apache.spark.sql.execution.datasources.v2.V2CreateTableAsSelectBaseExec.$anonfun$writeToTable$6(WriteToDataSourceV2Exec.scala:1046)
	at scala.runtime.java8.JFunction0$mcV$sp.apply(JFunction0$mcV$sp.scala:18)
	at org.apache.spark.sql.execution.datasources.v2.WriteToDataSourceV2Exec$.handleConcurrentCreateExceptions(WriteToDataSourceV2Exec.scala:79)
	at org.apache.spark.sql.execution.datasources.v2.V2CreateTableAsSelectBaseExec.$anonfun$writeToTable$2(WriteToDataSourceV2Exec.scala:1046)
	at org.apache.spark.util.Utils$.tryWithSafeFinallyAndFailureCallbacks(Utils.scala:1726)
	at org.apache.spark.sql.execution.datasources.v2.V2CreateTableAsSelectBaseExec.$anonfun$writeToTable$1(WriteToDataSourceV2Exec.scala:1026)
	at com.databricks.spark.util.FrameProfiler$.$anonfun$record$1(FrameProfiler.scala:114)
	at com.databricks.spark.util.FrameProfilerExporter$.maybeExportFrameProfiler(FrameProfilerExporter.scala:201)
	at com.databricks.spark.util.FrameProfiler$.record(FrameProfiler.scala:105)
	at org.apache.spark.sql.execution.datasources.v2.V2CreateTableAsSelectBaseExec.writeToTable(WriteToDataSourceV2Exec.scala:1050)
	at org.apache.spark.sql.execution.datasources.v2.V2CreateTableAsSelectBaseExec.writeToTable$(WriteToDataSourceV2Exec.scala:1012)
	at org.apache.spark.sql.execution.datasources.v2.AtomicReplaceTableAsSelectExec.writeToTable(WriteToDataSourceV2Exec.scala:287)
	at org.apache.spark.sql.execution.datasources.v2.AtomicReplaceTableAsSelectExec.run(WriteToDataSourceV2Exec.scala:372)
	at org.apache.spark.sql.execution.datasources.v2.V2CommandExec.$anonfun$result$2(V2CommandExec.scala:48)
	at org.apache.spark.sql.execution.SparkPlan.runCommandInAetherOrSpark(SparkPlan.scala:202)
	at org.apache.spark.sql.execution.datasources.v2.V2CommandExec.$anonfun$result$1(V2CommandExec.scala:48)
	at com.databricks.spark.util.FrameProfiler$.$anonfun$record$1(FrameProfiler.scala:114)
	at com.databricks.spark.util.FrameProfilerExporter$.maybeExportFrameProfiler(FrameProfilerExporter.scala:201)
	at com.databricks.spark.util.FrameProfiler$.record(FrameProfiler.scala:105)
	at org.apache.spark.sql.execution.datasources.v2.V2CommandExec.result$lzycompute(V2CommandExec.scala:47)
	at org.apache.spark.sql.execution.datasources.v2.V2CommandExec.result(V2CommandExec.scala:45)
	at org.apache.spark.sql.execution.datasources.v2.V2CommandExec.executeCollect(V2CommandExec.scala:56)
	at org.apache.spark.sql.execution.QueryExecution$.$anonfun$runCommand$12(QueryExecution.scala:1968)
	at com.databricks.util.LexicalThreadLocal$Handle.runWith(LexicalThreadLocal.scala:63)
	at org.apache.spark.sql.execution.QueryExecution$.$anonfun$runCommand$11(QueryExecution.scala:1962)
	at com.databricks.util.LexicalThreadLocal$Handle.runWith(LexicalThreadLocal.scala:63)
	at org.apache.spark.sql.execution.QueryExecution$.executeWithCaches$1(QueryExecution.scala:1962)
	at org.apache.spark.sql.execution.QueryExecution$.$anonfun$runCommand$10(QueryExecution.scala:1968)
	at org.apache.spark.sql.catalyst.QueryPlanningTracker$.withTracker(QueryPlanningTracker.scala:275)
	at org.apache.spark.sql.execution.QueryExecution$.$anonfun$runCommand$9(QueryExecution.scala:1955)
	at org.apache.spark.sql.execution.SQLExecution$.$anonfun$withNewExecutionId0$24(SQLExecution.scala:1112)
	at com.databricks.sql.util.MemoryTrackerHelper.withMemoryTracking(MemoryTrackerHelper.scala:111)
	at org.apache.spark.sql.execution.SQLExecution$.$anonfun$withNewExecutionId0$21(SQLExecution.scala:1032)
	at com.databricks.unity.UCSManager$.withTemporaryScope(UCSManager.scala:168)
	at org.apache.spark.sql.execution.SQLExecution$.$anonfun$withNewExecutionId0$20(SQLExecution.scala:928)
	at org.apache.spark.sql.execution.SQLExecution$.withSessionTagsApplied(SQLExecution.scala:1572)
	at org.apache.spark.sql.execution.SQLExecution$.$anonfun$withNewExecutionId0$19(SQLExecution.scala:917)
	at org.apache.spark.JobArtifactSet$.withActiveJobArtifactState(JobArtifactSet.scala:97)
	at org.apache.spark.sql.artifact.ArtifactManager.$anonfun$withResources$1(ArtifactManager.scala:124)
	at org.apache.spark.sql.artifact.ArtifactManager.withClassLoaderIfNeeded(ArtifactManager.scala:118)
	at org.apache.spark.sql.artifact.ArtifactManager.withResources(ArtifactManager.scala:123)
	at org.apache.spark.sql.execution.SQLExecution$.$anonfun$withNewExecutionId0$18(SQLExecution.scala:917)
	at org.apache.spark.sql.execution.SQLExecution$.withSQLConfPropagated(SQLExecution.scala:1607)
	at org.apache.spark.sql.execution.SQLExecution$.$anonfun$withNewExecutionId0$1(SQLExecution.scala:916)
	at org.apache.spark.sql.SparkSession.withActive(SparkSession.scala:866)
	at org.apache.spark.sql.execution.SQLExecution$.withNewExecutionId0(SQLExecution.scala:657)
	at org.apache.spark.sql.execution.SQLExecution$.withNewExecutionId(SQLExecution.scala:1525)
	at org.apache.spark.sql.execution.QueryExecution$.$anonfun$runCommand$8(QueryExecution.scala:1955)
	at org.apache.spark.sql.execution.QueryExecution$.withInternalError(QueryExecution.scala:1822)
	at org.apache.spark.sql.execution.QueryExecution$.$anonfun$runCommand$7(QueryExecution.scala:1951)
	at org.apache.spark.sql.execution.QueryExecution.withMVTagsIfNecessary(QueryExecution.scala:710)
	at org.apache.spark.sql.execution.QueryExecution$.$anonfun$runCommand$4(QueryExecution.scala:1936)
	at scala.Option.map(Option.scala:242)
	at org.apache.spark.sql.execution.QueryExecution$.executeWithMVTags$1(QueryExecution.scala:1936)
	at org.apache.spark.sql.execution.QueryExecution$.runCommand(QueryExecution.scala:1949)
	at org.apache.spark.sql.execution.QueryExecution.org$apache$spark$sql$execution$QueryExecution$$eagerlyExecute$1(QueryExecution.scala:747)
	at org.apache.spark.sql.execution.QueryExecution$$anonfun$$nestedInanonfun$eagerlyExecuteCommands$1$1.applyOrElse(QueryExecution.scala:764)
	at org.apache.spark.sql.execution.QueryExecution$$anonfun$$nestedInanonfun$eagerlyExecuteCommands$1$1.applyOrElse(QueryExecution.scala:756)
	at org.apache.spark.sql.catalyst.trees.TreeNode.$anonfun$transformDownWithPruning$1(TreeNode.scala:610)
	at org.apache.spark.sql.catalyst.trees.CurrentOrigin$.withOrigin(origin.scala:142)
	at org.apache.spark.sql.catalyst.trees.TreeNode.transformDownWithPruning(TreeNode.scala:610)
	at org.apache.spark.sql.catalyst.plans.logical.LogicalPlan.org$apache$spark$sql$catalyst$plans$logical$AnalysisHelper$$super$transformDownWithPruning(LogicalPlan.scala:48)
	at org.apache.spark.sql.catalyst.plans.logical.AnalysisHelper.transformDownWithPruning(AnalysisHelper.scala:361)
	at org.apache.spark.sql.catalyst.plans.logical.AnalysisHelper.transformDownWithPruning$(AnalysisHelper.scala:357)
	at org.apache.spark.sql.catalyst.plans.logical.LogicalPlan.transformDownWithPruning(LogicalPlan.scala:48)
	at org.apache.spark.sql.catalyst.plans.logical.LogicalPlan.transformDownWithPruning(LogicalPlan.scala:48)
	at org.apache.spark.sql.catalyst.trees.TreeNode.transformDown(TreeNode.scala:586)
	at org.apache.spark.sql.execution.QueryExecution.$anonfun$eagerlyExecuteCommands$1(QueryExecution.scala:756)
	at org.apache.spark.sql.catalyst.plans.logical.AnalysisHelper$.allowInvokingTransformsInAnalyzer(AnalysisHelper.scala:418)
	at org.apache.spark.sql.execution.QueryExecution.eagerlyExecuteCommands(QueryExecution.scala:756)
	at org.apache.spark.sql.execution.QueryExecution.$anonfun$lazyCommandExecuted$1(QueryExecution.scala:666)
	at scala.util.Try$.apply(Try.scala:217)
	at org.apache.spark.util.Utils$.doTryWithCallerStacktrace(Utils.scala:1796)
	at org.apache.spark.util.LazyTry.tryT$lzycompute(LazyTry.scala:60)
	at org.apache.spark.util.LazyTry.tryT(LazyTry.scala:59)
	at org.apache.spark.util.LazyTry.get(LazyTry.scala:78)
	at org.apache.spark.sql.execution.QueryExecution.commandExecuted(QueryExecution.scala:671)
	at org.apache.spark.sql.execution.QueryExecution.assertCommandExecuted(QueryExecution.scala:804)
	at org.apache.spark.sql.classic.DataFrameWriter.runCommand(DataFrameWriter.scala:887)
	at org.apache.spark.sql.classic.DataFrameWriter.saveAsTable(DataFrameWriter.scala:732)
	at org.apache.spark.sql.classic.DataFrameWriter.saveAsTable(DataFrameWriter.scala:630)
	at org.apache.spark.sql.connect.planner.SparkConnectPlanner.handleWriteOperation(SparkConnectPlanner.scala:4607)
	at org.apache.spark.sql.connect.planner.SparkConnectPlanner.process(SparkConnectPlanner.scala:3782)
	at org.apache.spark.sql.connect.execution.ExecuteThreadRunner.handleCommand(ExecuteThreadRunner.scala:530)
	at org.apache.spark.sql.connect.execution.ExecuteThreadRunner.$anonfun$executeInternal$1(ExecuteThreadRunner.scala:420)
	at org.apache.spark.sql.connect.execution.ExecuteThreadRunner.$anonfun$executeInternal$1$adapted(ExecuteThreadRunner.scala:340)
	at org.apache.spark.sql.connect.service.SessionHolder.$anonfun$withSession$2(SessionHolder.scala:844)
	at org.apache.spark.sql.SparkSession.withActive(SparkSession.scala:866)
	at org.apache.spark.sql.connect.service.SessionHolder.$anonfun$withSession$1(SessionHolder.scala:844)
	at org.apache.spark.JobArtifactSet$.withActiveJobArtifactState(JobArtifactSet.scala:97)
	at org.apache.spark.sql.artifact.ArtifactManager.$anonfun$withResources$1(ArtifactManager.scala:124)
	at org.apache.spark.sql.artifact.ArtifactManager.withClassLoaderIfNeeded(ArtifactManager.scala:118)
	at org.apache.spark.sql.artifact.ArtifactManager.withResources(ArtifactManager.scala:123)
	at org.apache.spark.sql.connect.service.SessionHolder.withSession(SessionHolder.scala:843)
	at org.apache.spark.sql.connect.execution.ExecuteThreadRunner.executeInternal(ExecuteThreadRunner.scala:340)
	at org.apache.spark.sql.connect.execution.ExecuteThreadRunner.$anonfun$execute$1(ExecuteThreadRunner.scala:200)
	at scala.runtime.java8.JFunction0$mcV$sp.apply(JFunction0$mcV$sp.scala:18)
	at com.databricks.spark.connect.service.UtilizationMetrics.recordActiveQueries(UtilizationMetrics.scala:92)
	at com.databricks.spark.connect.service.UtilizationMetrics.recordActiveQueries$(UtilizationMetrics.scala:89)
	at org.apache.spark.sql.connect.execution.ExecuteThreadRunner.recordActiveQueries(ExecuteThreadRunner.scala:61)
	at org.apache.spark.sql.connect.execution.ExecuteThreadRunner.org$apache$spark$sql$connect$execution$ExecuteThreadRunner$$execute(ExecuteThreadRunner.scala:192)
	at org.apache.spark.sql.connect.execution.ExecuteThreadRunner$ExecutionThread.$anonfun$run$3(ExecuteThreadRunner.scala:601)
	at scala.runtime.java8.JFunction0$mcV$sp.apply(JFunction0$mcV$sp.scala:18)
	at com.databricks.spark.util.DBRTracing$.withSpanFromParent(DBRTracing.scala:70)
	at org.apache.spark.sql.connect.execution.ExecuteThreadRunner$ExecutionThread.$anonfun$run$2(ExecuteThreadRunner.scala:601)
	at scala.runtime.java8.JFunction0$mcV$sp.apply(JFunction0$mcV$sp.scala:18)
	at com.databricks.unity.UCSEphemeralState$Handle.runWith(UCSEphemeralState.scala:51)
	at com.databricks.unity.HandleImpl.runWith(UCSHandle.scala:128)
	at com.databricks.unity.HandleImpl.$anonfun$runWithAndClose$1(UCSHandle.scala:133)
	at scala.util.Using$.resource(Using.scala:296)
	at com.databricks.unity.HandleImpl.runWithAndClose(UCSHandle.scala:132)
	at org.apache.spark.sql.connect.execution.ExecuteThreadRunner$ExecutionThread.run(ExecuteThreadRunner.scala:600)
2026-07-18 02:54:05,653 | INFO | periode = 202501, type = <class 'int'>
2026-07-18 02:54:05,654 | INFO | periode = 202501
2026-07-18 02:54:05,655 | INFO | table_name = silver_nyc_taxi
2026-07-18 02:54:05,655 | INFO | taxi_type = yellow
2026-07-18 02:54:06,666 | INFO | ******************************************************* Starting UberBronze *******************************************************
2026-07-18 02:54:06,667 | INFO | Extracting yellow_tripdata_2025-01.parquet from /Volumes/nyc_taxi/bronze/raw_files/yellow/2025/yellow_tripdata_2025-01.parquet
2026-07-18 02:54:08,536 | INFO | ======================================================= Bronze rows : 3475226 ======================================================= 
2026-07-18 02:54:08,537 | INFO | run completed in 1.87s
2026-07-18 02:54:08,537 | INFO | ******************************************************* Finished UberBronze *******************************************************
2026-07-18 02:54:08,538 | INFO | ========================================================================================================================
2026-07-18 02:54:08,539 | INFO | ******************************************************* Starting UberSilver *******************************************************
2026-07-18 02:54:08,917 | INFO | add_trip_duration completed in 0.05s
2026-07-18 02:54:08,919 | INFO | add_date_key completed in 0.0s
2026-07-18 02:54:08,921 | INFO | add_tip_percent completed in 0.0s
2026-07-18 02:54:08,923 | INFO | add_average_speed completed in 0.0s
2026-07-18 02:54:08,925 | INFO | add_date_features completed in 0.0s
2026-07-18 02:54:08,928 | INFO | cast_columns completed in 0.0s
2026-07-18 02:54:08,930 | INFO | apply_quality_rules completed in 0.0s
2026-07-18 02:54:10,379 | INFO | Silver rows : 3475226 -> 3323486
2026-07-18 02:54:14,102 | INFO | run completed in 5.56s
2026-07-18 02:54:14,107 | INFO | ******************************************************* Finished UberSilver *******************************************************
2026-07-18 02:54:14,109 | INFO | ========================================================================================================================
2026-07-18 02:54:14,110 | INFO | ******************************************************* Starting UberGold *******************************************************
2026-07-18 02:54:14,113 | INFO | get_fact_trips completed in 0.0s
2026-07-18 02:54:14,117 | INFO | get_dim_date completed in 0.0s
2026-07-18 02:54:14,120 | INFO | get_kpi_daily completed in 0.0s
2026-07-18 02:54:20,761 | INFO | ============ Chargement des données dans Delta ============ 
2026-07-18 02:54:20,763 | INFO | ============ DEBUT DEBUG ============ 
2026-07-18 02:54:21,035 | INFO | ============ FIN DEBUG ============ 
2026-07-18 02:54:21,647 | INFO | ============ Suppression d'une période ============ 
2026-07-18 02:54:21,647 | INFO | ========================================================================================================================
2026-07-18 02:54:21,648 | INFO | Period 202501 deleted from silver_nyc_taxi
2026-07-18 02:54:31,252 | INFO | Table nyc_taxi.silver.silver_nyc_taxi saved
2026-07-18 02:54:31,836 | INFO | ============ Suppression d'une période ============ 
2026-07-18 02:54:31,837 | INFO | ========================================================================================================================
2026-07-18 02:54:31,838 | INFO | Period 202501 deleted from gold_fact_trips
2026-07-18 02:54:37,595 | INFO | Table nyc_taxi.gold.gold_fact_trips saved
2026-07-18 02:54:39,440 | INFO | ============ Suppression d'une période ============ 
2026-07-18 02:54:39,441 | INFO | ========================================================================================================================
2026-07-18 02:54:39,441 | INFO | Period 202501 deleted from gold_dim_date
2026-07-18 02:54:39,878 | ERROR | [APPEND_PARTITIONING_COLUMNS_MISMATCH] The provided partitioning or clustering columns do not match the existing table's.
- provided: identity(periode)
- table:  SQLSTATE: 42P10

JVM stacktrace:
org.apache.spark.sql.AnalysisException
	at org.apache.spark.sql.errors.QueryCompilationErrors$.appendPartitioningColumnsMismatchError(QueryCompilationErrors.scala:7852)
	at org.apache.spark.sql.classic.DataFrameWriter.checkPartitioningMatchesV2Table(DataFrameWriter.scala:875)
	at org.apache.spark.sql.classic.DataFrameWriter.saveAsTable(DataFrameWriter.scala:669)
	at org.apache.spark.sql.classic.DataFrameWriter.saveAsTable(DataFrameWriter.scala:630)
	at org.apache.spark.sql.connect.planner.SparkConnectPlanner.handleWriteOperation(SparkConnectPlanner.scala:4607)
	at org.apache.spark.sql.connect.planner.SparkConnectPlanner.process(SparkConnectPlanner.scala:3782)
	at org.apache.spark.sql.connect.execution.ExecuteThreadRunner.handleCommand(ExecuteThreadRunner.scala:530)
	at org.apache.spark.sql.connect.execution.ExecuteThreadRunner.$anonfun$executeInternal$1(ExecuteThreadRunner.scala:420)
	at org.apache.spark.sql.connect.execution.ExecuteThreadRunner.$anonfun$executeInternal$1$adapted(ExecuteThreadRunner.scala:340)
	at org.apache.spark.sql.connect.service.SessionHolder.$anonfun$withSession$2(SessionHolder.scala:844)
	at org.apache.spark.sql.SparkSession.withActive(SparkSession.scala:866)
	at org.apache.spark.sql.connect.service.SessionHolder.$anonfun$withSession$1(SessionHolder.scala:844)
	at org.apache.spark.JobArtifactSet$.withActiveJobArtifactState(JobArtifactSet.scala:97)
	at org.apache.spark.sql.artifact.ArtifactManager.$anonfun$withResources$1(ArtifactManager.scala:124)
	at org.apache.spark.sql.artifact.ArtifactManager.withClassLoaderIfNeeded(ArtifactManager.scala:118)
	at org.apache.spark.sql.artifact.ArtifactManager.withResources(ArtifactManager.scala:123)
	at org.apache.spark.sql.connect.service.SessionHolder.withSession(SessionHolder.scala:843)
	at org.apache.spark.sql.connect.execution.ExecuteThreadRunner.executeInternal(ExecuteThreadRunner.scala:340)
	at org.apache.spark.sql.connect.execution.ExecuteThreadRunner.$anonfun$execute$1(ExecuteThreadRunner.scala:200)
	at scala.runtime.java8.JFunction0$mcV$sp.apply(JFunction0$mcV$sp.scala:18)
	at com.databricks.spark.connect.service.UtilizationMetrics.recordActiveQueries(UtilizationMetrics.scala:92)
	at com.databricks.spark.connect.service.UtilizationMetrics.recordActiveQueries$(UtilizationMetrics.scala:89)
	at org.apache.spark.sql.connect.execution.ExecuteThreadRunner.recordActiveQueries(ExecuteThreadRunner.scala:61)
	at org.apache.spark.sql.connect.execution.ExecuteThreadRunner.org$apache$spark$sql$connect$execution$ExecuteThreadRunner$$execute(ExecuteThreadRunner.scala:192)
	at org.apache.spark.sql.connect.execution.ExecuteThreadRunner$ExecutionThread.$anonfun$run$3(ExecuteThreadRunner.scala:601)
	at scala.runtime.java8.JFunction0$mcV$sp.apply(JFunction0$mcV$sp.scala:18)
	at com.databricks.spark.util.DBRTracing$.withSpanFromParent(DBRTracing.scala:70)
	at org.apache.spark.sql.connect.execution.ExecuteThreadRunner$ExecutionThread.$anonfun$run$2(ExecuteThreadRunner.scala:601)
	at scala.runtime.java8.JFunction0$mcV$sp.apply(JFunction0$mcV$sp.scala:18)
	at com.databricks.unity.UCSEphemeralState$Handle.runWith(UCSEphemeralState.scala:51)
	at com.databricks.unity.HandleImpl.runWith(UCSHandle.scala:128)
	at com.databricks.unity.HandleImpl.$anonfun$runWithAndClose$1(UCSHandle.scala:133)
	at scala.util.Using$.resource(Using.scala:296)
	at com.databricks.unity.HandleImpl.runWithAndClose(UCSHandle.scala:132)
	at org.apache.spark.sql.connect.execution.ExecuteThreadRunner$ExecutionThread.run(ExecuteThreadRunner.scala:600)
2026-07-18 02:54:39,880 | ERROR | Error in pipeline : [APPEND_PARTITIONING_COLUMNS_MISMATCH] The provided partitioning or clustering columns do not match the existing table's.
- provided: identity(periode)
- table:  SQLSTATE: 42P10

JVM stacktrace:
org.apache.spark.sql.AnalysisException
	at org.apache.spark.sql.errors.QueryCompilationErrors$.appendPartitioningColumnsMismatchError(QueryCompilationErrors.scala:7852)
	at org.apache.spark.sql.classic.DataFrameWriter.checkPartitioningMatchesV2Table(DataFrameWriter.scala:875)
	at org.apache.spark.sql.classic.DataFrameWriter.saveAsTable(DataFrameWriter.scala:669)
	at org.apache.spark.sql.classic.DataFrameWriter.saveAsTable(DataFrameWriter.scala:630)
	at org.apache.spark.sql.connect.planner.SparkConnectPlanner.handleWriteOperation(SparkConnectPlanner.scala:4607)
	at org.apache.spark.sql.connect.planner.SparkConnectPlanner.process(SparkConnectPlanner.scala:3782)
	at org.apache.spark.sql.connect.execution.ExecuteThreadRunner.handleCommand(ExecuteThreadRunner.scala:530)
	at org.apache.spark.sql.connect.execution.ExecuteThreadRunner.$anonfun$executeInternal$1(ExecuteThreadRunner.scala:420)
	at org.apache.spark.sql.connect.execution.ExecuteThreadRunner.$anonfun$executeInternal$1$adapted(ExecuteThreadRunner.scala:340)
	at org.apache.spark.sql.connect.service.SessionHolder.$anonfun$withSession$2(SessionHolder.scala:844)
	at org.apache.spark.sql.SparkSession.withActive(SparkSession.scala:866)
	at org.apache.spark.sql.connect.service.SessionHolder.$anonfun$withSession$1(SessionHolder.scala:844)
	at org.apache.spark.JobArtifactSet$.withActiveJobArtifactState(JobArtifactSet.scala:97)
	at org.apache.spark.sql.artifact.ArtifactManager.$anonfun$withResources$1(ArtifactManager.scala:124)
	at org.apache.spark.sql.artifact.ArtifactManager.withClassLoaderIfNeeded(ArtifactManager.scala:118)
	at org.apache.spark.sql.artifact.ArtifactManager.withResources(ArtifactManager.scala:123)
	at org.apache.spark.sql.connect.service.SessionHolder.withSession(SessionHolder.scala:843)
	at org.apache.spark.sql.connect.execution.ExecuteThreadRunner.executeInternal(ExecuteThreadRunner.scala:340)
	at org.apache.spark.sql.connect.execution.ExecuteThreadRunner.$anonfun$execute$1(ExecuteThreadRunner.scala:200)
	at scala.runtime.java8.JFunction0$mcV$sp.apply(JFunction0$mcV$sp.scala:18)
	at com.databricks.spark.connect.service.UtilizationMetrics.recordActiveQueries(UtilizationMetrics.scala:92)
	at com.databricks.spark.connect.service.UtilizationMetrics.recordActiveQueries$(UtilizationMetrics.scala:89)
	at org.apache.spark.sql.connect.execution.ExecuteThreadRunner.recordActiveQueries(ExecuteThreadRunner.scala:61)
	at org.apache.spark.sql.connect.execution.ExecuteThreadRunner.org$apache$spark$sql$connect$execution$ExecuteThreadRunner$$execute(ExecuteThreadRunner.scala:192)
	at org.apache.spark.sql.connect.execution.ExecuteThreadRunner$ExecutionThread.$anonfun$run$3(ExecuteThreadRunner.scala:601)
	at scala.runtime.java8.JFunction0$mcV$sp.apply(JFunction0$mcV$sp.scala:18)
	at com.databricks.spark.util.DBRTracing$.withSpanFromParent(DBRTracing.scala:70)
	at org.apache.spark.sql.connect.execution.ExecuteThreadRunner$ExecutionThread.$anonfun$run$2(ExecuteThreadRunner.scala:601)
	at scala.runtime.java8.JFunction0$mcV$sp.apply(JFunction0$mcV$sp.scala:18)
	at com.databricks.unity.UCSEphemeralState$Handle.runWith(UCSEphemeralState.scala:51)
	at com.databricks.unity.HandleImpl.runWith(UCSHandle.scala:128)
	at com.databricks.unity.HandleImpl.$anonfun$runWithAndClose$1(UCSHandle.scala:133)
	at scala.util.Using$.resource(Using.scala:296)
	at com.databricks.unity.HandleImpl.runWithAndClose(UCSHandle.scala:132)
	at org.apache.spark.sql.connect.execution.ExecuteThreadRunner$ExecutionThread.run(ExecuteThreadRunner.scala:600)
2026-07-18 03:24:16,560 | INFO | periode = 202501, type = <class 'int'>
2026-07-18 03:24:16,561 | INFO | periode = 202501
2026-07-18 03:24:16,562 | INFO | table_name = silver_nyc_taxi
2026-07-18 03:24:16,563 | INFO | taxi_type = yellow
2026-07-18 03:24:20,505 | INFO | ******************************************************* Starting UberBronze *******************************************************
2026-07-18 03:24:20,506 | INFO | Extracting yellow_tripdata_2025-01.parquet from /Volumes/nyc_taxi/bronze/raw_files/yellow/2025/yellow_tripdata_2025-01.parquet
2026-07-18 03:24:30,514 | INFO | ======================================================= Bronze rows : 3475226 ======================================================= 
2026-07-18 03:24:30,515 | INFO | run completed in 10.01s
2026-07-18 03:24:30,515 | INFO | ******************************************************* Finished UberBronze *******************************************************
2026-07-18 03:24:30,516 | INFO | ========================================================================================================================
2026-07-18 03:24:30,517 | INFO | ******************************************************* Starting UberSilver *******************************************************
2026-07-18 03:24:31,221 | INFO | add_trip_duration completed in 0.1s
2026-07-18 03:24:31,222 | INFO | add_date_key completed in 0.0s
2026-07-18 03:24:31,223 | INFO | add_tip_percent completed in 0.0s
2026-07-18 03:24:31,225 | INFO | add_average_speed completed in 0.0s
2026-07-18 03:24:31,227 | INFO | add_date_features completed in 0.0s
2026-07-18 03:24:31,228 | INFO | cast_columns completed in 0.0s
2026-07-18 03:24:31,229 | INFO | apply_quality_rules completed in 0.0s
2026-07-18 03:24:34,329 | INFO | Silver rows : 3475226 -> 3323486
2026-07-18 03:24:34,335 | ERROR | type object 'SchemaManager' has no attribute 'apply_schema'
2026-07-18 03:24:34,336 | ERROR | Error in pipeline : type object 'SchemaManager' has no attribute 'apply_schema'
2026-07-18 03:26:20,287 | INFO | periode = 202501, type = <class 'int'>
2026-07-18 03:26:20,288 | INFO | periode = 202501
2026-07-18 03:26:20,288 | INFO | table_name = silver_nyc_taxi
2026-07-18 03:26:20,289 | INFO | taxi_type = yellow
2026-07-18 03:26:21,300 | INFO | ******************************************************* Starting UberBronze *******************************************************
2026-07-18 03:26:21,301 | INFO | Extracting yellow_tripdata_2025-01.parquet from /Volumes/nyc_taxi/bronze/raw_files/yellow/2025/yellow_tripdata_2025-01.parquet
2026-07-18 03:26:22,987 | INFO | ======================================================= Bronze rows : 3475226 ======================================================= 
2026-07-18 03:26:22,988 | INFO | run completed in 1.69s
2026-07-18 03:26:22,989 | INFO | ******************************************************* Finished UberBronze *******************************************************
2026-07-18 03:26:22,991 | INFO | ========================================================================================================================
2026-07-18 03:26:22,992 | INFO | ******************************************************* Starting UberSilver *******************************************************
2026-07-18 03:26:23,592 | INFO | add_trip_duration completed in 0.05s
2026-07-18 03:26:23,593 | INFO | add_date_key completed in 0.0s
2026-07-18 03:26:23,594 | INFO | add_tip_percent completed in 0.0s
2026-07-18 03:26:23,595 | INFO | add_average_speed completed in 0.0s
2026-07-18 03:26:23,596 | INFO | add_date_features completed in 0.0s
2026-07-18 03:26:23,597 | INFO | cast_columns completed in 0.0s
2026-07-18 03:26:23,598 | INFO | apply_quality_rules completed in 0.0s
2026-07-18 03:26:25,470 | INFO | Silver rows : 3475226 -> 3323486
2026-07-18 03:26:25,474 | ERROR | type object 'SchemaManager' has no attribute 'apply_schema'
2026-07-18 03:26:25,475 | ERROR | Error in pipeline : type object 'SchemaManager' has no attribute 'apply_schema'
2026-07-18 03:28:32,182 | INFO | periode = 202501, type = <class 'int'>
2026-07-18 03:28:32,183 | INFO | periode = 202501
2026-07-18 03:28:32,184 | INFO | table_name = silver_nyc_taxi
2026-07-18 03:28:32,185 | INFO | taxi_type = yellow
2026-07-18 03:28:33,265 | INFO | ******************************************************* Starting UberBronze *******************************************************
2026-07-18 03:28:33,267 | INFO | Extracting yellow_tripdata_2025-01.parquet from /Volumes/nyc_taxi/bronze/raw_files/yellow/2025/yellow_tripdata_2025-01.parquet
2026-07-18 03:28:34,682 | INFO | ======================================================= Bronze rows : 3475226 ======================================================= 
2026-07-18 03:28:34,683 | INFO | run completed in 1.42s
2026-07-18 03:28:34,684 | INFO | ******************************************************* Finished UberBronze *******************************************************
2026-07-18 03:28:34,684 | INFO | ========================================================================================================================
2026-07-18 03:28:34,685 | INFO | ******************************************************* Starting UberSilver *******************************************************
2026-07-18 03:28:35,173 | INFO | add_trip_duration completed in 0.11s
2026-07-18 03:28:35,174 | INFO | add_date_key completed in 0.0s
2026-07-18 03:28:35,175 | INFO | add_tip_percent completed in 0.0s
2026-07-18 03:28:35,176 | INFO | add_average_speed completed in 0.0s
2026-07-18 03:28:35,177 | INFO | add_date_features completed in 0.0s
2026-07-18 03:28:35,178 | INFO | cast_columns completed in 0.0s
2026-07-18 03:28:35,181 | INFO | apply_quality_rules completed in 0.0s
2026-07-18 03:28:36,768 | INFO | Silver rows : 3475226 -> 3323486
2026-07-18 03:28:39,564 | INFO | run completed in 4.88s
2026-07-18 03:28:39,565 | INFO | ******************************************************* Finished UberSilver *******************************************************
2026-07-18 03:28:39,565 | INFO | ========================================================================================================================
2026-07-18 03:28:39,566 | INFO | ******************************************************* Starting UberGold *******************************************************
2026-07-18 03:28:39,567 | INFO | get_fact_trips completed in 0.0s
2026-07-18 03:28:39,569 | INFO | get_dim_date completed in 0.0s
2026-07-18 03:28:39,570 | INFO | get_kpi_daily completed in 0.0s
2026-07-18 03:28:51,458 | INFO | ============ Chargement des données dans Delta ============ 
2026-07-18 03:28:51,459 | INFO | ============ DEBUT DEBUG ============ 
2026-07-18 03:28:52,642 | INFO | ============ FIN DEBUG ============ 
2026-07-18 03:28:53,771 | INFO | ============ Suppression d'une période ============ 
2026-07-18 03:28:53,772 | INFO | ========================================================================================================================
2026-07-18 03:28:53,773 | INFO | Period 202501 deleted from silver_nyc_taxi
2026-07-18 03:29:04,567 | INFO | Table nyc_taxi.silver.silver_nyc_taxi saved
2026-07-18 03:29:05,338 | INFO | ============ Suppression d'une période ============ 
2026-07-18 03:29:05,339 | INFO | ========================================================================================================================
2026-07-18 03:29:05,340 | INFO | Period 202501 deleted from gold_fact_trips
2026-07-18 03:29:11,686 | INFO | Table nyc_taxi.gold.gold_fact_trips saved
2026-07-18 03:29:14,175 | INFO | ============ Suppression d'une période ============ 
2026-07-18 03:29:14,177 | INFO | ========================================================================================================================
2026-07-18 03:29:14,178 | INFO | Period 202501 deleted from gold_dim_date
2026-07-18 03:29:14,823 | ERROR | [APPEND_PARTITIONING_COLUMNS_MISMATCH] The provided partitioning or clustering columns do not match the existing table's.
- provided: identity(periode)
- table:  SQLSTATE: 42P10

JVM stacktrace:
org.apache.spark.sql.AnalysisException
	at org.apache.spark.sql.errors.QueryCompilationErrors$.appendPartitioningColumnsMismatchError(QueryCompilationErrors.scala:7815)
	at org.apache.spark.sql.classic.DataFrameWriter.checkPartitioningMatchesV2Table(DataFrameWriter.scala:875)
	at org.apache.spark.sql.classic.DataFrameWriter.saveAsTable(DataFrameWriter.scala:669)
	at org.apache.spark.sql.classic.DataFrameWriter.saveAsTable(DataFrameWriter.scala:630)
	at org.apache.spark.sql.connect.planner.SparkConnectPlanner.handleWriteOperation(SparkConnectPlanner.scala:4603)
	at org.apache.spark.sql.connect.planner.SparkConnectPlanner.process(SparkConnectPlanner.scala:3782)
	at org.apache.spark.sql.connect.execution.ExecuteThreadRunner.handleCommand(ExecuteThreadRunner.scala:516)
	at org.apache.spark.sql.connect.execution.ExecuteThreadRunner.$anonfun$executeInternal$1(ExecuteThreadRunner.scala:406)
	at org.apache.spark.sql.connect.execution.ExecuteThreadRunner.$anonfun$executeInternal$1$adapted(ExecuteThreadRunner.scala:329)
	at org.apache.spark.sql.connect.service.SessionHolder.$anonfun$withSession$2(SessionHolder.scala:844)
	at org.apache.spark.sql.SparkSession.withActive(SparkSession.scala:866)
	at org.apache.spark.sql.connect.service.SessionHolder.$anonfun$withSession$1(SessionHolder.scala:844)
	at org.apache.spark.JobArtifactSet$.withActiveJobArtifactState(JobArtifactSet.scala:97)
	at org.apache.spark.sql.artifact.ArtifactManager.$anonfun$withResources$1(ArtifactManager.scala:124)
	at org.apache.spark.sql.artifact.ArtifactManager.withClassLoaderIfNeeded(ArtifactManager.scala:118)
	at org.apache.spark.sql.artifact.ArtifactManager.withResources(ArtifactManager.scala:123)
	at org.apache.spark.sql.connect.service.SessionHolder.withSession(SessionHolder.scala:843)
	at org.apache.spark.sql.connect.execution.ExecuteThreadRunner.executeInternal(ExecuteThreadRunner.scala:329)
	at org.apache.spark.sql.connect.execution.ExecuteThreadRunner.$anonfun$execute$1(ExecuteThreadRunner.scala:194)
	at scala.runtime.java8.JFunction0$mcV$sp.apply(JFunction0$mcV$sp.scala:18)
	at com.databricks.spark.connect.service.UtilizationMetrics.recordActiveQueries(UtilizationMetrics.scala:92)
	at com.databricks.spark.connect.service.UtilizationMetrics.recordActiveQueries$(UtilizationMetrics.scala:89)
	at org.apache.spark.sql.connect.execution.ExecuteThreadRunner.recordActiveQueries(ExecuteThreadRunner.scala:55)
	at org.apache.spark.sql.connect.execution.ExecuteThreadRunner.org$apache$spark$sql$connect$execution$ExecuteThreadRunner$$execute(ExecuteThreadRunner.scala:186)
	at org.apache.spark.sql.connect.execution.ExecuteThreadRunner$ExecutionThread.$anonfun$run$3(ExecuteThreadRunner.scala:587)
	at scala.runtime.java8.JFunction0$mcV$sp.apply(JFunction0$mcV$sp.scala:18)
	at com.databricks.spark.util.DBRTracing$.withSpanFromParent(DBRTracing.scala:70)
	at org.apache.spark.sql.connect.execution.ExecuteThreadRunner$ExecutionThread.$anonfun$run$2(ExecuteThreadRunner.scala:587)
	at scala.runtime.java8.JFunction0$mcV$sp.apply(JFunction0$mcV$sp.scala:18)
	at com.databricks.unity.UCSEphemeralState$Handle.runWith(UCSEphemeralState.scala:51)
	at com.databricks.unity.HandleImpl.runWith(UCSHandle.scala:128)
	at com.databricks.unity.HandleImpl.$anonfun$runWithAndClose$1(UCSHandle.scala:133)
	at scala.util.Using$.resource(Using.scala:296)
	at com.databricks.unity.HandleImpl.runWithAndClose(UCSHandle.scala:132)
	at org.apache.spark.sql.connect.execution.ExecuteThreadRunner$ExecutionThread.run(ExecuteThreadRunner.scala:586)
2026-07-18 03:29:14,824 | ERROR | Error in pipeline : [APPEND_PARTITIONING_COLUMNS_MISMATCH] The provided partitioning or clustering columns do not match the existing table's.
- provided: identity(periode)
- table:  SQLSTATE: 42P10

JVM stacktrace:
org.apache.spark.sql.AnalysisException
	at org.apache.spark.sql.errors.QueryCompilationErrors$.appendPartitioningColumnsMismatchError(QueryCompilationErrors.scala:7815)
	at org.apache.spark.sql.classic.DataFrameWriter.checkPartitioningMatchesV2Table(DataFrameWriter.scala:875)
	at org.apache.spark.sql.classic.DataFrameWriter.saveAsTable(DataFrameWriter.scala:669)
	at org.apache.spark.sql.classic.DataFrameWriter.saveAsTable(DataFrameWriter.scala:630)
	at org.apache.spark.sql.connect.planner.SparkConnectPlanner.handleWriteOperation(SparkConnectPlanner.scala:4603)
	at org.apache.spark.sql.connect.planner.SparkConnectPlanner.process(SparkConnectPlanner.scala:3782)
	at org.apache.spark.sql.connect.execution.ExecuteThreadRunner.handleCommand(ExecuteThreadRunner.scala:516)
	at org.apache.spark.sql.connect.execution.ExecuteThreadRunner.$anonfun$executeInternal$1(ExecuteThreadRunner.scala:406)
	at org.apache.spark.sql.connect.execution.ExecuteThreadRunner.$anonfun$executeInternal$1$adapted(ExecuteThreadRunner.scala:329)
	at org.apache.spark.sql.connect.service.SessionHolder.$anonfun$withSession$2(SessionHolder.scala:844)
	at org.apache.spark.sql.SparkSession.withActive(SparkSession.scala:866)
	at org.apache.spark.sql.connect.service.SessionHolder.$anonfun$withSession$1(SessionHolder.scala:844)
	at org.apache.spark.JobArtifactSet$.withActiveJobArtifactState(JobArtifactSet.scala:97)
	at org.apache.spark.sql.artifact.ArtifactManager.$anonfun$withResources$1(ArtifactManager.scala:124)
	at org.apache.spark.sql.artifact.ArtifactManager.withClassLoaderIfNeeded(ArtifactManager.scala:118)
	at org.apache.spark.sql.artifact.ArtifactManager.withResources(ArtifactManager.scala:123)
	at org.apache.spark.sql.connect.service.SessionHolder.withSession(SessionHolder.scala:843)
	at org.apache.spark.sql.connect.execution.ExecuteThreadRunner.executeInternal(ExecuteThreadRunner.scala:329)
	at org.apache.spark.sql.connect.execution.ExecuteThreadRunner.$anonfun$execute$1(ExecuteThreadRunner.scala:194)
	at scala.runtime.java8.JFunction0$mcV$sp.apply(JFunction0$mcV$sp.scala:18)
	at com.databricks.spark.connect.service.UtilizationMetrics.recordActiveQueries(UtilizationMetrics.scala:92)
	at com.databricks.spark.connect.service.UtilizationMetrics.recordActiveQueries$(UtilizationMetrics.scala:89)
	at org.apache.spark.sql.connect.execution.ExecuteThreadRunner.recordActiveQueries(ExecuteThreadRunner.scala:55)
	at org.apache.spark.sql.connect.execution.ExecuteThreadRunner.org$apache$spark$sql$connect$execution$ExecuteThreadRunner$$execute(ExecuteThreadRunner.scala:186)
	at org.apache.spark.sql.connect.execution.ExecuteThreadRunner$ExecutionThread.$anonfun$run$3(ExecuteThreadRunner.scala:587)
	at scala.runtime.java8.JFunction0$mcV$sp.apply(JFunction0$mcV$sp.scala:18)
	at com.databricks.spark.util.DBRTracing$.withSpanFromParent(DBRTracing.scala:70)
	at org.apache.spark.sql.connect.execution.ExecuteThreadRunner$ExecutionThread.$anonfun$run$2(ExecuteThreadRunner.scala:587)
	at scala.runtime.java8.JFunction0$mcV$sp.apply(JFunction0$mcV$sp.scala:18)
	at com.databricks.unity.UCSEphemeralState$Handle.runWith(UCSEphemeralState.scala:51)
	at com.databricks.unity.HandleImpl.runWith(UCSHandle.scala:128)
	at com.databricks.unity.HandleImpl.$anonfun$runWithAndClose$1(UCSHandle.scala:133)
	at scala.util.Using$.resource(Using.scala:296)
	at com.databricks.unity.HandleImpl.runWithAndClose(UCSHandle.scala:132)
	at org.apache.spark.sql.connect.execution.ExecuteThreadRunner$ExecutionThread.run(ExecuteThreadRunner.scala:586)
2026-07-18 03:37:38,551 | INFO | periode = 202501, type = <class 'int'>
2026-07-18 03:37:38,552 | INFO | periode = 202501
2026-07-18 03:37:38,552 | INFO | table_name = silver_nyc_taxi
2026-07-18 03:37:38,553 | INFO | taxi_type = yellow
2026-07-18 03:37:39,509 | INFO | ******************************************************* Starting UberBronze *******************************************************
2026-07-18 03:37:39,510 | INFO | Extracting yellow_tripdata_2025-01.parquet from /Volumes/nyc_taxi/bronze/raw_files/yellow/2025/yellow_tripdata_2025-01.parquet
2026-07-18 03:37:40,773 | INFO | ======================================================= Bronze rows : 3475226 ======================================================= 
2026-07-18 03:37:40,774 | INFO | run completed in 1.26s
2026-07-18 03:37:40,775 | INFO | ******************************************************* Finished UberBronze *******************************************************
2026-07-18 03:37:40,775 | INFO | ========================================================================================================================
2026-07-18 03:37:40,776 | INFO | ******************************************************* Starting UberSilver *******************************************************
2026-07-18 03:37:41,266 | INFO | add_trip_duration completed in 0.04s
2026-07-18 03:37:41,268 | INFO | add_date_key completed in 0.0s
2026-07-18 03:37:41,269 | INFO | add_tip_percent completed in 0.0s
2026-07-18 03:37:41,274 | INFO | add_average_speed completed in 0.0s
2026-07-18 03:37:41,275 | INFO | add_date_features completed in 0.0s
2026-07-18 03:37:41,276 | INFO | cast_columns completed in 0.0s
2026-07-18 03:37:41,277 | INFO | apply_quality_rules completed in 0.0s
2026-07-18 03:37:42,980 | INFO | Silver rows : 3475226 -> 3323486
2026-07-18 03:37:45,159 | INFO | run completed in 4.38s
2026-07-18 03:37:45,160 | INFO | ******************************************************* Finished UberSilver *******************************************************
2026-07-18 03:37:45,161 | INFO | ========================================================================================================================
2026-07-18 03:37:45,161 | INFO | ******************************************************* Starting UberGold *******************************************************
2026-07-18 03:37:45,163 | INFO | get_fact_trips completed in 0.0s
2026-07-18 03:37:45,164 | INFO | get_dim_date completed in 0.0s
2026-07-18 03:37:45,166 | INFO | get_kpi_daily completed in 0.0s
2026-07-18 03:37:53,560 | INFO | ============ Chargement des données dans Delta ============ 
2026-07-18 03:37:53,561 | INFO | ============ DEBUT DEBUG ============ 
2026-07-18 03:37:54,350 | INFO | ============ FIN DEBUG ============ 
2026-07-18 03:37:55,501 | INFO | ============ Suppression d'une période ============ 
2026-07-18 03:37:55,502 | INFO | ========================================================================================================================
2026-07-18 03:37:55,503 | INFO | Period 202501 deleted from silver_nyc_taxi
2026-07-18 03:38:05,535 | INFO | Table nyc_taxi.silver.silver_nyc_taxi saved
2026-07-18 03:38:06,321 | INFO | ============ Suppression d'une période ============ 
2026-07-18 03:38:06,322 | INFO | ========================================================================================================================
2026-07-18 03:38:06,323 | INFO | Period 202501 deleted from gold_fact_trips
2026-07-18 03:38:11,965 | INFO | Table nyc_taxi.gold.gold_fact_trips saved
2026-07-18 03:38:13,101 | INFO | ============ Suppression d'une période ============ 
2026-07-18 03:38:13,102 | INFO | ========================================================================================================================
2026-07-18 03:38:13,105 | INFO | Period 202501 deleted from gold_dim_date
2026-07-18 03:38:13,802 | ERROR | [APPEND_PARTITIONING_COLUMNS_MISMATCH] The provided partitioning or clustering columns do not match the existing table's.
- provided: identity(periode)
- table:  SQLSTATE: 42P10

JVM stacktrace:
org.apache.spark.sql.AnalysisException
	at org.apache.spark.sql.errors.QueryCompilationErrors$.appendPartitioningColumnsMismatchError(QueryCompilationErrors.scala:7815)
	at org.apache.spark.sql.classic.DataFrameWriter.checkPartitioningMatchesV2Table(DataFrameWriter.scala:875)
	at org.apache.spark.sql.classic.DataFrameWriter.saveAsTable(DataFrameWriter.scala:669)
	at org.apache.spark.sql.classic.DataFrameWriter.saveAsTable(DataFrameWriter.scala:630)
	at org.apache.spark.sql.connect.planner.SparkConnectPlanner.handleWriteOperation(SparkConnectPlanner.scala:4603)
	at org.apache.spark.sql.connect.planner.SparkConnectPlanner.process(SparkConnectPlanner.scala:3782)
	at org.apache.spark.sql.connect.execution.ExecuteThreadRunner.handleCommand(ExecuteThreadRunner.scala:516)
	at org.apache.spark.sql.connect.execution.ExecuteThreadRunner.$anonfun$executeInternal$1(ExecuteThreadRunner.scala:406)
	at org.apache.spark.sql.connect.execution.ExecuteThreadRunner.$anonfun$executeInternal$1$adapted(ExecuteThreadRunner.scala:329)
	at org.apache.spark.sql.connect.service.SessionHolder.$anonfun$withSession$2(SessionHolder.scala:844)
	at org.apache.spark.sql.SparkSession.withActive(SparkSession.scala:866)
	at org.apache.spark.sql.connect.service.SessionHolder.$anonfun$withSession$1(SessionHolder.scala:844)
	at org.apache.spark.JobArtifactSet$.withActiveJobArtifactState(JobArtifactSet.scala:97)
	at org.apache.spark.sql.artifact.ArtifactManager.$anonfun$withResources$1(ArtifactManager.scala:124)
	at org.apache.spark.sql.artifact.ArtifactManager.withClassLoaderIfNeeded(ArtifactManager.scala:118)
	at org.apache.spark.sql.artifact.ArtifactManager.withResources(ArtifactManager.scala:123)
	at org.apache.spark.sql.connect.service.SessionHolder.withSession(SessionHolder.scala:843)
	at org.apache.spark.sql.connect.execution.ExecuteThreadRunner.executeInternal(ExecuteThreadRunner.scala:329)
	at org.apache.spark.sql.connect.execution.ExecuteThreadRunner.$anonfun$execute$1(ExecuteThreadRunner.scala:194)
	at scala.runtime.java8.JFunction0$mcV$sp.apply(JFunction0$mcV$sp.scala:18)
	at com.databricks.spark.connect.service.UtilizationMetrics.recordActiveQueries(UtilizationMetrics.scala:92)
	at com.databricks.spark.connect.service.UtilizationMetrics.recordActiveQueries$(UtilizationMetrics.scala:89)
	at org.apache.spark.sql.connect.execution.ExecuteThreadRunner.recordActiveQueries(ExecuteThreadRunner.scala:55)
	at org.apache.spark.sql.connect.execution.ExecuteThreadRunner.org$apache$spark$sql$connect$execution$ExecuteThreadRunner$$execute(ExecuteThreadRunner.scala:186)
	at org.apache.spark.sql.connect.execution.ExecuteThreadRunner$ExecutionThread.$anonfun$run$3(ExecuteThreadRunner.scala:587)
	at scala.runtime.java8.JFunction0$mcV$sp.apply(JFunction0$mcV$sp.scala:18)
	at com.databricks.spark.util.DBRTracing$.withSpanFromParent(DBRTracing.scala:70)
	at org.apache.spark.sql.connect.execution.ExecuteThreadRunner$ExecutionThread.$anonfun$run$2(ExecuteThreadRunner.scala:587)
	at scala.runtime.java8.JFunction0$mcV$sp.apply(JFunction0$mcV$sp.scala:18)
	at com.databricks.unity.UCSEphemeralState$Handle.runWith(UCSEphemeralState.scala:51)
	at com.databricks.unity.HandleImpl.runWith(UCSHandle.scala:128)
	at com.databricks.unity.HandleImpl.$anonfun$runWithAndClose$1(UCSHandle.scala:133)
	at scala.util.Using$.resource(Using.scala:296)
	at com.databricks.unity.HandleImpl.runWithAndClose(UCSHandle.scala:132)
	at org.apache.spark.sql.connect.execution.ExecuteThreadRunner$ExecutionThread.run(ExecuteThreadRunner.scala:586)
2026-07-18 03:38:13,804 | ERROR | Error in pipeline : [APPEND_PARTITIONING_COLUMNS_MISMATCH] The provided partitioning or clustering columns do not match the existing table's.
- provided: identity(periode)
- table:  SQLSTATE: 42P10

JVM stacktrace:
org.apache.spark.sql.AnalysisException
	at org.apache.spark.sql.errors.QueryCompilationErrors$.appendPartitioningColumnsMismatchError(QueryCompilationErrors.scala:7815)
	at org.apache.spark.sql.classic.DataFrameWriter.checkPartitioningMatchesV2Table(DataFrameWriter.scala:875)
	at org.apache.spark.sql.classic.DataFrameWriter.saveAsTable(DataFrameWriter.scala:669)
	at org.apache.spark.sql.classic.DataFrameWriter.saveAsTable(DataFrameWriter.scala:630)
	at org.apache.spark.sql.connect.planner.SparkConnectPlanner.handleWriteOperation(SparkConnectPlanner.scala:4603)
	at org.apache.spark.sql.connect.planner.SparkConnectPlanner.process(SparkConnectPlanner.scala:3782)
	at org.apache.spark.sql.connect.execution.ExecuteThreadRunner.handleCommand(ExecuteThreadRunner.scala:516)
	at org.apache.spark.sql.connect.execution.ExecuteThreadRunner.$anonfun$executeInternal$1(ExecuteThreadRunner.scala:406)
	at org.apache.spark.sql.connect.execution.ExecuteThreadRunner.$anonfun$executeInternal$1$adapted(ExecuteThreadRunner.scala:329)
	at org.apache.spark.sql.connect.service.SessionHolder.$anonfun$withSession$2(SessionHolder.scala:844)
	at org.apache.spark.sql.SparkSession.withActive(SparkSession.scala:866)
	at org.apache.spark.sql.connect.service.SessionHolder.$anonfun$withSession$1(SessionHolder.scala:844)
	at org.apache.spark.JobArtifactSet$.withActiveJobArtifactState(JobArtifactSet.scala:97)
	at org.apache.spark.sql.artifact.ArtifactManager.$anonfun$withResources$1(ArtifactManager.scala:124)
	at org.apache.spark.sql.artifact.ArtifactManager.withClassLoaderIfNeeded(ArtifactManager.scala:118)
	at org.apache.spark.sql.artifact.ArtifactManager.withResources(ArtifactManager.scala:123)
	at org.apache.spark.sql.connect.service.SessionHolder.withSession(SessionHolder.scala:843)
	at org.apache.spark.sql.connect.execution.ExecuteThreadRunner.executeInternal(ExecuteThreadRunner.scala:329)
	at org.apache.spark.sql.connect.execution.ExecuteThreadRunner.$anonfun$execute$1(ExecuteThreadRunner.scala:194)
	at scala.runtime.java8.JFunction0$mcV$sp.apply(JFunction0$mcV$sp.scala:18)
	at com.databricks.spark.connect.service.UtilizationMetrics.recordActiveQueries(UtilizationMetrics.scala:92)
	at com.databricks.spark.connect.service.UtilizationMetrics.recordActiveQueries$(UtilizationMetrics.scala:89)
	at org.apache.spark.sql.connect.execution.ExecuteThreadRunner.recordActiveQueries(ExecuteThreadRunner.scala:55)
	at org.apache.spark.sql.connect.execution.ExecuteThreadRunner.org$apache$spark$sql$connect$execution$ExecuteThreadRunner$$execute(ExecuteThreadRunner.scala:186)
	at org.apache.spark.sql.connect.execution.ExecuteThreadRunner$ExecutionThread.$anonfun$run$3(ExecuteThreadRunner.scala:587)
	at scala.runtime.java8.JFunction0$mcV$sp.apply(JFunction0$mcV$sp.scala:18)
	at com.databricks.spark.util.DBRTracing$.withSpanFromParent(DBRTracing.scala:70)
	at org.apache.spark.sql.connect.execution.ExecuteThreadRunner$ExecutionThread.$anonfun$run$2(ExecuteThreadRunner.scala:587)
	at scala.runtime.java8.JFunction0$mcV$sp.apply(JFunction0$mcV$sp.scala:18)
	at com.databricks.unity.UCSEphemeralState$Handle.runWith(UCSEphemeralState.scala:51)
	at com.databricks.unity.HandleImpl.runWith(UCSHandle.scala:128)
	at com.databricks.unity.HandleImpl.$anonfun$runWithAndClose$1(UCSHandle.scala:133)
	at scala.util.Using$.resource(Using.scala:296)
	at com.databricks.unity.HandleImpl.runWithAndClose(UCSHandle.scala:132)
	at org.apache.spark.sql.connect.execution.ExecuteThreadRunner$ExecutionThread.run(ExecuteThreadRunner.scala:586)
2026-07-18 09:41:58,199 | INFO | Dropping table nyc_taxi.audit.audit_load
2026-07-18 09:42:01,144 | INFO | Dropping table nyc_taxi.audit.audit_row_count
2026-07-18 09:42:03,911 | INFO | Dropping table nyc_taxi.gold.gold_dim_date
2026-07-18 09:42:06,996 | INFO | Dropping table nyc_taxi.gold.gold_dim_location
2026-07-18 09:42:09,515 | INFO | Dropping table nyc_taxi.gold.gold_kpi_daily
2026-07-18 09:42:12,552 | INFO | Dropping table nyc_taxi.gold.gold_fact_trips
2026-07-18 09:42:15,636 | INFO | Dropping table nyc_taxi.silver.silver_nyc_taxi
2026-07-18 09:42:17,907 | INFO | periode = 202501, type = <class 'int'>
2026-07-18 09:42:17,921 | INFO | periode = 202501
2026-07-18 09:42:17,925 | INFO | table_name = silver_nyc_taxi
2026-07-18 09:42:17,933 | INFO | taxi_type = yellow
2026-07-18 09:42:20,646 | INFO | ******************************************************* Starting UberBronze *******************************************************
2026-07-18 09:42:20,647 | INFO | Extracting yellow_tripdata_2025-01.parquet from /Volumes/nyc_taxi/bronze/raw_files/yellow/2025/yellow_tripdata_2025-01.parquet
2026-07-18 09:42:28,256 | INFO | ======================================================= Bronze rows : 3475226 ======================================================= 
2026-07-18 09:42:28,285 | INFO | run completed in 7.64s
2026-07-18 09:42:28,323 | INFO | ******************************************************* Finished UberBronze *******************************************************
2026-07-18 09:42:28,325 | INFO | ========================================================================================================================
2026-07-18 09:42:28,326 | INFO | ******************************************************* Starting UberSilver *******************************************************
2026-07-18 09:42:28,761 | INFO | add_trip_duration completed in 0.04s
2026-07-18 09:42:28,762 | INFO | add_date_key completed in 0.0s
2026-07-18 09:42:28,763 | INFO | add_tip_percent completed in 0.0s
2026-07-18 09:42:28,764 | INFO | add_average_speed completed in 0.0s
2026-07-18 09:42:28,766 | INFO | add_date_features completed in 0.0s
2026-07-18 09:42:28,767 | INFO | cast_columns completed in 0.0s
2026-07-18 09:42:28,768 | INFO | apply_quality_rules completed in 0.0s
2026-07-18 09:42:30,637 | INFO | Silver rows : 3475226 -> 3323486
2026-07-18 09:42:32,682 | INFO | run completed in 4.35s
2026-07-18 09:42:32,684 | INFO | ******************************************************* Finished UberSilver *******************************************************
2026-07-18 09:42:32,684 | INFO | ========================================================================================================================
2026-07-18 09:42:32,686 | INFO | ******************************************************* Starting UberGold *******************************************************
2026-07-18 09:42:32,687 | INFO | get_fact_trips completed in 0.0s
2026-07-18 09:42:32,688 | INFO | get_dim_date completed in 0.0s
2026-07-18 09:42:32,690 | INFO | get_kpi_daily completed in 0.0s
2026-07-18 09:42:42,158 | INFO | ============ Chargement des données dans Delta ============ 
2026-07-18 09:42:42,175 | INFO | ============ DEBUT DEBUG ============ 
2026-07-18 09:42:42,863 | INFO | ============ FIN DEBUG ============ 
2026-07-18 09:42:44,103 | INFO | ============ Suppression d'une période ============ 
2026-07-18 09:42:44,105 | INFO | ========================================================================================================================
2026-07-18 09:42:44,106 | INFO | Period 202501 deleted from silver_nyc_taxi
2026-07-18 09:42:58,220 | INFO | Table nyc_taxi.silver.silver_nyc_taxi saved
2026-07-18 09:42:58,834 | INFO | ============ Suppression d'une période ============ 
2026-07-18 09:42:58,835 | INFO | ========================================================================================================================
2026-07-18 09:42:58,836 | INFO | Period 202501 deleted from gold_fact_trips
2026-07-18 09:43:04,539 | INFO | Table nyc_taxi.gold.gold_fact_trips saved
2026-07-18 09:43:06,254 | INFO | ============ Suppression d'une période ============ 
2026-07-18 09:43:06,261 | INFO | ========================================================================================================================
2026-07-18 09:43:06,265 | INFO | Period 202501 deleted from gold_dim_date
2026-07-18 09:43:06,905 | ERROR | [APPEND_PARTITIONING_COLUMNS_MISMATCH] The provided partitioning or clustering columns do not match the existing table's.
- provided: identity(periode)
- table:  SQLSTATE: 42P10

JVM stacktrace:
org.apache.spark.sql.AnalysisException
	at org.apache.spark.sql.errors.QueryCompilationErrors$.appendPartitioningColumnsMismatchError(QueryCompilationErrors.scala:7852)
	at org.apache.spark.sql.classic.DataFrameWriter.checkPartitioningMatchesV2Table(DataFrameWriter.scala:875)
	at org.apache.spark.sql.classic.DataFrameWriter.saveAsTable(DataFrameWriter.scala:669)
	at org.apache.spark.sql.classic.DataFrameWriter.saveAsTable(DataFrameWriter.scala:630)
	at org.apache.spark.sql.connect.planner.SparkConnectPlanner.handleWriteOperation(SparkConnectPlanner.scala:4607)
	at org.apache.spark.sql.connect.planner.SparkConnectPlanner.process(SparkConnectPlanner.scala:3782)
	at org.apache.spark.sql.connect.execution.ExecuteThreadRunner.handleCommand(ExecuteThreadRunner.scala:530)
	at org.apache.spark.sql.connect.execution.ExecuteThreadRunner.$anonfun$executeInternal$1(ExecuteThreadRunner.scala:420)
	at org.apache.spark.sql.connect.execution.ExecuteThreadRunner.$anonfun$executeInternal$1$adapted(ExecuteThreadRunner.scala:340)
	at org.apache.spark.sql.connect.service.SessionHolder.$anonfun$withSession$2(SessionHolder.scala:844)
	at org.apache.spark.sql.SparkSession.withActive(SparkSession.scala:866)
	at org.apache.spark.sql.connect.service.SessionHolder.$anonfun$withSession$1(SessionHolder.scala:844)
	at org.apache.spark.JobArtifactSet$.withActiveJobArtifactState(JobArtifactSet.scala:97)
	at org.apache.spark.sql.artifact.ArtifactManager.$anonfun$withResources$1(ArtifactManager.scala:124)
	at org.apache.spark.sql.artifact.ArtifactManager.withClassLoaderIfNeeded(ArtifactManager.scala:118)
	at org.apache.spark.sql.artifact.ArtifactManager.withResources(ArtifactManager.scala:123)
	at org.apache.spark.sql.connect.service.SessionHolder.withSession(SessionHolder.scala:843)
	at org.apache.spark.sql.connect.execution.ExecuteThreadRunner.executeInternal(ExecuteThreadRunner.scala:340)
	at org.apache.spark.sql.connect.execution.ExecuteThreadRunner.$anonfun$execute$1(ExecuteThreadRunner.scala:200)
	at scala.runtime.java8.JFunction0$mcV$sp.apply(JFunction0$mcV$sp.scala:18)
	at com.databricks.spark.connect.service.UtilizationMetrics.recordActiveQueries(UtilizationMetrics.scala:92)
	at com.databricks.spark.connect.service.UtilizationMetrics.recordActiveQueries$(UtilizationMetrics.scala:89)
	at org.apache.spark.sql.connect.execution.ExecuteThreadRunner.recordActiveQueries(ExecuteThreadRunner.scala:61)
	at org.apache.spark.sql.connect.execution.ExecuteThreadRunner.org$apache$spark$sql$connect$execution$ExecuteThreadRunner$$execute(ExecuteThreadRunner.scala:192)
	at org.apache.spark.sql.connect.execution.ExecuteThreadRunner$ExecutionThread.$anonfun$run$3(ExecuteThreadRunner.scala:601)
	at scala.runtime.java8.JFunction0$mcV$sp.apply(JFunction0$mcV$sp.scala:18)
	at com.databricks.spark.util.DBRTracing$.withSpanFromParent(DBRTracing.scala:70)
	at org.apache.spark.sql.connect.execution.ExecuteThreadRunner$ExecutionThread.$anonfun$run$2(ExecuteThreadRunner.scala:601)
	at scala.runtime.java8.JFunction0$mcV$sp.apply(JFunction0$mcV$sp.scala:18)
	at com.databricks.unity.UCSEphemeralState$Handle.runWith(UCSEphemeralState.scala:51)
	at com.databricks.unity.HandleImpl.runWith(UCSHandle.scala:128)
	at com.databricks.unity.HandleImpl.$anonfun$runWithAndClose$1(UCSHandle.scala:133)
	at scala.util.Using$.resource(Using.scala:296)
	at com.databricks.unity.HandleImpl.runWithAndClose(UCSHandle.scala:132)
	at org.apache.spark.sql.connect.execution.ExecuteThreadRunner$ExecutionThread.run(ExecuteThreadRunner.scala:600)
2026-07-18 09:43:06,906 | ERROR | Error in pipeline : [APPEND_PARTITIONING_COLUMNS_MISMATCH] The provided partitioning or clustering columns do not match the existing table's.
- provided: identity(periode)
- table:  SQLSTATE: 42P10

JVM stacktrace:
org.apache.spark.sql.AnalysisException
	at org.apache.spark.sql.errors.QueryCompilationErrors$.appendPartitioningColumnsMismatchError(QueryCompilationErrors.scala:7852)
	at org.apache.spark.sql.classic.DataFrameWriter.checkPartitioningMatchesV2Table(DataFrameWriter.scala:875)
	at org.apache.spark.sql.classic.DataFrameWriter.saveAsTable(DataFrameWriter.scala:669)
	at org.apache.spark.sql.classic.DataFrameWriter.saveAsTable(DataFrameWriter.scala:630)
	at org.apache.spark.sql.connect.planner.SparkConnectPlanner.handleWriteOperation(SparkConnectPlanner.scala:4607)
	at org.apache.spark.sql.connect.planner.SparkConnectPlanner.process(SparkConnectPlanner.scala:3782)
	at org.apache.spark.sql.connect.execution.ExecuteThreadRunner.handleCommand(ExecuteThreadRunner.scala:530)
	at org.apache.spark.sql.connect.execution.ExecuteThreadRunner.$anonfun$executeInternal$1(ExecuteThreadRunner.scala:420)
	at org.apache.spark.sql.connect.execution.ExecuteThreadRunner.$anonfun$executeInternal$1$adapted(ExecuteThreadRunner.scala:340)
	at org.apache.spark.sql.connect.service.SessionHolder.$anonfun$withSession$2(SessionHolder.scala:844)
	at org.apache.spark.sql.SparkSession.withActive(SparkSession.scala:866)
	at org.apache.spark.sql.connect.service.SessionHolder.$anonfun$withSession$1(SessionHolder.scala:844)
	at org.apache.spark.JobArtifactSet$.withActiveJobArtifactState(JobArtifactSet.scala:97)
	at org.apache.spark.sql.artifact.ArtifactManager.$anonfun$withResources$1(ArtifactManager.scala:124)
	at org.apache.spark.sql.artifact.ArtifactManager.withClassLoaderIfNeeded(ArtifactManager.scala:118)
	at org.apache.spark.sql.artifact.ArtifactManager.withResources(ArtifactManager.scala:123)
	at org.apache.spark.sql.connect.service.SessionHolder.withSession(SessionHolder.scala:843)
	at org.apache.spark.sql.connect.execution.ExecuteThreadRunner.executeInternal(ExecuteThreadRunner.scala:340)
	at org.apache.spark.sql.connect.execution.ExecuteThreadRunner.$anonfun$execute$1(ExecuteThreadRunner.scala:200)
	at scala.runtime.java8.JFunction0$mcV$sp.apply(JFunction0$mcV$sp.scala:18)
	at com.databricks.spark.connect.service.UtilizationMetrics.recordActiveQueries(UtilizationMetrics.scala:92)
	at com.databricks.spark.connect.service.UtilizationMetrics.recordActiveQueries$(UtilizationMetrics.scala:89)
	at org.apache.spark.sql.connect.execution.ExecuteThreadRunner.recordActiveQueries(ExecuteThreadRunner.scala:61)
	at org.apache.spark.sql.connect.execution.ExecuteThreadRunner.org$apache$spark$sql$connect$execution$ExecuteThreadRunner$$execute(ExecuteThreadRunner.scala:192)
	at org.apache.spark.sql.connect.execution.ExecuteThreadRunner$ExecutionThread.$anonfun$run$3(ExecuteThreadRunner.scala:601)
	at scala.runtime.java8.JFunction0$mcV$sp.apply(JFunction0$mcV$sp.scala:18)
	at com.databricks.spark.util.DBRTracing$.withSpanFromParent(DBRTracing.scala:70)
	at org.apache.spark.sql.connect.execution.ExecuteThreadRunner$ExecutionThread.$anonfun$run$2(ExecuteThreadRunner.scala:601)
	at scala.runtime.java8.JFunction0$mcV$sp.apply(JFunction0$mcV$sp.scala:18)
	at com.databricks.unity.UCSEphemeralState$Handle.runWith(UCSEphemeralState.scala:51)
	at com.databricks.unity.HandleImpl.runWith(UCSHandle.scala:128)
	at com.databricks.unity.HandleImpl.$anonfun$runWithAndClose$1(UCSHandle.scala:133)
	at scala.util.Using$.resource(Using.scala:296)
	at com.databricks.unity.HandleImpl.runWithAndClose(UCSHandle.scala:132)
	at org.apache.spark.sql.connect.execution.ExecuteThreadRunner$ExecutionThread.run(ExecuteThreadRunner.scala:600)
2026-07-18 10:17:56,369 | INFO | Exists after drop = True
2026-07-18 10:17:56,407 | INFO | Dropping table nyc_taxi.audit.audit_load
2026-07-18 10:17:59,427 | INFO | Exists after drop = True
2026-07-18 10:17:59,447 | INFO | Dropping table nyc_taxi.audit.audit_row_count
2026-07-18 10:18:02,361 | INFO | Exists after drop = True
2026-07-18 10:18:02,381 | INFO | Dropping table nyc_taxi.gold.gold_dim_date
2026-07-18 10:18:05,162 | INFO | Exists after drop = True
2026-07-18 10:18:05,165 | INFO | Dropping table nyc_taxi.gold.gold_dim_location
2026-07-18 10:18:07,927 | INFO | Exists after drop = True
2026-07-18 10:18:07,928 | INFO | Dropping table nyc_taxi.gold.gold_kpi_daily
2026-07-18 10:18:10,393 | INFO | Exists after drop = True
2026-07-18 10:18:10,394 | INFO | Dropping table nyc_taxi.gold.gold_fact_trips
2026-07-18 10:18:13,485 | INFO | Exists after drop = True
2026-07-18 10:18:13,485 | INFO | Dropping table nyc_taxi.silver.silver_nyc_taxi
2026-07-18 10:18:15,861 | INFO | periode = 202501, type = <class 'int'>
2026-07-18 10:18:15,861 | INFO | periode = 202501
2026-07-18 10:18:15,862 | INFO | table_name = silver_nyc_taxi
2026-07-18 10:18:15,862 | INFO | taxi_type = yellow
2026-07-18 10:18:17,218 | INFO | ******************************************************* Starting UberBronze *******************************************************
2026-07-18 10:18:17,219 | INFO | Extracting yellow_tripdata_2025-01.parquet from /Volumes/nyc_taxi/bronze/raw_files/yellow/2025/yellow_tripdata_2025-01.parquet
2026-07-18 10:18:19,881 | INFO | ======================================================= Bronze rows : 3475226 ======================================================= 
2026-07-18 10:18:19,889 | INFO | run completed in 2.67s
2026-07-18 10:18:19,889 | INFO | ******************************************************* Finished UberBronze *******************************************************
2026-07-18 10:18:19,890 | INFO | ========================================================================================================================
2026-07-18 10:18:19,891 | INFO | ******************************************************* Starting UberSilver *******************************************************
2026-07-18 10:18:20,235 | INFO | add_trip_duration completed in 0.03s
2026-07-18 10:18:20,237 | INFO | add_date_key completed in 0.0s
2026-07-18 10:18:20,238 | INFO | add_tip_percent completed in 0.0s
2026-07-18 10:18:20,239 | INFO | add_average_speed completed in 0.0s
2026-07-18 10:18:20,240 | INFO | add_date_features completed in 0.0s
2026-07-18 10:18:20,241 | INFO | cast_columns completed in 0.0s
2026-07-18 10:18:20,242 | INFO | apply_quality_rules completed in 0.0s
2026-07-18 10:18:21,749 | INFO | Silver rows : 3475226 -> 3323486
2026-07-18 10:18:23,798 | INFO | run completed in 3.91s
2026-07-18 10:18:23,799 | INFO | ******************************************************* Finished UberSilver *******************************************************
2026-07-18 10:18:23,800 | INFO | ========================================================================================================================
2026-07-18 10:18:23,800 | INFO | ******************************************************* Starting UberGold *******************************************************
2026-07-18 10:18:23,802 | INFO | get_fact_trips completed in 0.0s
2026-07-18 10:18:23,804 | INFO | get_dim_date completed in 0.0s
2026-07-18 10:18:23,806 | INFO | get_kpi_daily completed in 0.0s
2026-07-18 10:18:32,620 | INFO | ============ Chargement des données dans Delta ============ 
2026-07-18 10:18:32,621 | INFO | ============ DEBUT DEBUG ============ 
2026-07-18 10:18:33,235 | INFO | ============ FIN DEBUG ============ 
2026-07-18 10:18:34,073 | INFO | ============ Suppression d'une période ============ 
2026-07-18 10:18:34,086 | INFO | ========================================================================================================================
2026-07-18 10:18:34,094 | INFO | Period 202501 deleted from silver_nyc_taxi
2026-07-18 10:18:45,793 | INFO | Table nyc_taxi.silver.silver_nyc_taxi saved
2026-07-18 10:18:46,408 | INFO | ============ Suppression d'une période ============ 
2026-07-18 10:18:46,409 | INFO | ========================================================================================================================
2026-07-18 10:18:46,411 | INFO | Period 202501 deleted from gold_fact_trips
2026-07-18 10:18:52,695 | INFO | Table nyc_taxi.gold.gold_fact_trips saved
2026-07-18 10:18:53,542 | INFO | ============ Suppression d'une période ============ 
2026-07-18 10:18:53,543 | INFO | ========================================================================================================================
2026-07-18 10:18:53,543 | INFO | Period 202501 deleted from gold_dim_date
2026-07-18 10:18:53,985 | ERROR | [APPEND_PARTITIONING_COLUMNS_MISMATCH] The provided partitioning or clustering columns do not match the existing table's.
- provided: identity(periode)
- table:  SQLSTATE: 42P10

JVM stacktrace:
org.apache.spark.sql.AnalysisException
	at org.apache.spark.sql.errors.QueryCompilationErrors$.appendPartitioningColumnsMismatchError(QueryCompilationErrors.scala:7852)
	at org.apache.spark.sql.classic.DataFrameWriter.checkPartitioningMatchesV2Table(DataFrameWriter.scala:875)
	at org.apache.spark.sql.classic.DataFrameWriter.saveAsTable(DataFrameWriter.scala:669)
	at org.apache.spark.sql.classic.DataFrameWriter.saveAsTable(DataFrameWriter.scala:630)
	at org.apache.spark.sql.connect.planner.SparkConnectPlanner.handleWriteOperation(SparkConnectPlanner.scala:4607)
	at org.apache.spark.sql.connect.planner.SparkConnectPlanner.process(SparkConnectPlanner.scala:3782)
	at org.apache.spark.sql.connect.execution.ExecuteThreadRunner.handleCommand(ExecuteThreadRunner.scala:530)
	at org.apache.spark.sql.connect.execution.ExecuteThreadRunner.$anonfun$executeInternal$1(ExecuteThreadRunner.scala:420)
	at org.apache.spark.sql.connect.execution.ExecuteThreadRunner.$anonfun$executeInternal$1$adapted(ExecuteThreadRunner.scala:340)
	at org.apache.spark.sql.connect.service.SessionHolder.$anonfun$withSession$2(SessionHolder.scala:844)
	at org.apache.spark.sql.SparkSession.withActive(SparkSession.scala:866)
	at org.apache.spark.sql.connect.service.SessionHolder.$anonfun$withSession$1(SessionHolder.scala:844)
	at org.apache.spark.JobArtifactSet$.withActiveJobArtifactState(JobArtifactSet.scala:97)
	at org.apache.spark.sql.artifact.ArtifactManager.$anonfun$withResources$1(ArtifactManager.scala:124)
	at org.apache.spark.sql.artifact.ArtifactManager.withClassLoaderIfNeeded(ArtifactManager.scala:118)
	at org.apache.spark.sql.artifact.ArtifactManager.withResources(ArtifactManager.scala:123)
	at org.apache.spark.sql.connect.service.SessionHolder.withSession(SessionHolder.scala:843)
	at org.apache.spark.sql.connect.execution.ExecuteThreadRunner.executeInternal(ExecuteThreadRunner.scala:340)
	at org.apache.spark.sql.connect.execution.ExecuteThreadRunner.$anonfun$execute$1(ExecuteThreadRunner.scala:200)
	at scala.runtime.java8.JFunction0$mcV$sp.apply(JFunction0$mcV$sp.scala:18)
	at com.databricks.spark.connect.service.UtilizationMetrics.recordActiveQueries(UtilizationMetrics.scala:92)
	at com.databricks.spark.connect.service.UtilizationMetrics.recordActiveQueries$(UtilizationMetrics.scala:89)
	at org.apache.spark.sql.connect.execution.ExecuteThreadRunner.recordActiveQueries(ExecuteThreadRunner.scala:61)
	at org.apache.spark.sql.connect.execution.ExecuteThreadRunner.org$apache$spark$sql$connect$execution$ExecuteThreadRunner$$execute(ExecuteThreadRunner.scala:192)
	at org.apache.spark.sql.connect.execution.ExecuteThreadRunner$ExecutionThread.$anonfun$run$3(ExecuteThreadRunner.scala:601)
	at scala.runtime.java8.JFunction0$mcV$sp.apply(JFunction0$mcV$sp.scala:18)
	at com.databricks.spark.util.DBRTracing$.withSpanFromParent(DBRTracing.scala:70)
	at org.apache.spark.sql.connect.execution.ExecuteThreadRunner$ExecutionThread.$anonfun$run$2(ExecuteThreadRunner.scala:601)
	at scala.runtime.java8.JFunction0$mcV$sp.apply(JFunction0$mcV$sp.scala:18)
	at com.databricks.unity.UCSEphemeralState$Handle.runWith(UCSEphemeralState.scala:51)
	at com.databricks.unity.HandleImpl.runWith(UCSHandle.scala:128)
	at com.databricks.unity.HandleImpl.$anonfun$runWithAndClose$1(UCSHandle.scala:133)
	at scala.util.Using$.resource(Using.scala:296)
	at com.databricks.unity.HandleImpl.runWithAndClose(UCSHandle.scala:132)
	at org.apache.spark.sql.connect.execution.ExecuteThreadRunner$ExecutionThread.run(ExecuteThreadRunner.scala:600)
2026-07-18 10:18:53,990 | ERROR | Error in pipeline : [APPEND_PARTITIONING_COLUMNS_MISMATCH] The provided partitioning or clustering columns do not match the existing table's.
- provided: identity(periode)
- table:  SQLSTATE: 42P10

JVM stacktrace:
org.apache.spark.sql.AnalysisException
	at org.apache.spark.sql.errors.QueryCompilationErrors$.appendPartitioningColumnsMismatchError(QueryCompilationErrors.scala:7852)
	at org.apache.spark.sql.classic.DataFrameWriter.checkPartitioningMatchesV2Table(DataFrameWriter.scala:875)
	at org.apache.spark.sql.classic.DataFrameWriter.saveAsTable(DataFrameWriter.scala:669)
	at org.apache.spark.sql.classic.DataFrameWriter.saveAsTable(DataFrameWriter.scala:630)
	at org.apache.spark.sql.connect.planner.SparkConnectPlanner.handleWriteOperation(SparkConnectPlanner.scala:4607)
	at org.apache.spark.sql.connect.planner.SparkConnectPlanner.process(SparkConnectPlanner.scala:3782)
	at org.apache.spark.sql.connect.execution.ExecuteThreadRunner.handleCommand(ExecuteThreadRunner.scala:530)
	at org.apache.spark.sql.connect.execution.ExecuteThreadRunner.$anonfun$executeInternal$1(ExecuteThreadRunner.scala:420)
	at org.apache.spark.sql.connect.execution.ExecuteThreadRunner.$anonfun$executeInternal$1$adapted(ExecuteThreadRunner.scala:340)
	at org.apache.spark.sql.connect.service.SessionHolder.$anonfun$withSession$2(SessionHolder.scala:844)
	at org.apache.spark.sql.SparkSession.withActive(SparkSession.scala:866)
	at org.apache.spark.sql.connect.service.SessionHolder.$anonfun$withSession$1(SessionHolder.scala:844)
	at org.apache.spark.JobArtifactSet$.withActiveJobArtifactState(JobArtifactSet.scala:97)
	at org.apache.spark.sql.artifact.ArtifactManager.$anonfun$withResources$1(ArtifactManager.scala:124)
	at org.apache.spark.sql.artifact.ArtifactManager.withClassLoaderIfNeeded(ArtifactManager.scala:118)
	at org.apache.spark.sql.artifact.ArtifactManager.withResources(ArtifactManager.scala:123)
	at org.apache.spark.sql.connect.service.SessionHolder.withSession(SessionHolder.scala:843)
	at org.apache.spark.sql.connect.execution.ExecuteThreadRunner.executeInternal(ExecuteThreadRunner.scala:340)
	at org.apache.spark.sql.connect.execution.ExecuteThreadRunner.$anonfun$execute$1(ExecuteThreadRunner.scala:200)
	at scala.runtime.java8.JFunction0$mcV$sp.apply(JFunction0$mcV$sp.scala:18)
	at com.databricks.spark.connect.service.UtilizationMetrics.recordActiveQueries(UtilizationMetrics.scala:92)
	at com.databricks.spark.connect.service.UtilizationMetrics.recordActiveQueries$(UtilizationMetrics.scala:89)
	at org.apache.spark.sql.connect.execution.ExecuteThreadRunner.recordActiveQueries(ExecuteThreadRunner.scala:61)
	at org.apache.spark.sql.connect.execution.ExecuteThreadRunner.org$apache$spark$sql$connect$execution$ExecuteThreadRunner$$execute(ExecuteThreadRunner.scala:192)
	at org.apache.spark.sql.connect.execution.ExecuteThreadRunner$ExecutionThread.$anonfun$run$3(ExecuteThreadRunner.scala:601)
	at scala.runtime.java8.JFunction0$mcV$sp.apply(JFunction0$mcV$sp.scala:18)
	at com.databricks.spark.util.DBRTracing$.withSpanFromParent(DBRTracing.scala:70)
	at org.apache.spark.sql.connect.execution.ExecuteThreadRunner$ExecutionThread.$anonfun$run$2(ExecuteThreadRunner.scala:601)
	at scala.runtime.java8.JFunction0$mcV$sp.apply(JFunction0$mcV$sp.scala:18)
	at com.databricks.unity.UCSEphemeralState$Handle.runWith(UCSEphemeralState.scala:51)
	at com.databricks.unity.HandleImpl.runWith(UCSHandle.scala:128)
	at com.databricks.unity.HandleImpl.$anonfun$runWithAndClose$1(UCSHandle.scala:133)
	at scala.util.Using$.resource(Using.scala:296)
	at com.databricks.unity.HandleImpl.runWithAndClose(UCSHandle.scala:132)
	at org.apache.spark.sql.connect.execution.ExecuteThreadRunner$ExecutionThread.run(ExecuteThreadRunner.scala:600)
2026-07-18 10:19:12,055 | INFO | Exists after drop = True
2026-07-18 10:19:12,059 | INFO | Dropping table nyc_taxi.audit.audit_load
2026-07-18 10:19:14,517 | INFO | Exists after drop = True
2026-07-18 10:19:14,519 | INFO | Dropping table nyc_taxi.audit.audit_row_count
2026-07-18 10:19:16,823 | INFO | Exists after drop = True
2026-07-18 10:19:16,827 | INFO | Dropping table nyc_taxi.gold.gold_dim_date
2026-07-18 10:19:19,091 | INFO | Exists after drop = True
2026-07-18 10:19:19,093 | INFO | Dropping table nyc_taxi.gold.gold_dim_location
2026-07-18 10:19:21,117 | INFO | Exists after drop = True
2026-07-18 10:19:21,118 | INFO | Dropping table nyc_taxi.gold.gold_kpi_daily
2026-07-18 10:19:23,587 | INFO | Exists after drop = True
2026-07-18 10:19:23,588 | INFO | Dropping table nyc_taxi.gold.gold_fact_trips
2026-07-18 10:19:26,042 | INFO | Exists after drop = True
2026-07-18 10:19:26,043 | INFO | Dropping table nyc_taxi.silver.silver_nyc_taxi
2026-07-18 10:19:27,953 | INFO | periode = 202501, type = <class 'int'>
2026-07-18 10:19:27,954 | INFO | periode = 202501
2026-07-18 10:19:27,955 | INFO | table_name = silver_nyc_taxi
2026-07-18 10:19:27,956 | INFO | taxi_type = yellow
2026-07-18 10:19:28,663 | INFO | ******************************************************* Starting UberBronze *******************************************************
2026-07-18 10:19:28,664 | INFO | Extracting yellow_tripdata_2025-01.parquet from /Volumes/nyc_taxi/bronze/raw_files/yellow/2025/yellow_tripdata_2025-01.parquet
2026-07-18 10:19:29,548 | INFO | ======================================================= Bronze rows : 3475226 ======================================================= 
2026-07-18 10:19:29,549 | INFO | run completed in 0.88s
2026-07-18 10:19:29,550 | INFO | ******************************************************* Finished UberBronze *******************************************************
2026-07-18 10:19:29,550 | INFO | ========================================================================================================================
2026-07-18 10:19:29,551 | INFO | ******************************************************* Starting UberSilver *******************************************************
2026-07-18 10:19:29,885 | INFO | add_trip_duration completed in 0.03s
2026-07-18 10:19:29,886 | INFO | add_date_key completed in 0.0s
2026-07-18 10:19:29,888 | INFO | add_tip_percent completed in 0.0s
2026-07-18 10:19:29,889 | INFO | add_average_speed completed in 0.0s
2026-07-18 10:19:29,890 | INFO | add_date_features completed in 0.0s
2026-07-18 10:19:29,891 | INFO | cast_columns completed in 0.0s
2026-07-18 10:19:29,892 | INFO | apply_quality_rules completed in 0.0s
2026-07-18 10:19:31,142 | INFO | Silver rows : 3475226 -> 3323486
2026-07-18 10:19:32,488 | INFO | run completed in 2.94s
2026-07-18 10:19:32,489 | INFO | ******************************************************* Finished UberSilver *******************************************************
2026-07-18 10:19:32,490 | INFO | ========================================================================================================================
2026-07-18 10:19:32,490 | INFO | ******************************************************* Starting UberGold *******************************************************
2026-07-18 10:19:32,491 | INFO | get_fact_trips completed in 0.0s
2026-07-18 10:19:32,492 | INFO | get_dim_date completed in 0.0s
2026-07-18 10:19:32,494 | INFO | get_kpi_daily completed in 0.0s
2026-07-18 10:19:38,079 | INFO | ============ Chargement des données dans Delta ============ 
2026-07-18 10:19:38,080 | INFO | ============ DEBUT DEBUG ============ 
2026-07-18 10:19:38,348 | INFO | ============ FIN DEBUG ============ 
2026-07-18 10:19:38,910 | INFO | ============ Suppression d'une période ============ 
2026-07-18 10:19:38,912 | INFO | ========================================================================================================================
2026-07-18 10:19:38,913 | INFO | Period 202501 deleted from silver_nyc_taxi
2026-07-18 10:19:50,070 | INFO | Table nyc_taxi.silver.silver_nyc_taxi saved
2026-07-18 10:19:50,692 | INFO | ============ Suppression d'une période ============ 
2026-07-18 10:19:50,693 | INFO | ========================================================================================================================
2026-07-18 10:19:50,694 | INFO | Period 202501 deleted from gold_fact_trips
2026-07-18 10:19:56,268 | INFO | Table nyc_taxi.gold.gold_fact_trips saved
2026-07-18 10:19:57,048 | INFO | ============ Suppression d'une période ============ 
2026-07-18 10:19:57,050 | INFO | ========================================================================================================================
2026-07-18 10:19:57,051 | INFO | Period 202501 deleted from gold_dim_date
2026-07-18 10:19:59,642 | INFO | Table nyc_taxi.gold.gold_dim_date saved
2026-07-18 10:20:00,452 | INFO | ============ Suppression d'une période ============ 
2026-07-18 10:20:00,452 | INFO | ========================================================================================================================
2026-07-18 10:20:00,454 | INFO | Period 202501 deleted from gold_kpi_daily
2026-07-18 10:20:04,971 | INFO | Table nyc_taxi.gold.gold_kpi_daily saved
2026-07-18 10:20:04,972 | INFO | context.status = None
2026-07-18 10:20:04,973 | INFO | ============ Application de optimize_period ============ 
2026-07-18 10:20:04,974 | INFO | ============ OPTIMIZE period ============ 
2026-07-18 10:20:07,635 | INFO | ============ Optimisation ============ 
2026-07-18 10:20:07,636 | INFO | OPTIMIZE completed on nyc_taxi.silver.silver_nyc_taxi for period 202501
2026-07-18 10:20:07,637 | INFO | ============ OPTIMIZE period ============ 
2026-07-18 10:20:08,695 | INFO | ============ Optimisation ============ 
2026-07-18 10:20:08,696 | INFO | OPTIMIZE completed on nyc_taxi.gold.gold_fact_trips for period 202501
2026-07-18 10:20:08,698 | INFO | ============ OPTIMIZE period ============ 
2026-07-18 10:20:09,346 | ERROR | [DELTA_NON_PARTITION_COLUMN_REFERENCE] Predicate references non-partition column 'periode'. Only the partition columns may be referenced: [].

JVM stacktrace:
com.databricks.sql.transaction.tahoe.DeltaAnalysisException
	at com.databricks.sql.transaction.tahoe.DeltaErrorsBase.nonPartitionColumnReference(DeltaErrors.scala:3201)
	at com.databricks.sql.transaction.tahoe.DeltaErrorsBase.nonPartitionColumnReference$(DeltaErrors.scala:3200)
	at com.databricks.sql.transaction.tahoe.DeltaErrors$.nonPartitionColumnReference(DeltaErrors.scala:4492)
	at com.databricks.sql.transaction.tahoe.commands.DeltaCommand.$anonfun$verifyPartitionPredicates$4(DeltaCommand.scala:115)
	at scala.Option.getOrElse(Option.scala:201)
	at com.databricks.sql.transaction.tahoe.commands.DeltaCommand.$anonfun$verifyPartitionPredicates$2(DeltaCommand.scala:115)
	at org.apache.spark.sql.catalyst.expressions.AttributeSet.foreach(AttributeSet.scala:223)
	at com.databricks.sql.transaction.tahoe.commands.DeltaCommand.$anonfun$verifyPartitionPredicates$1(DeltaCommand.scala:104)
	at com.databricks.sql.transaction.tahoe.commands.DeltaCommand.$anonfun$verifyPartitionPredicates$1$adapted(DeltaCommand.scala:99)
	at scala.collection.immutable.List.foreach(List.scala:334)
	at com.databricks.sql.transaction.tahoe.commands.DeltaCommand.verifyPartitionPredicates(DeltaCommand.scala:99)
	at com.databricks.sql.transaction.tahoe.commands.DeltaCommand.verifyPartitionPredicates$(DeltaCommand.scala:94)
	at com.databricks.sql.transaction.tahoe.commands.OptimizeTableCommandBase.verifyPartitionPredicates(OptimizeTableCommand.scala:63)
	at com.databricks.sql.transaction.tahoe.commands.OptimizeTableCommandEdge.$anonfun$run$1(OptimizeTableCommandEdge.scala:244)
	at com.databricks.sql.acl.CheckPermissions$.$anonfun$trusted$2(CheckPermissions.scala:2809)
	at com.databricks.sql.util.ThreadLocalTagger.withTag(QueryTagger.scala:63)
	at com.databricks.sql.util.ThreadLocalTagger.withTag$(QueryTagger.scala:60)
	at com.databricks.sql.util.QueryTagger$.withTag(QueryTagger.scala:254)
	at com.databricks.sql.acl.CheckPermissions$.trusted(CheckPermissions.scala:2809)
	at com.databricks.sql.transaction.tahoe.commands.OptimizeTableCommandEdge.run(OptimizeTableCommandEdge.scala:148)
	at org.apache.spark.sql.execution.command.ExecutedCommandExec.$anonfun$sideEffectResult$2(commands.scala:87)
	at org.apache.spark.sql.execution.SparkPlan.runCommandInAetherOrSpark(SparkPlan.scala:202)
	at org.apache.spark.sql.execution.command.ExecutedCommandExec.$anonfun$sideEffectResult$1(commands.scala:87)
	at com.databricks.spark.util.FrameProfiler$.$anonfun$record$1(FrameProfiler.scala:114)
	at com.databricks.spark.util.FrameProfilerExporter$.maybeExportFrameProfiler(FrameProfilerExporter.scala:201)
	at com.databricks.spark.util.FrameProfiler$.record(FrameProfiler.scala:105)
	at org.apache.spark.sql.execution.command.ExecutedCommandExec.sideEffectResult$lzycompute(commands.scala:84)
	at org.apache.spark.sql.execution.command.ExecutedCommandExec.sideEffectResult(commands.scala:83)
	at org.apache.spark.sql.execution.command.ExecutedCommandExec.executeCollect(commands.scala:97)
	at org.apache.spark.sql.execution.QueryExecution$.$anonfun$runCommand$12(QueryExecution.scala:1968)
	at com.databricks.util.LexicalThreadLocal$Handle.runWith(LexicalThreadLocal.scala:63)
	at org.apache.spark.sql.execution.QueryExecution$.$anonfun$runCommand$11(QueryExecution.scala:1962)
	at com.databricks.util.LexicalThreadLocal$Handle.runWith(LexicalThreadLocal.scala:63)
	at org.apache.spark.sql.execution.QueryExecution$.executeWithCaches$1(QueryExecution.scala:1962)
	at org.apache.spark.sql.execution.QueryExecution$.$anonfun$runCommand$10(QueryExecution.scala:1968)
	at org.apache.spark.sql.catalyst.QueryPlanningTracker$.withTracker(QueryPlanningTracker.scala:275)
	at org.apache.spark.sql.execution.QueryExecution$.$anonfun$runCommand$9(QueryExecution.scala:1955)
	at org.apache.spark.sql.execution.SQLExecution$.$anonfun$withNewExecutionId0$24(SQLExecution.scala:1112)
	at com.databricks.sql.util.MemoryTrackerHelper.withMemoryTracking(MemoryTrackerHelper.scala:111)
	at org.apache.spark.sql.execution.SQLExecution$.$anonfun$withNewExecutionId0$21(SQLExecution.scala:1032)
	at com.databricks.unity.UCSManager$.withTemporaryScope(UCSManager.scala:168)
	at org.apache.spark.sql.execution.SQLExecution$.$anonfun$withNewExecutionId0$20(SQLExecution.scala:928)
	at org.apache.spark.sql.execution.SQLExecution$.withSessionTagsApplied(SQLExecution.scala:1572)
	at org.apache.spark.sql.execution.SQLExecution$.$anonfun$withNewExecutionId0$19(SQLExecution.scala:917)
	at org.apache.spark.JobArtifactSet$.withActiveJobArtifactState(JobArtifactSet.scala:97)
	at org.apache.spark.sql.artifact.ArtifactManager.$anonfun$withResources$1(ArtifactManager.scala:124)
	at org.apache.spark.sql.artifact.ArtifactManager.withClassLoaderIfNeeded(ArtifactManager.scala:118)
	at org.apache.spark.sql.artifact.ArtifactManager.withResources(ArtifactManager.scala:123)
	at org.apache.spark.sql.execution.SQLExecution$.$anonfun$withNewExecutionId0$18(SQLExecution.scala:917)
	at org.apache.spark.sql.execution.SQLExecution$.withSQLConfPropagated(SQLExecution.scala:1607)
	at org.apache.spark.sql.execution.SQLExecution$.$anonfun$withNewExecutionId0$1(SQLExecution.scala:916)
	at org.apache.spark.sql.SparkSession.withActive(SparkSession.scala:866)
	at org.apache.spark.sql.execution.SQLExecution$.withNewExecutionId0(SQLExecution.scala:657)
	at org.apache.spark.sql.execution.SQLExecution$.withNewExecutionId(SQLExecution.scala:1525)
	at org.apache.spark.sql.execution.QueryExecution$.$anonfun$runCommand$8(QueryExecution.scala:1955)
	at org.apache.spark.sql.execution.QueryExecution$.withInternalError(QueryExecution.scala:1822)
	at org.apache.spark.sql.execution.QueryExecution$.$anonfun$runCommand$7(QueryExecution.scala:1951)
	at org.apache.spark.sql.execution.QueryExecution.withMVTagsIfNecessary(QueryExecution.scala:710)
	at org.apache.spark.sql.execution.QueryExecution$.$anonfun$runCommand$4(QueryExecution.scala:1936)
	at scala.Option.map(Option.scala:242)
	at org.apache.spark.sql.execution.QueryExecution$.executeWithMVTags$1(QueryExecution.scala:1936)
	at org.apache.spark.sql.execution.QueryExecution$.runCommand(QueryExecution.scala:1949)
	at org.apache.spark.sql.execution.QueryExecution.org$apache$spark$sql$execution$QueryExecution$$eagerlyExecute$1(QueryExecution.scala:747)
	at org.apache.spark.sql.execution.QueryExecution$$anonfun$$nestedInanonfun$eagerlyExecuteCommands$1$1.applyOrElse(QueryExecution.scala:764)
	at org.apache.spark.sql.execution.QueryExecution$$anonfun$$nestedInanonfun$eagerlyExecuteCommands$1$1.applyOrElse(QueryExecution.scala:756)
	at org.apache.spark.sql.catalyst.trees.TreeNode.$anonfun$transformDownWithPruning$1(TreeNode.scala:610)
	at org.apache.spark.sql.catalyst.trees.CurrentOrigin$.withOrigin(origin.scala:142)
	at org.apache.spark.sql.catalyst.trees.TreeNode.transformDownWithPruning(TreeNode.scala:610)
	at org.apache.spark.sql.catalyst.plans.logical.LogicalPlan.org$apache$spark$sql$catalyst$plans$logical$AnalysisHelper$$super$transformDownWithPruning(LogicalPlan.scala:48)
	at org.apache.spark.sql.catalyst.plans.logical.AnalysisHelper.transformDownWithPruning(AnalysisHelper.scala:361)
	at org.apache.spark.sql.catalyst.plans.logical.AnalysisHelper.transformDownWithPruning$(AnalysisHelper.scala:357)
	at org.apache.spark.sql.catalyst.plans.logical.LogicalPlan.transformDownWithPruning(LogicalPlan.scala:48)
	at org.apache.spark.sql.catalyst.plans.logical.LogicalPlan.transformDownWithPruning(LogicalPlan.scala:48)
	at org.apache.spark.sql.catalyst.trees.TreeNode.transformDown(TreeNode.scala:586)
	at org.apache.spark.sql.execution.QueryExecution.$anonfun$eagerlyExecuteCommands$1(QueryExecution.scala:756)
	at org.apache.spark.sql.catalyst.plans.logical.AnalysisHelper$.allowInvokingTransformsInAnalyzer(AnalysisHelper.scala:418)
	at org.apache.spark.sql.execution.QueryExecution.eagerlyExecuteCommands(QueryExecution.scala:756)
	at org.apache.spark.sql.execution.QueryExecution.$anonfun$lazyCommandExecuted$1(QueryExecution.scala:666)
	at scala.util.Try$.apply(Try.scala:217)
	at org.apache.spark.util.Utils$.doTryWithCallerStacktrace(Utils.scala:1796)
	at org.apache.spark.util.Utils$.getTryWithCallerStacktrace(Utils.scala:1846)
	at org.apache.spark.util.LazyTry.get(LazyTry.scala:78)
	at org.apache.spark.sql.execution.QueryExecution.commandExecuted(QueryExecution.scala:671)
	at org.apache.spark.sql.classic.Dataset.<init>(Dataset.scala:405)
	at org.apache.spark.sql.classic.Dataset$.$anonfun$ofRows$3(Dataset.scala:158)
	at org.apache.spark.sql.SparkSession.withActive(SparkSession.scala:866)
	at org.apache.spark.sql.classic.SparkSession.$anonfun$withActiveAndFrameProfiler$1(SparkSession.scala:1332)
	at com.databricks.spark.util.FrameProfiler$.$anonfun$record$1(FrameProfiler.scala:114)
	at com.databricks.spark.util.FrameProfilerExporter$.maybeExportFrameProfiler(FrameProfilerExporter.scala:201)
	at com.databricks.spark.util.FrameProfiler$.record(FrameProfiler.scala:105)
	at org.apache.spark.sql.classic.SparkSession.withActiveAndFrameProfiler(SparkSession.scala:1332)
	at org.apache.spark.sql.classic.Dataset$.ofRows(Dataset.scala:149)
	at org.apache.spark.sql.classic.SparkSession.$anonfun$sql$6(SparkSession.scala:1017)
	at org.apache.spark.sql.SparkSession.withActive(SparkSession.scala:866)
	at org.apache.spark.sql.classic.SparkSession.sql(SparkSession.scala:982)
	at org.apache.spark.sql.connect.planner.SparkConnectPlanner.executeSQL(SparkConnectPlanner.scala:4303)
	at org.apache.spark.sql.connect.planner.SparkConnectPlanner.handleSqlCommand(SparkConnectPlanner.scala:4096)
	at org.apache.spark.sql.connect.planner.SparkConnectPlanner.process(SparkConnectPlanner.scala:3790)
	at org.apache.spark.sql.connect.execution.ExecuteThreadRunner.handleCommand(ExecuteThreadRunner.scala:530)
	at org.apache.spark.sql.connect.execution.ExecuteThreadRunner.$anonfun$executeInternal$1(ExecuteThreadRunner.scala:420)
	at org.apache.spark.sql.connect.execution.ExecuteThreadRunner.$anonfun$executeInternal$1$adapted(ExecuteThreadRunner.scala:340)
	at org.apache.spark.sql.connect.service.SessionHolder.$anonfun$withSession$2(SessionHolder.scala:844)
	at org.apache.spark.sql.SparkSession.withActive(SparkSession.scala:866)
	at org.apache.spark.sql.connect.service.SessionHolder.$anonfun$withSession$1(SessionHolder.scala:844)
	at org.apache.spark.JobArtifactSet$.withActiveJobArtifactState(JobArtifactSet.scala:97)
	at org.apache.spark.sql.artifact.ArtifactManager.$anonfun$withResources$1(ArtifactManager.scala:124)
	at org.apache.spark.sql.artifact.ArtifactManager.withClassLoaderIfNeeded(ArtifactManager.scala:118)
	at org.apache.spark.sql.artifact.ArtifactManager.withResources(ArtifactManager.scala:123)
	at org.apache.spark.sql.connect.service.SessionHolder.withSession(SessionHolder.scala:843)
	at org.apache.spark.sql.connect.execution.ExecuteThreadRunner.executeInternal(ExecuteThreadRunner.scala:340)
	at org.apache.spark.sql.connect.execution.ExecuteThreadRunner.$anonfun$execute$1(ExecuteThreadRunner.scala:200)
	at scala.runtime.java8.JFunction0$mcV$sp.apply(JFunction0$mcV$sp.scala:18)
	at com.databricks.spark.connect.service.UtilizationMetrics.recordActiveQueries(UtilizationMetrics.scala:92)
	at com.databricks.spark.connect.service.UtilizationMetrics.recordActiveQueries$(UtilizationMetrics.scala:89)
	at org.apache.spark.sql.connect.execution.ExecuteThreadRunner.recordActiveQueries(ExecuteThreadRunner.scala:61)
	at org.apache.spark.sql.connect.execution.ExecuteThreadRunner.org$apache$spark$sql$connect$execution$ExecuteThreadRunner$$execute(ExecuteThreadRunner.scala:192)
	at org.apache.spark.sql.connect.execution.ExecuteThreadRunner$ExecutionThread.$anonfun$run$3(ExecuteThreadRunner.scala:601)
	at scala.runtime.java8.JFunction0$mcV$sp.apply(JFunction0$mcV$sp.scala:18)
	at com.databricks.spark.util.DBRTracing$.withSpanFromParent(DBRTracing.scala:70)
	at org.apache.spark.sql.connect.execution.ExecuteThreadRunner$ExecutionThread.$anonfun$run$2(ExecuteThreadRunner.scala:601)
	at scala.runtime.java8.JFunction0$mcV$sp.apply(JFunction0$mcV$sp.scala:18)
	at com.databricks.unity.UCSEphemeralState$Handle.runWith(UCSEphemeralState.scala:51)
	at com.databricks.unity.HandleImpl.runWith(UCSHandle.scala:128)
	at com.databricks.unity.HandleImpl.$anonfun$runWithAndClose$1(UCSHandle.scala:133)
	at scala.util.Using$.resource(Using.scala:296)
	at com.databricks.unity.HandleImpl.runWithAndClose(UCSHandle.scala:132)
	at org.apache.spark.sql.connect.execution.ExecuteThreadRunner$ExecutionThread.run(ExecuteThreadRunner.scala:600)
2026-07-18 10:20:09,348 | ERROR | Error in pipeline : [DELTA_NON_PARTITION_COLUMN_REFERENCE] Predicate references non-partition column 'periode'. Only the partition columns may be referenced: [].

JVM stacktrace:
com.databricks.sql.transaction.tahoe.DeltaAnalysisException
	at com.databricks.sql.transaction.tahoe.DeltaErrorsBase.nonPartitionColumnReference(DeltaErrors.scala:3201)
	at com.databricks.sql.transaction.tahoe.DeltaErrorsBase.nonPartitionColumnReference$(DeltaErrors.scala:3200)
	at com.databricks.sql.transaction.tahoe.DeltaErrors$.nonPartitionColumnReference(DeltaErrors.scala:4492)
	at com.databricks.sql.transaction.tahoe.commands.DeltaCommand.$anonfun$verifyPartitionPredicates$4(DeltaCommand.scala:115)
	at scala.Option.getOrElse(Option.scala:201)
	at com.databricks.sql.transaction.tahoe.commands.DeltaCommand.$anonfun$verifyPartitionPredicates$2(DeltaCommand.scala:115)
	at org.apache.spark.sql.catalyst.expressions.AttributeSet.foreach(AttributeSet.scala:223)
	at com.databricks.sql.transaction.tahoe.commands.DeltaCommand.$anonfun$verifyPartitionPredicates$1(DeltaCommand.scala:104)
	at com.databricks.sql.transaction.tahoe.commands.DeltaCommand.$anonfun$verifyPartitionPredicates$1$adapted(DeltaCommand.scala:99)
	at scala.collection.immutable.List.foreach(List.scala:334)
	at com.databricks.sql.transaction.tahoe.commands.DeltaCommand.verifyPartitionPredicates(DeltaCommand.scala:99)
	at com.databricks.sql.transaction.tahoe.commands.DeltaCommand.verifyPartitionPredicates$(DeltaCommand.scala:94)
	at com.databricks.sql.transaction.tahoe.commands.OptimizeTableCommandBase.verifyPartitionPredicates(OptimizeTableCommand.scala:63)
	at com.databricks.sql.transaction.tahoe.commands.OptimizeTableCommandEdge.$anonfun$run$1(OptimizeTableCommandEdge.scala:244)
	at com.databricks.sql.acl.CheckPermissions$.$anonfun$trusted$2(CheckPermissions.scala:2809)
	at com.databricks.sql.util.ThreadLocalTagger.withTag(QueryTagger.scala:63)
	at com.databricks.sql.util.ThreadLocalTagger.withTag$(QueryTagger.scala:60)
	at com.databricks.sql.util.QueryTagger$.withTag(QueryTagger.scala:254)
	at com.databricks.sql.acl.CheckPermissions$.trusted(CheckPermissions.scala:2809)
	at com.databricks.sql.transaction.tahoe.commands.OptimizeTableCommandEdge.run(OptimizeTableCommandEdge.scala:148)
	at org.apache.spark.sql.execution.command.ExecutedCommandExec.$anonfun$sideEffectResult$2(commands.scala:87)
	at org.apache.spark.sql.execution.SparkPlan.runCommandInAetherOrSpark(SparkPlan.scala:202)
	at org.apache.spark.sql.execution.command.ExecutedCommandExec.$anonfun$sideEffectResult$1(commands.scala:87)
	at com.databricks.spark.util.FrameProfiler$.$anonfun$record$1(FrameProfiler.scala:114)
	at com.databricks.spark.util.FrameProfilerExporter$.maybeExportFrameProfiler(FrameProfilerExporter.scala:201)
	at com.databricks.spark.util.FrameProfiler$.record(FrameProfiler.scala:105)
	at org.apache.spark.sql.execution.command.ExecutedCommandExec.sideEffectResult$lzycompute(commands.scala:84)
	at org.apache.spark.sql.execution.command.ExecutedCommandExec.sideEffectResult(commands.scala:83)
	at org.apache.spark.sql.execution.command.ExecutedCommandExec.executeCollect(commands.scala:97)
	at org.apache.spark.sql.execution.QueryExecution$.$anonfun$runCommand$12(QueryExecution.scala:1968)
	at com.databricks.util.LexicalThreadLocal$Handle.runWith(LexicalThreadLocal.scala:63)
	at org.apache.spark.sql.execution.QueryExecution$.$anonfun$runCommand$11(QueryExecution.scala:1962)
	at com.databricks.util.LexicalThreadLocal$Handle.runWith(LexicalThreadLocal.scala:63)
	at org.apache.spark.sql.execution.QueryExecution$.executeWithCaches$1(QueryExecution.scala:1962)
	at org.apache.spark.sql.execution.QueryExecution$.$anonfun$runCommand$10(QueryExecution.scala:1968)
	at org.apache.spark.sql.catalyst.QueryPlanningTracker$.withTracker(QueryPlanningTracker.scala:275)
	at org.apache.spark.sql.execution.QueryExecution$.$anonfun$runCommand$9(QueryExecution.scala:1955)
	at org.apache.spark.sql.execution.SQLExecution$.$anonfun$withNewExecutionId0$24(SQLExecution.scala:1112)
	at com.databricks.sql.util.MemoryTrackerHelper.withMemoryTracking(MemoryTrackerHelper.scala:111)
	at org.apache.spark.sql.execution.SQLExecution$.$anonfun$withNewExecutionId0$21(SQLExecution.scala:1032)
	at com.databricks.unity.UCSManager$.withTemporaryScope(UCSManager.scala:168)
	at org.apache.spark.sql.execution.SQLExecution$.$anonfun$withNewExecutionId0$20(SQLExecution.scala:928)
	at org.apache.spark.sql.execution.SQLExecution$.withSessionTagsApplied(SQLExecution.scala:1572)
	at org.apache.spark.sql.execution.SQLExecution$.$anonfun$withNewExecutionId0$19(SQLExecution.scala:917)
	at org.apache.spark.JobArtifactSet$.withActiveJobArtifactState(JobArtifactSet.scala:97)
	at org.apache.spark.sql.artifact.ArtifactManager.$anonfun$withResources$1(ArtifactManager.scala:124)
	at org.apache.spark.sql.artifact.ArtifactManager.withClassLoaderIfNeeded(ArtifactManager.scala:118)
	at org.apache.spark.sql.artifact.ArtifactManager.withResources(ArtifactManager.scala:123)
	at org.apache.spark.sql.execution.SQLExecution$.$anonfun$withNewExecutionId0$18(SQLExecution.scala:917)
	at org.apache.spark.sql.execution.SQLExecution$.withSQLConfPropagated(SQLExecution.scala:1607)
	at org.apache.spark.sql.execution.SQLExecution$.$anonfun$withNewExecutionId0$1(SQLExecution.scala:916)
	at org.apache.spark.sql.SparkSession.withActive(SparkSession.scala:866)
	at org.apache.spark.sql.execution.SQLExecution$.withNewExecutionId0(SQLExecution.scala:657)
	at org.apache.spark.sql.execution.SQLExecution$.withNewExecutionId(SQLExecution.scala:1525)
	at org.apache.spark.sql.execution.QueryExecution$.$anonfun$runCommand$8(QueryExecution.scala:1955)
	at org.apache.spark.sql.execution.QueryExecution$.withInternalError(QueryExecution.scala:1822)
	at org.apache.spark.sql.execution.QueryExecution$.$anonfun$runCommand$7(QueryExecution.scala:1951)
	at org.apache.spark.sql.execution.QueryExecution.withMVTagsIfNecessary(QueryExecution.scala:710)
	at org.apache.spark.sql.execution.QueryExecution$.$anonfun$runCommand$4(QueryExecution.scala:1936)
	at scala.Option.map(Option.scala:242)
	at org.apache.spark.sql.execution.QueryExecution$.executeWithMVTags$1(QueryExecution.scala:1936)
	at org.apache.spark.sql.execution.QueryExecution$.runCommand(QueryExecution.scala:1949)
	at org.apache.spark.sql.execution.QueryExecution.org$apache$spark$sql$execution$QueryExecution$$eagerlyExecute$1(QueryExecution.scala:747)
	at org.apache.spark.sql.execution.QueryExecution$$anonfun$$nestedInanonfun$eagerlyExecuteCommands$1$1.applyOrElse(QueryExecution.scala:764)
	at org.apache.spark.sql.execution.QueryExecution$$anonfun$$nestedInanonfun$eagerlyExecuteCommands$1$1.applyOrElse(QueryExecution.scala:756)
	at org.apache.spark.sql.catalyst.trees.TreeNode.$anonfun$transformDownWithPruning$1(TreeNode.scala:610)
	at org.apache.spark.sql.catalyst.trees.CurrentOrigin$.withOrigin(origin.scala:142)
	at org.apache.spark.sql.catalyst.trees.TreeNode.transformDownWithPruning(TreeNode.scala:610)
	at org.apache.spark.sql.catalyst.plans.logical.LogicalPlan.org$apache$spark$sql$catalyst$plans$logical$AnalysisHelper$$super$transformDownWithPruning(LogicalPlan.scala:48)
	at org.apache.spark.sql.catalyst.plans.logical.AnalysisHelper.transformDownWithPruning(AnalysisHelper.scala:361)
	at org.apache.spark.sql.catalyst.plans.logical.AnalysisHelper.transformDownWithPruning$(AnalysisHelper.scala:357)
	at org.apache.spark.sql.catalyst.plans.logical.LogicalPlan.transformDownWithPruning(LogicalPlan.scala:48)
	at org.apache.spark.sql.catalyst.plans.logical.LogicalPlan.transformDownWithPruning(LogicalPlan.scala:48)
	at org.apache.spark.sql.catalyst.trees.TreeNode.transformDown(TreeNode.scala:586)
	at org.apache.spark.sql.execution.QueryExecution.$anonfun$eagerlyExecuteCommands$1(QueryExecution.scala:756)
	at org.apache.spark.sql.catalyst.plans.logical.AnalysisHelper$.allowInvokingTransformsInAnalyzer(AnalysisHelper.scala:418)
	at org.apache.spark.sql.execution.QueryExecution.eagerlyExecuteCommands(QueryExecution.scala:756)
	at org.apache.spark.sql.execution.QueryExecution.$anonfun$lazyCommandExecuted$1(QueryExecution.scala:666)
	at scala.util.Try$.apply(Try.scala:217)
	at org.apache.spark.util.Utils$.doTryWithCallerStacktrace(Utils.scala:1796)
	at org.apache.spark.util.Utils$.getTryWithCallerStacktrace(Utils.scala:1846)
	at org.apache.spark.util.LazyTry.get(LazyTry.scala:78)
	at org.apache.spark.sql.execution.QueryExecution.commandExecuted(QueryExecution.scala:671)
	at org.apache.spark.sql.classic.Dataset.<init>(Dataset.scala:405)
	at org.apache.spark.sql.classic.Dataset$.$anonfun$ofRows$3(Dataset.scala:158)
	at org.apache.spark.sql.SparkSession.withActive(SparkSession.scala:866)
	at org.apache.spark.sql.classic.SparkSession.$anonfun$withActiveAndFrameProfiler$1(SparkSession.scala:1332)
	at com.databricks.spark.util.FrameProfiler$.$anonfun$record$1(FrameProfiler.scala:114)
	at com.databricks.spark.util.FrameProfilerExporter$.maybeExportFrameProfiler(FrameProfilerExporter.scala:201)
	at com.databricks.spark.util.FrameProfiler$.record(FrameProfiler.scala:105)
	at org.apache.spark.sql.classic.SparkSession.withActiveAndFrameProfiler(SparkSession.scala:1332)
	at org.apache.spark.sql.classic.Dataset$.ofRows(Dataset.scala:149)
	at org.apache.spark.sql.classic.SparkSession.$anonfun$sql$6(SparkSession.scala:1017)
	at org.apache.spark.sql.SparkSession.withActive(SparkSession.scala:866)
	at org.apache.spark.sql.classic.SparkSession.sql(SparkSession.scala:982)
	at org.apache.spark.sql.connect.planner.SparkConnectPlanner.executeSQL(SparkConnectPlanner.scala:4303)
	at org.apache.spark.sql.connect.planner.SparkConnectPlanner.handleSqlCommand(SparkConnectPlanner.scala:4096)
	at org.apache.spark.sql.connect.planner.SparkConnectPlanner.process(SparkConnectPlanner.scala:3790)
	at org.apache.spark.sql.connect.execution.ExecuteThreadRunner.handleCommand(ExecuteThreadRunner.scala:530)
	at org.apache.spark.sql.connect.execution.ExecuteThreadRunner.$anonfun$executeInternal$1(ExecuteThreadRunner.scala:420)
	at org.apache.spark.sql.connect.execution.ExecuteThreadRunner.$anonfun$executeInternal$1$adapted(ExecuteThreadRunner.scala:340)
	at org.apache.spark.sql.connect.service.SessionHolder.$anonfun$withSession$2(SessionHolder.scala:844)
	at org.apache.spark.sql.SparkSession.withActive(SparkSession.scala:866)
	at org.apache.spark.sql.connect.service.SessionHolder.$anonfun$withSession$1(SessionHolder.scala:844)
	at org.apache.spark.JobArtifactSet$.withActiveJobArtifactState(JobArtifactSet.scala:97)
	at org.apache.spark.sql.artifact.ArtifactManager.$anonfun$withResources$1(ArtifactManager.scala:124)
	at org.apache.spark.sql.artifact.ArtifactManager.withClassLoaderIfNeeded(ArtifactManager.scala:118)
	at org.apache.spark.sql.artifact.ArtifactManager.withResources(ArtifactManager.scala:123)
	at org.apache.spark.sql.connect.service.SessionHolder.withSession(SessionHolder.scala:843)
	at org.apache.spark.sql.connect.execution.ExecuteThreadRunner.executeInternal(ExecuteThreadRunner.scala:340)
	at org.apache.spark.sql.connect.execution.ExecuteThreadRunner.$anonfun$execute$1(ExecuteThreadRunner.scala:200)
	at scala.runtime.java8.JFunction0$mcV$sp.apply(JFunction0$mcV$sp.scala:18)
	at com.databricks.spark.connect.service.UtilizationMetrics.recordActiveQueries(UtilizationMetrics.scala:92)
	at com.databricks.spark.connect.service.UtilizationMetrics.recordActiveQueries$(UtilizationMetrics.scala:89)
	at org.apache.spark.sql.connect.execution.ExecuteThreadRunner.recordActiveQueries(ExecuteThreadRunner.scala:61)
	at org.apache.spark.sql.connect.execution.ExecuteThreadRunner.org$apache$spark$sql$connect$execution$ExecuteThreadRunner$$execute(ExecuteThreadRunner.scala:192)
	at org.apache.spark.sql.connect.execution.ExecuteThreadRunner$ExecutionThread.$anonfun$run$3(ExecuteThreadRunner.scala:601)
	at scala.runtime.java8.JFunction0$mcV$sp.apply(JFunction0$mcV$sp.scala:18)
	at com.databricks.spark.util.DBRTracing$.withSpanFromParent(DBRTracing.scala:70)
	at org.apache.spark.sql.connect.execution.ExecuteThreadRunner$ExecutionThread.$anonfun$run$2(ExecuteThreadRunner.scala:601)
	at scala.runtime.java8.JFunction0$mcV$sp.apply(JFunction0$mcV$sp.scala:18)
	at com.databricks.unity.UCSEphemeralState$Handle.runWith(UCSEphemeralState.scala:51)
	at com.databricks.unity.HandleImpl.runWith(UCSHandle.scala:128)
	at com.databricks.unity.HandleImpl.$anonfun$runWithAndClose$1(UCSHandle.scala:133)
	at scala.util.Using$.resource(Using.scala:296)
	at com.databricks.unity.HandleImpl.runWithAndClose(UCSHandle.scala:132)
	at org.apache.spark.sql.connect.execution.ExecuteThreadRunner$ExecutionThread.run(ExecuteThreadRunner.scala:600)
2026-07-18 10:32:14,133 | INFO | Exists after drop = True
2026-07-18 10:32:14,134 | INFO | Dropping table nyc_taxi.audit.audit_load
2026-07-18 10:32:16,615 | INFO | Exists after drop = True
2026-07-18 10:32:16,616 | INFO | Dropping table nyc_taxi.audit.audit_row_count
2026-07-18 10:32:18,844 | INFO | Exists after drop = True
2026-07-18 10:32:18,845 | INFO | Dropping table nyc_taxi.gold.gold_dim_date
2026-07-18 10:32:21,104 | INFO | Exists after drop = True
2026-07-18 10:32:21,105 | INFO | Dropping table nyc_taxi.gold.gold_dim_location
2026-07-18 10:32:23,557 | INFO | Exists after drop = True
2026-07-18 10:32:23,558 | INFO | Dropping table nyc_taxi.gold.gold_kpi_daily
2026-07-18 10:32:25,829 | INFO | Exists after drop = True
2026-07-18 10:32:25,830 | INFO | Dropping table nyc_taxi.gold.gold_fact_trips
2026-07-18 10:32:28,020 | INFO | Exists after drop = False
2026-07-18 10:32:28,021 | INFO | Dropping table nyc_taxi.silver.silver_nyc_taxi
2026-07-18 10:32:29,918 | INFO | periode = 202501, type = <class 'int'>
2026-07-18 10:32:29,919 | INFO | periode = 202501
2026-07-18 10:32:29,920 | INFO | table_name = silver_nyc_taxi
2026-07-18 10:32:29,921 | INFO | taxi_type = yellow
2026-07-18 10:32:30,882 | INFO | ******************************************************* Starting UberBronze *******************************************************
2026-07-18 10:32:30,883 | INFO | Extracting yellow_tripdata_2025-01.parquet from /Volumes/nyc_taxi/bronze/raw_files/yellow/2025/yellow_tripdata_2025-01.parquet
2026-07-18 10:32:32,667 | INFO | ======================================================= Bronze rows : 3475226 ======================================================= 
2026-07-18 10:32:32,668 | INFO | run completed in 1.79s
2026-07-18 10:32:32,670 | INFO | ******************************************************* Finished UberBronze *******************************************************
2026-07-18 10:32:32,671 | INFO | ========================================================================================================================
2026-07-18 10:32:32,671 | INFO | ******************************************************* Starting UberSilver *******************************************************
2026-07-18 10:32:33,014 | INFO | add_trip_duration completed in 0.03s
2026-07-18 10:32:33,016 | INFO | add_date_key completed in 0.0s
2026-07-18 10:32:33,017 | INFO | add_tip_percent completed in 0.0s
2026-07-18 10:32:33,018 | INFO | add_average_speed completed in 0.0s
2026-07-18 10:32:33,019 | INFO | add_date_features completed in 0.0s
2026-07-18 10:32:33,020 | INFO | cast_columns completed in 0.0s
2026-07-18 10:32:33,021 | INFO | apply_quality_rules completed in 0.0s
2026-07-18 10:32:34,447 | INFO | Silver rows : 3475226 -> 3323486
2026-07-18 10:32:36,288 | INFO | run completed in 3.62s
2026-07-18 10:32:36,289 | INFO | ******************************************************* Finished UberSilver *******************************************************
2026-07-18 10:32:36,289 | INFO | ========================================================================================================================
2026-07-18 10:32:36,290 | INFO | ******************************************************* Starting UberGold *******************************************************
2026-07-18 10:32:36,291 | INFO | get_fact_trips completed in 0.0s
2026-07-18 10:32:36,292 | INFO | get_dim_date completed in 0.0s
2026-07-18 10:32:36,293 | INFO | get_kpi_daily completed in 0.0s
2026-07-18 10:32:44,492 | INFO | ============ Chargement des données dans Delta ============ 
2026-07-18 10:32:44,493 | INFO | ============ DEBUT DEBUG ============ 
2026-07-18 10:32:45,308 | INFO | ============ FIN DEBUG ============ 
2026-07-18 10:32:45,858 | INFO | ============ Suppression d'une période ============ 
2026-07-18 10:32:45,859 | INFO | ========================================================================================================================
2026-07-18 10:32:45,860 | INFO | Period 202501 deleted from silver_nyc_taxi
2026-07-18 10:32:57,513 | INFO | Table nyc_taxi.silver.silver_nyc_taxi saved
2026-07-18 10:32:58,095 | INFO | ============ Suppression d'une période ============ 
2026-07-18 10:32:58,096 | INFO | ========================================================================================================================
2026-07-18 10:32:58,097 | INFO | Period 202501 deleted from gold_fact_trips
2026-07-18 10:33:03,813 | INFO | Table nyc_taxi.gold.gold_fact_trips saved
2026-07-18 10:33:04,653 | INFO | ============ Suppression d'une période ============ 
2026-07-18 10:33:04,654 | INFO | ========================================================================================================================
2026-07-18 10:33:04,655 | INFO | Period 202501 deleted from gold_dim_date
2026-07-18 10:33:07,165 | INFO | Table nyc_taxi.gold.gold_dim_date saved
2026-07-18 10:33:07,997 | INFO | ============ Suppression d'une période ============ 
2026-07-18 10:33:08,005 | INFO | ========================================================================================================================
2026-07-18 10:33:08,007 | INFO | Period 202501 deleted from gold_kpi_daily
2026-07-18 10:33:12,337 | INFO | Table nyc_taxi.gold.gold_kpi_daily saved
2026-07-18 10:33:12,338 | INFO | context.status = None
2026-07-18 10:33:12,338 | INFO | ============ Application de optimize_period ============ 
2026-07-18 10:33:12,339 | INFO | ============ OPTIMIZE period ============ 
2026-07-18 10:33:14,056 | INFO | ============ Optimisation ============ 
2026-07-18 10:33:14,059 | INFO | OPTIMIZE completed on nyc_taxi.silver.silver_nyc_taxi for period 202501
2026-07-18 10:33:14,059 | INFO | ============ OPTIMIZE period ============ 
2026-07-18 10:33:15,223 | INFO | ============ Optimisation ============ 
2026-07-18 10:33:15,225 | INFO | OPTIMIZE completed on nyc_taxi.gold.gold_fact_trips for period 202501
2026-07-18 10:33:15,225 | INFO | ============ OPTIMIZE period ============ 
2026-07-18 10:33:16,033 | ERROR | [DELTA_NON_PARTITION_COLUMN_REFERENCE] Predicate references non-partition column 'periode'. Only the partition columns may be referenced: [].

JVM stacktrace:
com.databricks.sql.transaction.tahoe.DeltaAnalysisException
	at com.databricks.sql.transaction.tahoe.DeltaErrorsBase.nonPartitionColumnReference(DeltaErrors.scala:3201)
	at com.databricks.sql.transaction.tahoe.DeltaErrorsBase.nonPartitionColumnReference$(DeltaErrors.scala:3200)
	at com.databricks.sql.transaction.tahoe.DeltaErrors$.nonPartitionColumnReference(DeltaErrors.scala:4492)
	at com.databricks.sql.transaction.tahoe.commands.DeltaCommand.$anonfun$verifyPartitionPredicates$4(DeltaCommand.scala:115)
	at scala.Option.getOrElse(Option.scala:201)
	at com.databricks.sql.transaction.tahoe.commands.DeltaCommand.$anonfun$verifyPartitionPredicates$2(DeltaCommand.scala:115)
	at org.apache.spark.sql.catalyst.expressions.AttributeSet.foreach(AttributeSet.scala:223)
	at com.databricks.sql.transaction.tahoe.commands.DeltaCommand.$anonfun$verifyPartitionPredicates$1(DeltaCommand.scala:104)
	at com.databricks.sql.transaction.tahoe.commands.DeltaCommand.$anonfun$verifyPartitionPredicates$1$adapted(DeltaCommand.scala:99)
	at scala.collection.immutable.List.foreach(List.scala:334)
	at com.databricks.sql.transaction.tahoe.commands.DeltaCommand.verifyPartitionPredicates(DeltaCommand.scala:99)
	at com.databricks.sql.transaction.tahoe.commands.DeltaCommand.verifyPartitionPredicates$(DeltaCommand.scala:94)
	at com.databricks.sql.transaction.tahoe.commands.OptimizeTableCommandBase.verifyPartitionPredicates(OptimizeTableCommand.scala:63)
	at com.databricks.sql.transaction.tahoe.commands.OptimizeTableCommandEdge.$anonfun$run$1(OptimizeTableCommandEdge.scala:244)
	at com.databricks.sql.acl.CheckPermissions$.$anonfun$trusted$2(CheckPermissions.scala:2809)
	at com.databricks.sql.util.ThreadLocalTagger.withTag(QueryTagger.scala:63)
	at com.databricks.sql.util.ThreadLocalTagger.withTag$(QueryTagger.scala:60)
	at com.databricks.sql.util.QueryTagger$.withTag(QueryTagger.scala:254)
	at com.databricks.sql.acl.CheckPermissions$.trusted(CheckPermissions.scala:2809)
	at com.databricks.sql.transaction.tahoe.commands.OptimizeTableCommandEdge.run(OptimizeTableCommandEdge.scala:148)
	at org.apache.spark.sql.execution.command.ExecutedCommandExec.$anonfun$sideEffectResult$2(commands.scala:87)
	at org.apache.spark.sql.execution.SparkPlan.runCommandInAetherOrSpark(SparkPlan.scala:202)
	at org.apache.spark.sql.execution.command.ExecutedCommandExec.$anonfun$sideEffectResult$1(commands.scala:87)
	at com.databricks.spark.util.FrameProfiler$.$anonfun$record$1(FrameProfiler.scala:114)
	at com.databricks.spark.util.FrameProfilerExporter$.maybeExportFrameProfiler(FrameProfilerExporter.scala:201)
	at com.databricks.spark.util.FrameProfiler$.record(FrameProfiler.scala:105)
	at org.apache.spark.sql.execution.command.ExecutedCommandExec.sideEffectResult$lzycompute(commands.scala:84)
	at org.apache.spark.sql.execution.command.ExecutedCommandExec.sideEffectResult(commands.scala:83)
	at org.apache.spark.sql.execution.command.ExecutedCommandExec.executeCollect(commands.scala:97)
	at org.apache.spark.sql.execution.QueryExecution$.$anonfun$runCommand$12(QueryExecution.scala:1968)
	at com.databricks.util.LexicalThreadLocal$Handle.runWith(LexicalThreadLocal.scala:63)
	at org.apache.spark.sql.execution.QueryExecution$.$anonfun$runCommand$11(QueryExecution.scala:1962)
	at com.databricks.util.LexicalThreadLocal$Handle.runWith(LexicalThreadLocal.scala:63)
	at org.apache.spark.sql.execution.QueryExecution$.executeWithCaches$1(QueryExecution.scala:1962)
	at org.apache.spark.sql.execution.QueryExecution$.$anonfun$runCommand$10(QueryExecution.scala:1968)
	at org.apache.spark.sql.catalyst.QueryPlanningTracker$.withTracker(QueryPlanningTracker.scala:275)
	at org.apache.spark.sql.execution.QueryExecution$.$anonfun$runCommand$9(QueryExecution.scala:1955)
	at org.apache.spark.sql.execution.SQLExecution$.$anonfun$withNewExecutionId0$24(SQLExecution.scala:1112)
	at com.databricks.sql.util.MemoryTrackerHelper.withMemoryTracking(MemoryTrackerHelper.scala:111)
	at org.apache.spark.sql.execution.SQLExecution$.$anonfun$withNewExecutionId0$21(SQLExecution.scala:1032)
	at com.databricks.unity.UCSManager$.withTemporaryScope(UCSManager.scala:168)
	at org.apache.spark.sql.execution.SQLExecution$.$anonfun$withNewExecutionId0$20(SQLExecution.scala:928)
	at org.apache.spark.sql.execution.SQLExecution$.withSessionTagsApplied(SQLExecution.scala:1572)
	at org.apache.spark.sql.execution.SQLExecution$.$anonfun$withNewExecutionId0$19(SQLExecution.scala:917)
	at org.apache.spark.JobArtifactSet$.withActiveJobArtifactState(JobArtifactSet.scala:97)
	at org.apache.spark.sql.artifact.ArtifactManager.$anonfun$withResources$1(ArtifactManager.scala:124)
	at org.apache.spark.sql.artifact.ArtifactManager.withClassLoaderIfNeeded(ArtifactManager.scala:118)
	at org.apache.spark.sql.artifact.ArtifactManager.withResources(ArtifactManager.scala:123)
	at org.apache.spark.sql.execution.SQLExecution$.$anonfun$withNewExecutionId0$18(SQLExecution.scala:917)
	at org.apache.spark.sql.execution.SQLExecution$.withSQLConfPropagated(SQLExecution.scala:1607)
	at org.apache.spark.sql.execution.SQLExecution$.$anonfun$withNewExecutionId0$1(SQLExecution.scala:916)
	at org.apache.spark.sql.SparkSession.withActive(SparkSession.scala:866)
	at org.apache.spark.sql.execution.SQLExecution$.withNewExecutionId0(SQLExecution.scala:657)
	at org.apache.spark.sql.execution.SQLExecution$.withNewExecutionId(SQLExecution.scala:1525)
	at org.apache.spark.sql.execution.QueryExecution$.$anonfun$runCommand$8(QueryExecution.scala:1955)
	at org.apache.spark.sql.execution.QueryExecution$.withInternalError(QueryExecution.scala:1822)
	at org.apache.spark.sql.execution.QueryExecution$.$anonfun$runCommand$7(QueryExecution.scala:1951)
	at org.apache.spark.sql.execution.QueryExecution.withMVTagsIfNecessary(QueryExecution.scala:710)
	at org.apache.spark.sql.execution.QueryExecution$.$anonfun$runCommand$4(QueryExecution.scala:1936)
	at scala.Option.map(Option.scala:242)
	at org.apache.spark.sql.execution.QueryExecution$.executeWithMVTags$1(QueryExecution.scala:1936)
	at org.apache.spark.sql.execution.QueryExecution$.runCommand(QueryExecution.scala:1949)
	at org.apache.spark.sql.execution.QueryExecution.org$apache$spark$sql$execution$QueryExecution$$eagerlyExecute$1(QueryExecution.scala:747)
	at org.apache.spark.sql.execution.QueryExecution$$anonfun$$nestedInanonfun$eagerlyExecuteCommands$1$1.applyOrElse(QueryExecution.scala:764)
	at org.apache.spark.sql.execution.QueryExecution$$anonfun$$nestedInanonfun$eagerlyExecuteCommands$1$1.applyOrElse(QueryExecution.scala:756)
	at org.apache.spark.sql.catalyst.trees.TreeNode.$anonfun$transformDownWithPruning$1(TreeNode.scala:610)
	at org.apache.spark.sql.catalyst.trees.CurrentOrigin$.withOrigin(origin.scala:142)
	at org.apache.spark.sql.catalyst.trees.TreeNode.transformDownWithPruning(TreeNode.scala:610)
	at org.apache.spark.sql.catalyst.plans.logical.LogicalPlan.org$apache$spark$sql$catalyst$plans$logical$AnalysisHelper$$super$transformDownWithPruning(LogicalPlan.scala:48)
	at org.apache.spark.sql.catalyst.plans.logical.AnalysisHelper.transformDownWithPruning(AnalysisHelper.scala:361)
	at org.apache.spark.sql.catalyst.plans.logical.AnalysisHelper.transformDownWithPruning$(AnalysisHelper.scala:357)
	at org.apache.spark.sql.catalyst.plans.logical.LogicalPlan.transformDownWithPruning(LogicalPlan.scala:48)
	at org.apache.spark.sql.catalyst.plans.logical.LogicalPlan.transformDownWithPruning(LogicalPlan.scala:48)
	at org.apache.spark.sql.catalyst.trees.TreeNode.transformDown(TreeNode.scala:586)
	at org.apache.spark.sql.execution.QueryExecution.$anonfun$eagerlyExecuteCommands$1(QueryExecution.scala:756)
	at org.apache.spark.sql.catalyst.plans.logical.AnalysisHelper$.allowInvokingTransformsInAnalyzer(AnalysisHelper.scala:418)
	at org.apache.spark.sql.execution.QueryExecution.eagerlyExecuteCommands(QueryExecution.scala:756)
	at org.apache.spark.sql.execution.QueryExecution.$anonfun$lazyCommandExecuted$1(QueryExecution.scala:666)
	at scala.util.Try$.apply(Try.scala:217)
	at org.apache.spark.util.Utils$.doTryWithCallerStacktrace(Utils.scala:1796)
	at org.apache.spark.util.Utils$.getTryWithCallerStacktrace(Utils.scala:1846)
	at org.apache.spark.util.LazyTry.get(LazyTry.scala:78)
	at org.apache.spark.sql.execution.QueryExecution.commandExecuted(QueryExecution.scala:671)
	at org.apache.spark.sql.classic.Dataset.<init>(Dataset.scala:405)
	at org.apache.spark.sql.classic.Dataset$.$anonfun$ofRows$3(Dataset.scala:158)
	at org.apache.spark.sql.SparkSession.withActive(SparkSession.scala:866)
	at org.apache.spark.sql.classic.SparkSession.$anonfun$withActiveAndFrameProfiler$1(SparkSession.scala:1332)
	at com.databricks.spark.util.FrameProfiler$.$anonfun$record$1(FrameProfiler.scala:114)
	at com.databricks.spark.util.FrameProfilerExporter$.maybeExportFrameProfiler(FrameProfilerExporter.scala:201)
	at com.databricks.spark.util.FrameProfiler$.record(FrameProfiler.scala:105)
	at org.apache.spark.sql.classic.SparkSession.withActiveAndFrameProfiler(SparkSession.scala:1332)
	at org.apache.spark.sql.classic.Dataset$.ofRows(Dataset.scala:149)
	at org.apache.spark.sql.classic.SparkSession.$anonfun$sql$6(SparkSession.scala:1017)
	at org.apache.spark.sql.SparkSession.withActive(SparkSession.scala:866)
	at org.apache.spark.sql.classic.SparkSession.sql(SparkSession.scala:982)
	at org.apache.spark.sql.connect.planner.SparkConnectPlanner.executeSQL(SparkConnectPlanner.scala:4303)
	at org.apache.spark.sql.connect.planner.SparkConnectPlanner.handleSqlCommand(SparkConnectPlanner.scala:4096)
	at org.apache.spark.sql.connect.planner.SparkConnectPlanner.process(SparkConnectPlanner.scala:3790)
	at org.apache.spark.sql.connect.execution.ExecuteThreadRunner.handleCommand(ExecuteThreadRunner.scala:530)
	at org.apache.spark.sql.connect.execution.ExecuteThreadRunner.$anonfun$executeInternal$1(ExecuteThreadRunner.scala:420)
	at org.apache.spark.sql.connect.execution.ExecuteThreadRunner.$anonfun$executeInternal$1$adapted(ExecuteThreadRunner.scala:340)
	at org.apache.spark.sql.connect.service.SessionHolder.$anonfun$withSession$2(SessionHolder.scala:844)
	at org.apache.spark.sql.SparkSession.withActive(SparkSession.scala:866)
	at org.apache.spark.sql.connect.service.SessionHolder.$anonfun$withSession$1(SessionHolder.scala:844)
	at org.apache.spark.JobArtifactSet$.withActiveJobArtifactState(JobArtifactSet.scala:97)
	at org.apache.spark.sql.artifact.ArtifactManager.$anonfun$withResources$1(ArtifactManager.scala:124)
	at org.apache.spark.sql.artifact.ArtifactManager.withClassLoaderIfNeeded(ArtifactManager.scala:118)
	at org.apache.spark.sql.artifact.ArtifactManager.withResources(ArtifactManager.scala:123)
	at org.apache.spark.sql.connect.service.SessionHolder.withSession(SessionHolder.scala:843)
	at org.apache.spark.sql.connect.execution.ExecuteThreadRunner.executeInternal(ExecuteThreadRunner.scala:340)
	at org.apache.spark.sql.connect.execution.ExecuteThreadRunner.$anonfun$execute$1(ExecuteThreadRunner.scala:200)
	at scala.runtime.java8.JFunction0$mcV$sp.apply(JFunction0$mcV$sp.scala:18)
	at com.databricks.spark.connect.service.UtilizationMetrics.recordActiveQueries(UtilizationMetrics.scala:92)
	at com.databricks.spark.connect.service.UtilizationMetrics.recordActiveQueries$(UtilizationMetrics.scala:89)
	at org.apache.spark.sql.connect.execution.ExecuteThreadRunner.recordActiveQueries(ExecuteThreadRunner.scala:61)
	at org.apache.spark.sql.connect.execution.ExecuteThreadRunner.org$apache$spark$sql$connect$execution$ExecuteThreadRunner$$execute(ExecuteThreadRunner.scala:192)
	at org.apache.spark.sql.connect.execution.ExecuteThreadRunner$ExecutionThread.$anonfun$run$3(ExecuteThreadRunner.scala:601)
	at scala.runtime.java8.JFunction0$mcV$sp.apply(JFunction0$mcV$sp.scala:18)
	at com.databricks.logging.AttributionContext$.$anonfun$withValue$1(AttributionContext.scala:349)
	at scala.util.DynamicVariable.withValue(DynamicVariable.scala:59)
	at com.databricks.logging.AttributionContext$.withValue(AttributionContext.scala:345)
	at com.databricks.spark.util.DatabricksTracingHelper.$anonfun$withSpanFromParent$4(DatabricksSparkTracingHelper.scala:106)
	at com.databricks.util.TracingSpanUtils$.withTracing(TracingSpanUtils.scala:100)
	at com.databricks.spark.util.DatabricksTracingHelper.withSpanFromParent(DatabricksSparkTracingHelper.scala:104)
	at com.databricks.spark.util.DBRTracing$.withSpanFromParent(DBRTracing.scala:68)
	at org.apache.spark.sql.connect.execution.ExecuteThreadRunner$ExecutionThread.$anonfun$run$2(ExecuteThreadRunner.scala:601)
	at scala.runtime.java8.JFunction0$mcV$sp.apply(JFunction0$mcV$sp.scala:18)
	at com.databricks.unity.UCSEphemeralState$Handle.runWith(UCSEphemeralState.scala:51)
	at com.databricks.unity.HandleImpl.runWith(UCSHandle.scala:128)
	at com.databricks.unity.HandleImpl.$anonfun$runWithAndClose$1(UCSHandle.scala:133)
	at scala.util.Using$.resource(Using.scala:296)
	at com.databricks.unity.HandleImpl.runWithAndClose(UCSHandle.scala:132)
	at org.apache.spark.sql.connect.execution.ExecuteThreadRunner$ExecutionThread.run(ExecuteThreadRunner.scala:600)
2026-07-18 10:33:16,034 | ERROR | Error in pipeline : [DELTA_NON_PARTITION_COLUMN_REFERENCE] Predicate references non-partition column 'periode'. Only the partition columns may be referenced: [].

JVM stacktrace:
com.databricks.sql.transaction.tahoe.DeltaAnalysisException
	at com.databricks.sql.transaction.tahoe.DeltaErrorsBase.nonPartitionColumnReference(DeltaErrors.scala:3201)
	at com.databricks.sql.transaction.tahoe.DeltaErrorsBase.nonPartitionColumnReference$(DeltaErrors.scala:3200)
	at com.databricks.sql.transaction.tahoe.DeltaErrors$.nonPartitionColumnReference(DeltaErrors.scala:4492)
	at com.databricks.sql.transaction.tahoe.commands.DeltaCommand.$anonfun$verifyPartitionPredicates$4(DeltaCommand.scala:115)
	at scala.Option.getOrElse(Option.scala:201)
	at com.databricks.sql.transaction.tahoe.commands.DeltaCommand.$anonfun$verifyPartitionPredicates$2(DeltaCommand.scala:115)
	at org.apache.spark.sql.catalyst.expressions.AttributeSet.foreach(AttributeSet.scala:223)
	at com.databricks.sql.transaction.tahoe.commands.DeltaCommand.$anonfun$verifyPartitionPredicates$1(DeltaCommand.scala:104)
	at com.databricks.sql.transaction.tahoe.commands.DeltaCommand.$anonfun$verifyPartitionPredicates$1$adapted(DeltaCommand.scala:99)
	at scala.collection.immutable.List.foreach(List.scala:334)
	at com.databricks.sql.transaction.tahoe.commands.DeltaCommand.verifyPartitionPredicates(DeltaCommand.scala:99)
	at com.databricks.sql.transaction.tahoe.commands.DeltaCommand.verifyPartitionPredicates$(DeltaCommand.scala:94)
	at com.databricks.sql.transaction.tahoe.commands.OptimizeTableCommandBase.verifyPartitionPredicates(OptimizeTableCommand.scala:63)
	at com.databricks.sql.transaction.tahoe.commands.OptimizeTableCommandEdge.$anonfun$run$1(OptimizeTableCommandEdge.scala:244)
	at com.databricks.sql.acl.CheckPermissions$.$anonfun$trusted$2(CheckPermissions.scala:2809)
	at com.databricks.sql.util.ThreadLocalTagger.withTag(QueryTagger.scala:63)
	at com.databricks.sql.util.ThreadLocalTagger.withTag$(QueryTagger.scala:60)
	at com.databricks.sql.util.QueryTagger$.withTag(QueryTagger.scala:254)
	at com.databricks.sql.acl.CheckPermissions$.trusted(CheckPermissions.scala:2809)
	at com.databricks.sql.transaction.tahoe.commands.OptimizeTableCommandEdge.run(OptimizeTableCommandEdge.scala:148)
	at org.apache.spark.sql.execution.command.ExecutedCommandExec.$anonfun$sideEffectResult$2(commands.scala:87)
	at org.apache.spark.sql.execution.SparkPlan.runCommandInAetherOrSpark(SparkPlan.scala:202)
	at org.apache.spark.sql.execution.command.ExecutedCommandExec.$anonfun$sideEffectResult$1(commands.scala:87)
	at com.databricks.spark.util.FrameProfiler$.$anonfun$record$1(FrameProfiler.scala:114)
	at com.databricks.spark.util.FrameProfilerExporter$.maybeExportFrameProfiler(FrameProfilerExporter.scala:201)
	at com.databricks.spark.util.FrameProfiler$.record(FrameProfiler.scala:105)
	at org.apache.spark.sql.execution.command.ExecutedCommandExec.sideEffectResult$lzycompute(commands.scala:84)
	at org.apache.spark.sql.execution.command.ExecutedCommandExec.sideEffectResult(commands.scala:83)
	at org.apache.spark.sql.execution.command.ExecutedCommandExec.executeCollect(commands.scala:97)
	at org.apache.spark.sql.execution.QueryExecution$.$anonfun$runCommand$12(QueryExecution.scala:1968)
	at com.databricks.util.LexicalThreadLocal$Handle.runWith(LexicalThreadLocal.scala:63)
	at org.apache.spark.sql.execution.QueryExecution$.$anonfun$runCommand$11(QueryExecution.scala:1962)
	at com.databricks.util.LexicalThreadLocal$Handle.runWith(LexicalThreadLocal.scala:63)
	at org.apache.spark.sql.execution.QueryExecution$.executeWithCaches$1(QueryExecution.scala:1962)
	at org.apache.spark.sql.execution.QueryExecution$.$anonfun$runCommand$10(QueryExecution.scala:1968)
	at org.apache.spark.sql.catalyst.QueryPlanningTracker$.withTracker(QueryPlanningTracker.scala:275)
	at org.apache.spark.sql.execution.QueryExecution$.$anonfun$runCommand$9(QueryExecution.scala:1955)
	at org.apache.spark.sql.execution.SQLExecution$.$anonfun$withNewExecutionId0$24(SQLExecution.scala:1112)
	at com.databricks.sql.util.MemoryTrackerHelper.withMemoryTracking(MemoryTrackerHelper.scala:111)
	at org.apache.spark.sql.execution.SQLExecution$.$anonfun$withNewExecutionId0$21(SQLExecution.scala:1032)
	at com.databricks.unity.UCSManager$.withTemporaryScope(UCSManager.scala:168)
	at org.apache.spark.sql.execution.SQLExecution$.$anonfun$withNewExecutionId0$20(SQLExecution.scala:928)
	at org.apache.spark.sql.execution.SQLExecution$.withSessionTagsApplied(SQLExecution.scala:1572)
	at org.apache.spark.sql.execution.SQLExecution$.$anonfun$withNewExecutionId0$19(SQLExecution.scala:917)
	at org.apache.spark.JobArtifactSet$.withActiveJobArtifactState(JobArtifactSet.scala:97)
	at org.apache.spark.sql.artifact.ArtifactManager.$anonfun$withResources$1(ArtifactManager.scala:124)
	at org.apache.spark.sql.artifact.ArtifactManager.withClassLoaderIfNeeded(ArtifactManager.scala:118)
	at org.apache.spark.sql.artifact.ArtifactManager.withResources(ArtifactManager.scala:123)
	at org.apache.spark.sql.execution.SQLExecution$.$anonfun$withNewExecutionId0$18(SQLExecution.scala:917)
	at org.apache.spark.sql.execution.SQLExecution$.withSQLConfPropagated(SQLExecution.scala:1607)
	at org.apache.spark.sql.execution.SQLExecution$.$anonfun$withNewExecutionId0$1(SQLExecution.scala:916)
	at org.apache.spark.sql.SparkSession.withActive(SparkSession.scala:866)
	at org.apache.spark.sql.execution.SQLExecution$.withNewExecutionId0(SQLExecution.scala:657)
	at org.apache.spark.sql.execution.SQLExecution$.withNewExecutionId(SQLExecution.scala:1525)
	at org.apache.spark.sql.execution.QueryExecution$.$anonfun$runCommand$8(QueryExecution.scala:1955)
	at org.apache.spark.sql.execution.QueryExecution$.withInternalError(QueryExecution.scala:1822)
	at org.apache.spark.sql.execution.QueryExecution$.$anonfun$runCommand$7(QueryExecution.scala:1951)
	at org.apache.spark.sql.execution.QueryExecution.withMVTagsIfNecessary(QueryExecution.scala:710)
	at org.apache.spark.sql.execution.QueryExecution$.$anonfun$runCommand$4(QueryExecution.scala:1936)
	at scala.Option.map(Option.scala:242)
	at org.apache.spark.sql.execution.QueryExecution$.executeWithMVTags$1(QueryExecution.scala:1936)
	at org.apache.spark.sql.execution.QueryExecution$.runCommand(QueryExecution.scala:1949)
	at org.apache.spark.sql.execution.QueryExecution.org$apache$spark$sql$execution$QueryExecution$$eagerlyExecute$1(QueryExecution.scala:747)
	at org.apache.spark.sql.execution.QueryExecution$$anonfun$$nestedInanonfun$eagerlyExecuteCommands$1$1.applyOrElse(QueryExecution.scala:764)
	at org.apache.spark.sql.execution.QueryExecution$$anonfun$$nestedInanonfun$eagerlyExecuteCommands$1$1.applyOrElse(QueryExecution.scala:756)
	at org.apache.spark.sql.catalyst.trees.TreeNode.$anonfun$transformDownWithPruning$1(TreeNode.scala:610)
	at org.apache.spark.sql.catalyst.trees.CurrentOrigin$.withOrigin(origin.scala:142)
	at org.apache.spark.sql.catalyst.trees.TreeNode.transformDownWithPruning(TreeNode.scala:610)
	at org.apache.spark.sql.catalyst.plans.logical.LogicalPlan.org$apache$spark$sql$catalyst$plans$logical$AnalysisHelper$$super$transformDownWithPruning(LogicalPlan.scala:48)
	at org.apache.spark.sql.catalyst.plans.logical.AnalysisHelper.transformDownWithPruning(AnalysisHelper.scala:361)
	at org.apache.spark.sql.catalyst.plans.logical.AnalysisHelper.transformDownWithPruning$(AnalysisHelper.scala:357)
	at org.apache.spark.sql.catalyst.plans.logical.LogicalPlan.transformDownWithPruning(LogicalPlan.scala:48)
	at org.apache.spark.sql.catalyst.plans.logical.LogicalPlan.transformDownWithPruning(LogicalPlan.scala:48)
	at org.apache.spark.sql.catalyst.trees.TreeNode.transformDown(TreeNode.scala:586)
	at org.apache.spark.sql.execution.QueryExecution.$anonfun$eagerlyExecuteCommands$1(QueryExecution.scala:756)
	at org.apache.spark.sql.catalyst.plans.logical.AnalysisHelper$.allowInvokingTransformsInAnalyzer(AnalysisHelper.scala:418)
	at org.apache.spark.sql.execution.QueryExecution.eagerlyExecuteCommands(QueryExecution.scala:756)
	at org.apache.spark.sql.execution.QueryExecution.$anonfun$lazyCommandExecuted$1(QueryExecution.scala:666)
	at scala.util.Try$.apply(Try.scala:217)
	at org.apache.spark.util.Utils$.doTryWithCallerStacktrace(Utils.scala:1796)
	at org.apache.spark.util.Utils$.getTryWithCallerStacktrace(Utils.scala:1846)
	at org.apache.spark.util.LazyTry.get(LazyTry.scala:78)
	at org.apache.spark.sql.execution.QueryExecution.commandExecuted(QueryExecution.scala:671)
	at org.apache.spark.sql.classic.Dataset.<init>(Dataset.scala:405)
	at org.apache.spark.sql.classic.Dataset$.$anonfun$ofRows$3(Dataset.scala:158)
	at org.apache.spark.sql.SparkSession.withActive(SparkSession.scala:866)
	at org.apache.spark.sql.classic.SparkSession.$anonfun$withActiveAndFrameProfiler$1(SparkSession.scala:1332)
	at com.databricks.spark.util.FrameProfiler$.$anonfun$record$1(FrameProfiler.scala:114)
	at com.databricks.spark.util.FrameProfilerExporter$.maybeExportFrameProfiler(FrameProfilerExporter.scala:201)
	at com.databricks.spark.util.FrameProfiler$.record(FrameProfiler.scala:105)
	at org.apache.spark.sql.classic.SparkSession.withActiveAndFrameProfiler(SparkSession.scala:1332)
	at org.apache.spark.sql.classic.Dataset$.ofRows(Dataset.scala:149)
	at org.apache.spark.sql.classic.SparkSession.$anonfun$sql$6(SparkSession.scala:1017)
	at org.apache.spark.sql.SparkSession.withActive(SparkSession.scala:866)
	at org.apache.spark.sql.classic.SparkSession.sql(SparkSession.scala:982)
	at org.apache.spark.sql.connect.planner.SparkConnectPlanner.executeSQL(SparkConnectPlanner.scala:4303)
	at org.apache.spark.sql.connect.planner.SparkConnectPlanner.handleSqlCommand(SparkConnectPlanner.scala:4096)
	at org.apache.spark.sql.connect.planner.SparkConnectPlanner.process(SparkConnectPlanner.scala:3790)
	at org.apache.spark.sql.connect.execution.ExecuteThreadRunner.handleCommand(ExecuteThreadRunner.scala:530)
	at org.apache.spark.sql.connect.execution.ExecuteThreadRunner.$anonfun$executeInternal$1(ExecuteThreadRunner.scala:420)
	at org.apache.spark.sql.connect.execution.ExecuteThreadRunner.$anonfun$executeInternal$1$adapted(ExecuteThreadRunner.scala:340)
	at org.apache.spark.sql.connect.service.SessionHolder.$anonfun$withSession$2(SessionHolder.scala:844)
	at org.apache.spark.sql.SparkSession.withActive(SparkSession.scala:866)
	at org.apache.spark.sql.connect.service.SessionHolder.$anonfun$withSession$1(SessionHolder.scala:844)
	at org.apache.spark.JobArtifactSet$.withActiveJobArtifactState(JobArtifactSet.scala:97)
	at org.apache.spark.sql.artifact.ArtifactManager.$anonfun$withResources$1(ArtifactManager.scala:124)
	at org.apache.spark.sql.artifact.ArtifactManager.withClassLoaderIfNeeded(ArtifactManager.scala:118)
	at org.apache.spark.sql.artifact.ArtifactManager.withResources(ArtifactManager.scala:123)
	at org.apache.spark.sql.connect.service.SessionHolder.withSession(SessionHolder.scala:843)
	at org.apache.spark.sql.connect.execution.ExecuteThreadRunner.executeInternal(ExecuteThreadRunner.scala:340)
	at org.apache.spark.sql.connect.execution.ExecuteThreadRunner.$anonfun$execute$1(ExecuteThreadRunner.scala:200)
	at scala.runtime.java8.JFunction0$mcV$sp.apply(JFunction0$mcV$sp.scala:18)
	at com.databricks.spark.connect.service.UtilizationMetrics.recordActiveQueries(UtilizationMetrics.scala:92)
	at com.databricks.spark.connect.service.UtilizationMetrics.recordActiveQueries$(UtilizationMetrics.scala:89)
	at org.apache.spark.sql.connect.execution.ExecuteThreadRunner.recordActiveQueries(ExecuteThreadRunner.scala:61)
	at org.apache.spark.sql.connect.execution.ExecuteThreadRunner.org$apache$spark$sql$connect$execution$ExecuteThreadRunner$$execute(ExecuteThreadRunner.scala:192)
	at org.apache.spark.sql.connect.execution.ExecuteThreadRunner$ExecutionThread.$anonfun$run$3(ExecuteThreadRunner.scala:601)
	at scala.runtime.java8.JFunction0$mcV$sp.apply(JFunction0$mcV$sp.scala:18)
	at com.databricks.logging.AttributionContext$.$anonfun$withValue$1(AttributionContext.scala:349)
	at scala.util.DynamicVariable.withValue(DynamicVariable.scala:59)
	at com.databricks.logging.AttributionContext$.withValue(AttributionContext.scala:345)
	at com.databricks.spark.util.DatabricksTracingHelper.$anonfun$withSpanFromParent$4(DatabricksSparkTracingHelper.scala:106)
	at com.databricks.util.TracingSpanUtils$.withTracing(TracingSpanUtils.scala:100)
	at com.databricks.spark.util.DatabricksTracingHelper.withSpanFromParent(DatabricksSparkTracingHelper.scala:104)
	at com.databricks.spark.util.DBRTracing$.withSpanFromParent(DBRTracing.scala:68)
	at org.apache.spark.sql.connect.execution.ExecuteThreadRunner$ExecutionThread.$anonfun$run$2(ExecuteThreadRunner.scala:601)
	at scala.runtime.java8.JFunction0$mcV$sp.apply(JFunction0$mcV$sp.scala:18)
	at com.databricks.unity.UCSEphemeralState$Handle.runWith(UCSEphemeralState.scala:51)
	at com.databricks.unity.HandleImpl.runWith(UCSHandle.scala:128)
	at com.databricks.unity.HandleImpl.$anonfun$runWithAndClose$1(UCSHandle.scala:133)
	at scala.util.Using$.resource(Using.scala:296)
	at com.databricks.unity.HandleImpl.runWithAndClose(UCSHandle.scala:132)
	at org.apache.spark.sql.connect.execution.ExecuteThreadRunner$ExecutionThread.run(ExecuteThreadRunner.scala:600)
2026-07-18 12:07:34,063 | INFO | Exists after drop = True
2026-07-18 12:07:34,067 | INFO | Dropping table nyc_taxi.audit.audit_load
2026-07-18 12:07:38,611 | INFO | Exists after drop = True
2026-07-18 12:07:38,612 | INFO | Dropping table nyc_taxi.audit.audit_row_count
2026-07-18 12:07:41,434 | INFO | Exists after drop = True
2026-07-18 12:07:41,435 | INFO | Dropping table nyc_taxi.gold.gold_dim_date
2026-07-18 12:07:45,305 | INFO | Exists after drop = True
2026-07-18 12:07:45,306 | INFO | Dropping table nyc_taxi.gold.gold_dim_location
2026-07-18 12:07:48,440 | INFO | Exists after drop = True
2026-07-18 12:07:48,441 | INFO | Dropping table nyc_taxi.gold.gold_kpi_daily
2026-07-18 12:07:51,122 | INFO | Exists after drop = True
2026-07-18 12:07:51,124 | INFO | Dropping table nyc_taxi.gold.gold_fact_trips
2026-07-18 12:07:53,830 | INFO | Exists after drop = True
2026-07-18 12:07:53,831 | INFO | Dropping table nyc_taxi.silver.silver_nyc_taxi
2026-07-18 12:07:55,903 | INFO | periode = 202501, type = <class 'int'>
2026-07-18 12:07:55,904 | INFO | periode = 202501
2026-07-18 12:07:55,905 | INFO | table_name = silver_nyc_taxi
2026-07-18 12:07:55,906 | INFO | taxi_type = yellow
2026-07-18 12:07:57,396 | INFO | ******************************************************* Starting UberBronze *******************************************************
2026-07-18 12:07:57,397 | INFO | Extracting yellow_tripdata_2025-01.parquet from /Volumes/nyc_taxi/bronze/raw_files/yellow/2025/yellow_tripdata_2025-01.parquet
2026-07-18 12:08:02,017 | INFO | ======================================================= Bronze rows : 3475226 ======================================================= 
2026-07-18 12:08:02,019 | INFO | run completed in 4.62s
2026-07-18 12:08:02,020 | INFO | ******************************************************* Finished UberBronze *******************************************************
2026-07-18 12:08:02,021 | INFO | ========================================================================================================================
2026-07-18 12:08:02,021 | INFO | ******************************************************* Starting UberSilver *******************************************************
2026-07-18 12:08:02,550 | INFO | add_trip_duration completed in 0.03s
2026-07-18 12:08:02,551 | INFO | add_date_key completed in 0.0s
2026-07-18 12:08:02,553 | INFO | add_tip_percent completed in 0.0s
2026-07-18 12:08:02,558 | INFO | add_average_speed completed in 0.0s
2026-07-18 12:08:02,559 | INFO | add_date_features completed in 0.0s
2026-07-18 12:08:02,560 | INFO | cast_columns completed in 0.0s
2026-07-18 12:08:02,561 | INFO | apply_quality_rules completed in 0.0s
2026-07-18 12:08:04,492 | INFO | Silver rows : 3475226 -> 3323486
2026-07-18 12:08:06,905 | INFO | run completed in 4.88s
2026-07-18 12:08:06,907 | INFO | ******************************************************* Finished UberSilver *******************************************************
2026-07-18 12:08:06,908 | INFO | ========================================================================================================================
2026-07-18 12:08:06,909 | INFO | ******************************************************* Starting UberGold *******************************************************
2026-07-18 12:08:06,910 | INFO | get_fact_trips completed in 0.0s
2026-07-18 12:08:06,911 | INFO | get_dim_date completed in 0.0s
2026-07-18 12:08:06,912 | INFO | get_kpi_daily completed in 0.0s
2026-07-18 12:08:18,489 | INFO | ============ Chargement des données dans Delta ============ 
2026-07-18 12:08:18,490 | INFO | ============ DEBUT DEBUG ============ 
2026-07-18 12:08:19,248 | INFO | ============ FIN DEBUG ============ 
2026-07-18 12:08:20,372 | INFO | ============ Suppression d'une période ============ 
2026-07-18 12:08:20,373 | INFO | ========================================================================================================================
2026-07-18 12:08:20,374 | INFO | Period 202501 deleted from silver_nyc_taxi
2026-07-18 12:08:32,902 | INFO | Table nyc_taxi.silver.silver_nyc_taxi saved
2026-07-18 12:08:33,986 | INFO | ============ Suppression d'une période ============ 
2026-07-18 12:08:33,988 | INFO | ========================================================================================================================
2026-07-18 12:08:33,989 | INFO | Period 202501 deleted from gold_fact_trips
2026-07-18 12:08:40,191 | INFO | Table nyc_taxi.gold.gold_fact_trips saved
2026-07-18 12:08:42,419 | INFO | ============ Suppression d'une période ============ 
2026-07-18 12:08:42,420 | INFO | ========================================================================================================================
2026-07-18 12:08:42,422 | INFO | Period 202501 deleted from gold_dim_date
2026-07-18 12:08:45,678 | INFO | Table nyc_taxi.gold.gold_dim_date saved
2026-07-18 12:08:46,754 | INFO | ============ Suppression d'une période ============ 
2026-07-18 12:08:46,755 | INFO | ========================================================================================================================
2026-07-18 12:08:46,756 | INFO | Period 202501 deleted from gold_kpi_daily
2026-07-18 12:08:51,731 | INFO | Table nyc_taxi.gold.gold_kpi_daily saved
2026-07-18 12:08:51,732 | INFO | context.status = None
2026-07-18 12:08:51,733 | INFO | ============ Application de optimize_period ============ 
2026-07-18 12:08:51,733 | INFO | ============ OPTIMIZE period ============ 
2026-07-18 12:08:54,410 | INFO | ============ Optimisation ============ 
2026-07-18 12:08:54,411 | INFO | OPTIMIZE completed on nyc_taxi.silver.silver_nyc_taxi for period 202501
2026-07-18 12:08:54,413 | INFO | ============ OPTIMIZE period ============ 
2026-07-18 12:08:56,543 | INFO | ============ Optimisation ============ 
2026-07-18 12:08:56,545 | INFO | OPTIMIZE completed on nyc_taxi.gold.gold_fact_trips for period 202501
2026-07-18 12:08:56,546 | INFO | ============ OPTIMIZE period ============ 
2026-07-18 12:08:57,268 | WARNING | Table nyc_taxi.gold.gold_dim_date is not partitioned by periodPartitions found: []
2026-07-18 12:08:57,270 | INFO | ============ OPTIMIZE period ============ 
2026-07-18 12:08:57,857 | WARNING | Table nyc_taxi.gold.gold_kpi_daily is not partitioned by periodPartitions found: []
2026-07-18 12:08:57,859 | INFO | run completed in 50.95s
2026-07-18 12:08:57,860 | INFO | ******************************************************* Finished UberGold *******************************************************
2026-07-18 12:08:57,861 | INFO | ========================================================================================================================
2026-07-18 12:08:57,862 | INFO | MaintenanceJob started
2026-07-18 12:08:57,863 | INFO | Processing nyc_taxi.silver.silver_nyc_taxi
2026-07-18 12:08:59,227 | INFO | ============ OPTIMIZE completed ============ 
2026-07-18 12:08:59,247 | INFO | OPTIMIZE completed nyc_taxi.silver.silver_nyc_taxi
2026-07-18 12:09:18,527 | INFO | VACUUM completed on nyc_taxi.silver.silver_nyc_taxi
2026-07-18 12:09:18,531 | INFO | Maintenance completed for nyc_taxi.silver.silver_nyc_taxi
2026-07-18 12:09:18,532 | INFO | Processing nyc_taxi.gold.gold_fact_trips
2026-07-18 12:09:19,756 | INFO | ============ OPTIMIZE completed ============ 
2026-07-18 12:09:19,758 | INFO | OPTIMIZE completed nyc_taxi.gold.gold_fact_trips
2026-07-18 12:09:33,099 | INFO | VACUUM completed on nyc_taxi.gold.gold_fact_trips
2026-07-18 12:09:33,101 | INFO | Maintenance completed for nyc_taxi.gold.gold_fact_trips
2026-07-18 12:09:33,102 | INFO | Processing nyc_taxi.gold.gold_dim_date
2026-07-18 12:09:34,324 | INFO | ============ OPTIMIZE completed ============ 
2026-07-18 12:09:34,325 | INFO | OPTIMIZE completed nyc_taxi.gold.gold_dim_date
2026-07-18 12:09:46,937 | INFO | VACUUM completed on nyc_taxi.gold.gold_dim_date
2026-07-18 12:09:46,939 | INFO | Maintenance completed for nyc_taxi.gold.gold_dim_date
2026-07-18 12:09:46,941 | INFO | Processing nyc_taxi.gold.gold_kpi_daily
2026-07-18 12:09:48,398 | INFO | ============ OPTIMIZE completed ============ 
2026-07-18 12:09:48,400 | INFO | OPTIMIZE completed nyc_taxi.gold.gold_kpi_daily
2026-07-18 12:09:59,185 | INFO | VACUUM completed on nyc_taxi.gold.gold_kpi_daily
2026-07-18 12:09:59,186 | INFO | Maintenance completed for nyc_taxi.gold.gold_kpi_daily
2026-07-18 12:09:59,187 | INFO | MaintenanceJob finished
2026-07-18 12:12:48,085 | INFO | Exists after drop = True
2026-07-18 12:12:48,086 | INFO | Dropping table nyc_taxi.audit.audit_load
2026-07-18 12:12:50,513 | INFO | Exists after drop = True
2026-07-18 12:12:50,514 | INFO | Dropping table nyc_taxi.audit.audit_row_count
2026-07-18 12:12:53,622 | INFO | Exists after drop = False
2026-07-18 12:12:53,623 | INFO | Dropping table nyc_taxi.gold.gold_dim_date
2026-07-18 12:12:55,699 | INFO | Exists after drop = True
2026-07-18 12:12:55,700 | INFO | Dropping table nyc_taxi.gold.gold_dim_location
2026-07-18 12:12:58,207 | INFO | Exists after drop = True
2026-07-18 12:12:58,208 | INFO | Dropping table nyc_taxi.gold.gold_kpi_daily
2026-07-18 12:13:00,577 | INFO | Exists after drop = True
2026-07-18 12:13:00,578 | INFO | Dropping table nyc_taxi.gold.gold_fact_trips
2026-07-18 12:13:03,216 | INFO | Exists after drop = True
2026-07-18 12:13:03,217 | INFO | Dropping table nyc_taxi.silver.silver_nyc_taxi
2026-07-18 12:13:05,698 | INFO | periode = 202501, type = <class 'int'>
2026-07-18 12:13:05,700 | INFO | periode = 202501
2026-07-18 12:13:05,700 | INFO | table_name = silver_nyc_taxi
2026-07-18 12:13:05,701 | INFO | taxi_type = yellow
2026-07-18 12:13:06,689 | INFO | ******************************************************* Starting UberBronze *******************************************************
2026-07-18 12:13:06,690 | INFO | Extracting yellow_tripdata_2025-01.parquet from /Volumes/nyc_taxi/bronze/raw_files/yellow/2025/yellow_tripdata_2025-01.parquet
2026-07-18 12:13:07,690 | INFO | ======================================================= Bronze rows : 3475226 ======================================================= 
2026-07-18 12:13:07,691 | INFO | run completed in 1.0s
2026-07-18 12:13:07,692 | INFO | ******************************************************* Finished UberBronze *******************************************************
2026-07-18 12:13:07,697 | INFO | ========================================================================================================================
2026-07-18 12:13:07,699 | INFO | ******************************************************* Starting UberSilver *******************************************************
2026-07-18 12:13:08,123 | INFO | add_trip_duration completed in 0.04s
2026-07-18 12:13:08,125 | INFO | add_date_key completed in 0.0s
2026-07-18 12:13:08,126 | INFO | add_tip_percent completed in 0.0s
2026-07-18 12:13:08,127 | INFO | add_average_speed completed in 0.0s
2026-07-18 12:13:08,128 | INFO | add_date_features completed in 0.0s
2026-07-18 12:13:08,130 | INFO | cast_columns completed in 0.0s
2026-07-18 12:13:08,131 | INFO | apply_quality_rules completed in 0.0s
2026-07-18 12:13:09,762 | INFO | Silver rows : 3475226 -> 3323486
2026-07-18 12:13:11,761 | INFO | run completed in 4.06s
2026-07-18 12:13:11,762 | INFO | ******************************************************* Finished UberSilver *******************************************************
2026-07-18 12:13:11,764 | INFO | ========================================================================================================================
2026-07-18 12:13:11,765 | INFO | ******************************************************* Starting UberGold *******************************************************
2026-07-18 12:13:11,766 | INFO | get_fact_trips completed in 0.0s
2026-07-18 12:13:11,767 | INFO | get_dim_date completed in 0.0s
2026-07-18 12:13:11,769 | INFO | get_kpi_daily completed in 0.0s
2026-07-18 12:13:19,815 | INFO | ============ Chargement des données dans Delta ============ 
2026-07-18 12:13:19,820 | INFO | ============ DEBUT DEBUG ============ 
2026-07-18 12:13:20,483 | INFO | ============ FIN DEBUG ============ 
2026-07-18 12:13:21,348 | INFO | ============ Suppression d'une période ============ 
2026-07-18 12:13:21,349 | INFO | ========================================================================================================================
2026-07-18 12:13:21,350 | INFO | Period 202501 deleted from silver_nyc_taxi
2026-07-18 12:13:31,465 | INFO | Table nyc_taxi.silver.silver_nyc_taxi saved
2026-07-18 12:13:32,234 | INFO | ============ Suppression d'une période ============ 
2026-07-18 12:13:32,235 | INFO | ========================================================================================================================
2026-07-18 12:13:32,236 | INFO | Period 202501 deleted from gold_fact_trips
2026-07-18 12:13:38,186 | INFO | Table nyc_taxi.gold.gold_fact_trips saved
2026-07-18 12:13:39,170 | INFO | ============ Suppression d'une période ============ 
2026-07-18 12:13:39,171 | INFO | ========================================================================================================================
2026-07-18 12:13:39,171 | INFO | Period 202501 deleted from gold_dim_date
2026-07-18 12:13:41,779 | INFO | Table nyc_taxi.gold.gold_dim_date saved
2026-07-18 12:13:43,207 | INFO | ============ Suppression d'une période ============ 
2026-07-18 12:13:43,208 | INFO | ========================================================================================================================
2026-07-18 12:13:43,209 | INFO | Period 202501 deleted from gold_kpi_daily
2026-07-18 12:13:47,917 | INFO | Table nyc_taxi.gold.gold_kpi_daily saved
2026-07-18 12:13:47,918 | INFO | context.status = None
2026-07-18 12:13:47,918 | INFO | ============ Application de optimize_period ============ 
2026-07-18 12:13:47,919 | INFO | ============ OPTIMIZE period ============ 
2026-07-18 12:13:50,135 | INFO | ============ Optimisation ============ 
2026-07-18 12:13:50,136 | INFO | OPTIMIZE completed on nyc_taxi.silver.silver_nyc_taxi for period 202501
2026-07-18 12:13:50,137 | INFO | ============ OPTIMIZE period ============ 
2026-07-18 12:13:51,644 | INFO | ============ Optimisation ============ 
2026-07-18 12:13:51,646 | INFO | OPTIMIZE completed on nyc_taxi.gold.gold_fact_trips for period 202501
2026-07-18 12:13:51,648 | INFO | ============ OPTIMIZE period ============ 
2026-07-18 12:13:52,166 | WARNING | Table nyc_taxi.gold.gold_dim_date is not partitioned by periodPartitions found: []
2026-07-18 12:13:52,167 | INFO | ============ OPTIMIZE period ============ 
2026-07-18 12:13:52,626 | WARNING | Table nyc_taxi.gold.gold_kpi_daily is not partitioned by periodPartitions found: []
2026-07-18 12:13:52,626 | INFO | run completed in 40.86s
2026-07-18 12:13:52,628 | INFO | ******************************************************* Finished UberGold *******************************************************
2026-07-18 12:13:52,628 | INFO | ========================================================================================================================
2026-07-18 12:13:52,629 | INFO | MaintenanceJob started
2026-07-18 12:13:52,630 | INFO | Processing nyc_taxi.silver.silver_nyc_taxi
2026-07-18 12:13:53,928 | INFO | ============ OPTIMIZE completed ============ 
2026-07-18 12:13:53,929 | INFO | OPTIMIZE completed nyc_taxi.silver.silver_nyc_taxi
2026-07-18 12:14:06,048 | INFO | VACUUM completed on nyc_taxi.silver.silver_nyc_taxi
2026-07-18 12:14:06,049 | INFO | Maintenance completed for nyc_taxi.silver.silver_nyc_taxi
2026-07-18 12:14:06,050 | INFO | Processing nyc_taxi.gold.gold_fact_trips
2026-07-18 12:14:07,350 | INFO | ============ OPTIMIZE completed ============ 
2026-07-18 12:14:07,352 | INFO | OPTIMIZE completed nyc_taxi.gold.gold_fact_trips
2026-07-18 12:14:18,960 | INFO | VACUUM completed on nyc_taxi.gold.gold_fact_trips
2026-07-18 12:14:18,963 | INFO | Maintenance completed for nyc_taxi.gold.gold_fact_trips
2026-07-18 12:14:18,967 | INFO | Processing nyc_taxi.gold.gold_dim_date
2026-07-18 12:14:19,941 | INFO | ============ OPTIMIZE completed ============ 
2026-07-18 12:14:19,942 | INFO | OPTIMIZE completed nyc_taxi.gold.gold_dim_date
2026-07-18 12:14:30,769 | INFO | VACUUM completed on nyc_taxi.gold.gold_dim_date
2026-07-18 12:14:30,770 | INFO | Maintenance completed for nyc_taxi.gold.gold_dim_date
2026-07-18 12:14:30,771 | INFO | Processing nyc_taxi.gold.gold_kpi_daily
2026-07-18 12:14:31,939 | INFO | ============ OPTIMIZE completed ============ 
2026-07-18 12:14:31,941 | INFO | OPTIMIZE completed nyc_taxi.gold.gold_kpi_daily
2026-07-18 12:14:41,576 | INFO | VACUUM completed on nyc_taxi.gold.gold_kpi_daily
2026-07-18 12:14:41,577 | INFO | Maintenance completed for nyc_taxi.gold.gold_kpi_daily
2026-07-18 12:14:41,577 | INFO | MaintenanceJob finished
2026-07-18 17:41:28,348 | INFO | periode = 202502, type = <class 'int'>
2026-07-18 17:41:28,351 | INFO | periode = 202502
2026-07-18 17:41:28,352 | INFO | table_name = silver_nyc_taxi
2026-07-18 17:41:28,353 | INFO | taxi_type = yellow
2026-07-18 17:41:30,779 | INFO | ******************************************************* Starting UberBronze *******************************************************
2026-07-18 17:41:30,783 | INFO | Extracting yellow_tripdata_2025-02.parquet from /Volumes/nyc_taxi/bronze/raw_files/yellow/2025/yellow_tripdata_2025-02.parquet
2026-07-18 17:41:35,780 | INFO | ======================================================= Bronze rows : 3577543 ======================================================= 
2026-07-18 17:41:35,781 | INFO | run completed in 5.0s
2026-07-18 17:41:35,781 | INFO | ******************************************************* Finished UberBronze *******************************************************
2026-07-18 17:41:35,782 | INFO | ========================================================================================================================
2026-07-18 17:41:35,782 | INFO | ******************************************************* Starting UberSilver *******************************************************
2026-07-18 17:41:36,293 | INFO | add_trip_duration completed in 0.05s
2026-07-18 17:41:36,294 | INFO | add_date_key completed in 0.0s
2026-07-18 17:41:36,298 | INFO | add_tip_percent completed in 0.0s
2026-07-18 17:41:36,299 | INFO | add_average_speed completed in 0.0s
2026-07-18 17:41:36,300 | INFO | add_date_features completed in 0.0s
2026-07-18 17:41:36,301 | INFO | cast_columns completed in 0.0s
2026-07-18 17:41:36,302 | INFO | apply_quality_rules completed in 0.0s
2026-07-18 17:41:38,289 | INFO | Silver rows : 3577543 -> 3421081
2026-07-18 17:41:41,279 | INFO | run completed in 5.5s
2026-07-18 17:41:41,281 | INFO | ******************************************************* Finished UberSilver *******************************************************
2026-07-18 17:41:41,282 | INFO | ========================================================================================================================
2026-07-18 17:41:41,282 | INFO | ******************************************************* Starting UberGold *******************************************************
2026-07-18 17:41:41,283 | INFO | get_fact_trips completed in 0.0s
2026-07-18 17:41:41,285 | INFO | get_dim_date completed in 0.0s
2026-07-18 17:41:41,286 | INFO | get_kpi_daily completed in 0.0s
2026-07-18 17:41:52,978 | INFO | ============ Chargement des données dans Delta ============ 
2026-07-18 17:41:55,100 | INFO | ============ Suppression d'une période ============ 
2026-07-18 17:41:55,100 | INFO | ========================================================================================================================
2026-07-18 17:41:55,101 | INFO | Period 202502 deleted from silver_nyc_taxi
2026-07-18 17:42:08,708 | INFO | Table nyc_taxi.silver.silver_nyc_taxi saved
2026-07-18 17:42:10,023 | INFO | ============ Suppression d'une période ============ 
2026-07-18 17:42:10,025 | INFO | ========================================================================================================================
2026-07-18 17:42:10,026 | INFO | Period 202502 deleted from gold_fact_trips
2026-07-18 17:42:16,965 | INFO | Table nyc_taxi.gold.gold_fact_trips saved
2026-07-18 17:42:19,013 | INFO | ============ Suppression d'une période ============ 
2026-07-18 17:42:19,013 | INFO | ========================================================================================================================
2026-07-18 17:42:19,014 | INFO | Period 202502 deleted from gold_dim_date
2026-07-18 17:42:22,781 | INFO | Table nyc_taxi.gold.gold_dim_date saved
2026-07-18 17:42:24,478 | INFO | ============ Suppression d'une période ============ 
2026-07-18 17:42:24,479 | INFO | ========================================================================================================================
2026-07-18 17:42:24,480 | INFO | Period 202502 deleted from gold_kpi_daily
2026-07-18 17:42:29,966 | INFO | Table nyc_taxi.gold.gold_kpi_daily saved
2026-07-18 17:42:29,967 | INFO | context.status = None
2026-07-18 17:42:29,967 | INFO | ============ Application de optimize_period ============ 
2026-07-18 17:42:29,968 | INFO | ============ OPTIMIZE period ============ 
2026-07-18 17:42:32,820 | INFO | ============ Optimisation ============ 
2026-07-18 17:42:32,820 | INFO | OPTIMIZE completed on nyc_taxi.silver.silver_nyc_taxi for period 202502
2026-07-18 17:42:32,821 | INFO | ============ OPTIMIZE period ============ 
2026-07-18 17:42:34,816 | INFO | ============ Optimisation ============ 
2026-07-18 17:42:34,817 | INFO | OPTIMIZE completed on nyc_taxi.gold.gold_fact_trips for period 202502
2026-07-18 17:42:34,817 | INFO | ============ OPTIMIZE period ============ 
2026-07-18 17:42:35,346 | WARNING | Table nyc_taxi.gold.gold_dim_date is not partitioned by periodPartitions found: []
2026-07-18 17:42:35,348 | INFO | ============ OPTIMIZE period ============ 
2026-07-18 17:42:35,836 | WARNING | Table nyc_taxi.gold.gold_kpi_daily is not partitioned by periodPartitions found: []
2026-07-18 17:42:35,837 | INFO | run completed in 54.55s
2026-07-18 17:42:35,838 | INFO | ******************************************************* Finished UberGold *******************************************************
2026-07-18 17:42:35,839 | INFO | ========================================================================================================================
2026-07-18 17:42:35,840 | INFO | MaintenanceJob started
2026-07-18 17:42:35,841 | INFO | Processing nyc_taxi.silver.silver_nyc_taxi
2026-07-18 17:42:37,461 | INFO | ============ OPTIMIZE completed ============ 
2026-07-18 17:42:37,463 | INFO | OPTIMIZE completed nyc_taxi.silver.silver_nyc_taxi
2026-07-18 17:42:56,033 | INFO | VACUUM completed on nyc_taxi.silver.silver_nyc_taxi
2026-07-18 17:42:56,034 | INFO | Maintenance completed for nyc_taxi.silver.silver_nyc_taxi
2026-07-18 17:42:56,036 | INFO | Processing nyc_taxi.gold.gold_fact_trips
2026-07-18 17:42:57,589 | INFO | ============ OPTIMIZE completed ============ 
2026-07-18 17:42:57,590 | INFO | OPTIMIZE completed nyc_taxi.gold.gold_fact_trips
2026-07-18 17:43:12,105 | INFO | VACUUM completed on nyc_taxi.gold.gold_fact_trips
2026-07-18 17:43:12,106 | INFO | Maintenance completed for nyc_taxi.gold.gold_fact_trips
2026-07-18 17:43:12,107 | INFO | Processing nyc_taxi.gold.gold_dim_date
2026-07-18 17:43:15,207 | INFO | ============ OPTIMIZE completed ============ 
2026-07-18 17:43:15,208 | INFO | OPTIMIZE completed nyc_taxi.gold.gold_dim_date
2026-07-18 17:43:27,857 | INFO | VACUUM completed on nyc_taxi.gold.gold_dim_date
2026-07-18 17:43:27,858 | INFO | Maintenance completed for nyc_taxi.gold.gold_dim_date
2026-07-18 17:43:27,858 | INFO | Processing nyc_taxi.gold.gold_kpi_daily
2026-07-18 17:43:30,776 | INFO | ============ OPTIMIZE completed ============ 
2026-07-18 17:43:30,777 | INFO | OPTIMIZE completed nyc_taxi.gold.gold_kpi_daily
2026-07-18 17:43:41,798 | INFO | VACUUM completed on nyc_taxi.gold.gold_kpi_daily
2026-07-18 17:43:41,799 | INFO | Maintenance completed for nyc_taxi.gold.gold_kpi_daily
2026-07-18 17:43:41,800 | INFO | MaintenanceJob finished
2026-07-19 03:05:50,069 | INFO | periode = 202503, type = <class 'int'>
2026-07-19 03:05:50,082 | INFO | *************** periode = 202503 *************** 
2026-07-19 03:05:50,102 | INFO | *************** table_name = silver_nyc_taxi *************** 
2026-07-19 03:05:50,129 | INFO | *************** taxi_type = yellow *************** 
2026-07-19 03:05:53,472 | INFO | ******************************************************* Starting UberBronze *******************************************************
2026-07-19 03:05:53,477 | INFO | Extracting yellow_tripdata_2025-03.parquet from /Volumes/nyc_taxi/bronze/raw_files/yellow/2025/yellow_tripdata_2025-03.parquet
2026-07-19 03:05:59,601 | INFO | ======================================================= Bronze rows : 4145257 ======================================================= 
2026-07-19 03:05:59,602 | INFO | run completed in 6.12s
2026-07-19 03:05:59,603 | INFO | ******************************************************* Finished UberBronze *******************************************************
2026-07-19 03:05:59,603 | INFO | ========================================================================================================================
2026-07-19 03:05:59,605 | INFO | ******************************************************* Starting UberSilver *******************************************************
2026-07-19 03:06:00,225 | INFO | add_trip_duration completed in 0.07s
2026-07-19 03:06:00,226 | INFO | add_date_key completed in 0.0s
2026-07-19 03:06:00,228 | INFO | add_tip_percent completed in 0.0s
2026-07-19 03:06:00,229 | INFO | add_average_speed completed in 0.0s
2026-07-19 03:06:00,230 | INFO | add_date_features completed in 0.0s
2026-07-19 03:06:00,231 | INFO | cast_columns completed in 0.0s
2026-07-19 03:06:00,232 | INFO | apply_quality_rules completed in 0.0s
2026-07-19 03:06:02,716 | INFO | Silver rows : 4145257 -> 3955117
2026-07-19 03:06:05,803 | INFO | run completed in 6.2s
2026-07-19 03:06:05,804 | INFO | ******************************************************* Finished UberSilver *******************************************************
2026-07-19 03:06:05,805 | INFO | ========================================================================================================================
2026-07-19 03:06:05,806 | INFO | ******************************************************* Starting UberGold *******************************************************
2026-07-19 03:06:05,807 | INFO | get_fact_trips completed in 0.0s
2026-07-19 03:06:05,808 | INFO | get_dim_date completed in 0.0s
2026-07-19 03:06:05,810 | INFO | get_kpi_daily completed in 0.0s
2026-07-19 03:06:05,811 | INFO | ============ Chargement des données dans Delta ============ 
2026-07-19 03:06:09,521 | INFO | ============ Suppression d'une période ============ 
2026-07-19 03:06:09,523 | INFO | ========================================================================================================================
2026-07-19 03:06:09,524 | INFO | Period 202503 deleted from silver_nyc_taxi
2026-07-19 03:06:25,695 | INFO | Table nyc_taxi.silver.silver_nyc_taxi saved
2026-07-19 03:06:27,627 | INFO | ============ Suppression d'une période ============ 
2026-07-19 03:06:27,629 | INFO | ========================================================================================================================
2026-07-19 03:06:27,630 | INFO | Period 202503 deleted from gold_fact_trips
2026-07-19 03:06:35,791 | INFO | Table nyc_taxi.gold.gold_fact_trips saved
2026-07-19 03:06:39,620 | INFO | ============ Suppression d'une période ============ 
2026-07-19 03:06:39,621 | INFO | ========================================================================================================================
2026-07-19 03:06:39,622 | INFO | Period 202503 deleted from gold_dim_date
2026-07-19 03:06:44,201 | INFO | Table nyc_taxi.gold.gold_dim_date saved
2026-07-19 03:06:46,170 | INFO | ============ Suppression d'une période ============ 
2026-07-19 03:06:46,171 | INFO | ========================================================================================================================
2026-07-19 03:06:46,172 | INFO | Period 202503 deleted from gold_kpi_daily
2026-07-19 03:06:52,566 | INFO | Table nyc_taxi.gold.gold_kpi_daily saved
2026-07-19 03:06:52,567 | INFO | ============ Optimisation des tables Delta ============ 
2026-07-19 03:06:52,568 | INFO | ============ OPTIMIZE period ============ 
2026-07-19 03:06:56,236 | INFO | ============ Optimisation ============ 
2026-07-19 03:06:56,237 | INFO | OPTIMIZE completed on nyc_taxi.silver.silver_nyc_taxi for period 202503
2026-07-19 03:06:56,238 | INFO | ============ OPTIMIZE period ============ 
2026-07-19 03:06:58,374 | INFO | ============ Optimisation ============ 
2026-07-19 03:06:58,375 | INFO | OPTIMIZE completed on nyc_taxi.gold.gold_fact_trips for period 202503
2026-07-19 03:06:58,377 | INFO | ============ OPTIMIZE period ============ 
2026-07-19 03:06:58,978 | WARNING | Table nyc_taxi.gold.gold_kpi_daily is not partitioned by periodPartitions found: []
2026-07-19 03:06:58,980 | INFO | run completed in 53.17s
2026-07-19 03:06:58,980 | INFO | ******************************************************* Finished UberGold *******************************************************
2026-07-19 03:06:58,981 | INFO | ========================================================================================================================
2026-07-19 03:06:58,982 | INFO | MaintenanceJob started
2026-07-19 03:06:58,983 | INFO | Processing nyc_taxi.silver.silver_nyc_taxi
2026-07-19 03:07:01,446 | INFO | ============ OPTIMIZE completed ============ 
2026-07-19 03:07:01,448 | INFO | OPTIMIZE completed nyc_taxi.silver.silver_nyc_taxi
2026-07-19 03:07:23,691 | INFO | VACUUM completed on nyc_taxi.silver.silver_nyc_taxi
2026-07-19 03:07:23,698 | INFO | Maintenance completed for nyc_taxi.silver.silver_nyc_taxi
2026-07-19 03:07:23,699 | INFO | Processing nyc_taxi.gold.gold_fact_trips
2026-07-19 03:07:26,216 | INFO | ============ OPTIMIZE completed ============ 
2026-07-19 03:07:26,220 | INFO | OPTIMIZE completed nyc_taxi.gold.gold_fact_trips
2026-07-19 03:07:42,474 | INFO | VACUUM completed on nyc_taxi.gold.gold_fact_trips
2026-07-19 03:07:42,475 | INFO | Maintenance completed for nyc_taxi.gold.gold_fact_trips
2026-07-19 03:07:42,476 | INFO | Processing nyc_taxi.gold.gold_dim_date
2026-07-19 03:07:46,005 | INFO | ============ OPTIMIZE completed ============ 
2026-07-19 03:07:46,006 | INFO | OPTIMIZE completed nyc_taxi.gold.gold_dim_date
2026-07-19 03:07:59,064 | INFO | VACUUM completed on nyc_taxi.gold.gold_dim_date
2026-07-19 03:07:59,065 | INFO | Maintenance completed for nyc_taxi.gold.gold_dim_date
2026-07-19 03:07:59,065 | INFO | Processing nyc_taxi.gold.gold_kpi_daily
2026-07-19 03:08:02,114 | INFO | ============ OPTIMIZE completed ============ 
2026-07-19 03:08:02,115 | INFO | OPTIMIZE completed nyc_taxi.gold.gold_kpi_daily
2026-07-19 03:08:17,380 | INFO | VACUUM completed on nyc_taxi.gold.gold_kpi_daily
2026-07-19 03:08:17,381 | INFO | Maintenance completed for nyc_taxi.gold.gold_kpi_daily
2026-07-19 03:08:17,382 | INFO | MaintenanceJob finished
2026-07-19 04:02:06,452 | INFO | periode = 202503, type = <class 'int'>
2026-07-19 04:02:06,453 | INFO | *************** periode = 202503 *************** 
2026-07-19 04:02:06,454 | INFO | *************** table_name = silver_nyc_taxi *************** 
2026-07-19 04:02:06,454 | INFO | *************** taxi_type = yellow *************** 
2026-07-19 04:02:08,610 | INFO | Period 202503 already loaded =====================================================================================
2026-07-19 04:04:25,381 | INFO | periode = 202504, type = <class 'int'>
2026-07-19 04:04:25,382 | INFO | *************** periode = 202504 *************** 
2026-07-19 04:04:25,383 | INFO | *************** table_name = silver_nyc_taxi *************** 
2026-07-19 04:04:25,384 | INFO | *************** taxi_type = yellow *************** 
2026-07-19 04:04:26,579 | INFO | ******************************************************* Starting UberBronze *******************************************************
2026-07-19 04:04:26,580 | INFO | Extracting yellow_tripdata_2025-04.parquet from /Volumes/nyc_taxi/bronze/raw_files/yellow/2025/yellow_tripdata_2025-04.parquet
2026-07-19 04:04:29,111 | INFO | ======================================================= Bronze rows : 3970553 ======================================================= 
2026-07-19 04:04:29,111 | INFO | run completed in 2.53s
2026-07-19 04:04:29,112 | INFO | ******************************************************* Finished UberBronze *******************************************************
2026-07-19 04:04:29,113 | INFO | ========================================================================================================================
2026-07-19 04:04:29,113 | INFO | ******************************************************* Starting UberSilver *******************************************************
2026-07-19 04:04:29,562 | INFO | add_trip_duration completed in 0.04s
2026-07-19 04:04:29,564 | INFO | add_date_key completed in 0.0s
2026-07-19 04:04:29,565 | INFO | add_tip_percent completed in 0.0s
2026-07-19 04:04:29,566 | INFO | add_average_speed completed in 0.0s
2026-07-19 04:04:29,567 | INFO | add_date_features completed in 0.0s
2026-07-19 04:04:29,568 | INFO | cast_columns completed in 0.0s
2026-07-19 04:04:29,569 | INFO | apply_quality_rules completed in 0.0s
2026-07-19 04:04:31,424 | INFO | Silver rows : 3970553 -> 3776318
2026-07-19 04:04:33,683 | INFO | run completed in 4.57s
2026-07-19 04:04:33,684 | INFO | ******************************************************* Finished UberSilver *******************************************************
2026-07-19 04:04:33,685 | INFO | ========================================================================================================================
2026-07-19 04:04:33,686 | INFO | ******************************************************* Starting UberGold *******************************************************
2026-07-19 04:04:33,687 | INFO | get_fact_trips completed in 0.0s
2026-07-19 04:04:33,689 | INFO | get_dim_date completed in 0.0s
2026-07-19 04:04:33,690 | INFO | get_kpi_daily completed in 0.0s
2026-07-19 04:04:33,691 | INFO | ============ Début Validation des schemas ============ 
2026-07-19 04:04:33,692 | ERROR | 'PipelineContext' object has no attribute 'type_taxi'
2026-07-19 04:04:33,693 | ERROR | Error in pipeline : 'PipelineContext' object has no attribute 'type_taxi'
2026-07-19 04:06:30,933 | INFO | periode = 202504, type = <class 'int'>
2026-07-19 04:06:30,934 | INFO | *************** periode = 202504 *************** 
2026-07-19 04:06:30,935 | INFO | *************** table_name = silver_nyc_taxi *************** 
2026-07-19 04:06:30,937 | INFO | *************** taxi_type = yellow *************** 
2026-07-19 04:06:31,957 | INFO | ******************************************************* Starting UberBronze *******************************************************
2026-07-19 04:06:31,958 | INFO | Extracting yellow_tripdata_2025-04.parquet from /Volumes/nyc_taxi/bronze/raw_files/yellow/2025/yellow_tripdata_2025-04.parquet
2026-07-19 04:06:32,975 | INFO | ======================================================= Bronze rows : 3970553 ======================================================= 
2026-07-19 04:06:32,976 | INFO | run completed in 1.02s
2026-07-19 04:06:32,976 | INFO | ******************************************************* Finished UberBronze *******************************************************
2026-07-19 04:06:32,977 | INFO | ========================================================================================================================
2026-07-19 04:06:32,978 | INFO | ******************************************************* Starting UberSilver *******************************************************
2026-07-19 04:06:33,415 | INFO | add_trip_duration completed in 0.05s
2026-07-19 04:06:33,417 | INFO | add_date_key completed in 0.0s
2026-07-19 04:06:33,419 | INFO | add_tip_percent completed in 0.0s
2026-07-19 04:06:33,422 | INFO | add_average_speed completed in 0.0s
2026-07-19 04:06:33,423 | INFO | add_date_features completed in 0.0s
2026-07-19 04:06:33,424 | INFO | cast_columns completed in 0.0s
2026-07-19 04:06:33,426 | INFO | apply_quality_rules completed in 0.0s
2026-07-19 04:06:35,048 | INFO | Silver rows : 3970553 -> 3776318
2026-07-19 04:06:37,168 | INFO | run completed in 4.19s
2026-07-19 04:06:37,169 | INFO | ******************************************************* Finished UberSilver *******************************************************
2026-07-19 04:06:37,169 | INFO | ========================================================================================================================
2026-07-19 04:06:37,170 | INFO | ******************************************************* Starting UberGold *******************************************************
2026-07-19 04:06:37,171 | INFO | get_fact_trips completed in 0.0s
2026-07-19 04:06:37,172 | INFO | get_dim_date completed in 0.0s
2026-07-19 04:06:37,174 | INFO | get_kpi_daily completed in 0.0s
2026-07-19 04:06:37,174 | INFO | ============ Début Validation des schemas ============ 
2026-07-19 04:06:37,808 | INFO | ============ Fin Validation des schemas ============ 
2026-07-19 04:06:37,809 | INFO | ============ Chargement des données dans Delta ============ 
2026-07-19 04:06:38,918 | INFO | ============ Suppression d'une période ============ 
2026-07-19 04:06:38,919 | INFO | ========================================================================================================================
2026-07-19 04:06:38,921 | INFO | Period 202504 deleted from silver_nyc_taxi
2026-07-19 04:06:50,634 | INFO | Table nyc_taxi.silver.silver_nyc_taxi saved
2026-07-19 04:06:51,748 | INFO | ============ Suppression d'une période ============ 
2026-07-19 04:06:51,749 | INFO | ========================================================================================================================
2026-07-19 04:06:51,750 | INFO | Period 202504 deleted from gold_fact_trips
2026-07-19 04:06:58,241 | INFO | Table nyc_taxi.gold.gold_fact_trips saved
2026-07-19 04:06:59,619 | INFO | ============ Suppression d'une période ============ 
2026-07-19 04:06:59,621 | INFO | ========================================================================================================================
2026-07-19 04:06:59,621 | INFO | Period 202504 deleted from gold_dim_date
2026-07-19 04:07:03,598 | INFO | Table nyc_taxi.gold.gold_dim_date saved
2026-07-19 04:07:05,157 | INFO | ============ Suppression d'une période ============ 
2026-07-19 04:07:05,158 | INFO | ========================================================================================================================
2026-07-19 04:07:05,160 | INFO | Period 202504 deleted from gold_kpi_daily
2026-07-19 04:07:10,806 | INFO | Table nyc_taxi.gold.gold_kpi_daily saved
2026-07-19 04:07:10,811 | INFO | ============ Optimisation des tables Delta ============ 
2026-07-19 04:07:10,813 | INFO | ============ OPTIMIZE period ============ 
2026-07-19 04:07:13,604 | INFO | ============ Optimisation ============ 
2026-07-19 04:07:13,605 | INFO | OPTIMIZE completed on nyc_taxi.silver.silver_nyc_taxi for period 202504
2026-07-19 04:07:13,606 | INFO | ============ OPTIMIZE period ============ 
2026-07-19 04:07:15,428 | INFO | ============ Optimisation ============ 
2026-07-19 04:07:15,429 | INFO | OPTIMIZE completed on nyc_taxi.gold.gold_fact_trips for period 202504
2026-07-19 04:07:15,430 | INFO | ============ OPTIMIZE period ============ 
2026-07-19 04:07:15,927 | WARNING | Table nyc_taxi.gold.gold_kpi_daily is not partitioned by periodPartitions found: []
2026-07-19 04:07:15,928 | INFO | run completed in 38.76s
2026-07-19 04:07:15,931 | INFO | ******************************************************* Finished UberGold *******************************************************
2026-07-19 04:07:15,932 | INFO | ========================================================================================================================
2026-07-19 04:07:15,933 | INFO | MaintenanceJob started
2026-07-19 04:07:15,934 | INFO | Processing nyc_taxi.silver.silver_nyc_taxi
2026-07-19 04:07:17,327 | INFO | ============ OPTIMIZE completed ============ 
2026-07-19 04:07:17,328 | INFO | OPTIMIZE completed nyc_taxi.silver.silver_nyc_taxi
2026-07-19 04:07:31,659 | INFO | VACUUM completed on nyc_taxi.silver.silver_nyc_taxi
2026-07-19 04:07:31,670 | INFO | Maintenance completed for nyc_taxi.silver.silver_nyc_taxi
2026-07-19 04:07:31,691 | INFO | Processing nyc_taxi.gold.gold_fact_trips
2026-07-19 04:07:33,000 | INFO | ============ OPTIMIZE completed ============ 
2026-07-19 04:07:33,001 | INFO | OPTIMIZE completed nyc_taxi.gold.gold_fact_trips
2026-07-19 04:07:45,395 | INFO | VACUUM completed on nyc_taxi.gold.gold_fact_trips
2026-07-19 04:07:45,396 | INFO | Maintenance completed for nyc_taxi.gold.gold_fact_trips
2026-07-19 04:07:45,396 | INFO | Processing nyc_taxi.gold.gold_dim_date
2026-07-19 04:07:47,933 | INFO | ============ OPTIMIZE completed ============ 
2026-07-19 04:07:47,935 | INFO | OPTIMIZE completed nyc_taxi.gold.gold_dim_date
2026-07-19 04:08:00,641 | INFO | VACUUM completed on nyc_taxi.gold.gold_dim_date
2026-07-19 04:08:00,642 | INFO | Maintenance completed for nyc_taxi.gold.gold_dim_date
2026-07-19 04:08:00,643 | INFO | Processing nyc_taxi.gold.gold_kpi_daily
2026-07-19 04:08:03,503 | INFO | ============ OPTIMIZE completed ============ 
2026-07-19 04:08:03,504 | INFO | OPTIMIZE completed nyc_taxi.gold.gold_kpi_daily
2026-07-19 04:08:14,157 | INFO | VACUUM completed on nyc_taxi.gold.gold_kpi_daily
2026-07-19 04:08:14,157 | INFO | Maintenance completed for nyc_taxi.gold.gold_kpi_daily
2026-07-19 04:08:14,158 | INFO | MaintenanceJob finished
2026-07-19 04:16:06,927 | INFO | periode = 202505, type = <class 'int'>
2026-07-19 04:16:06,931 | INFO | ************************* periode = 202505 ************************* 
2026-07-19 04:16:06,932 | INFO | ************************* table_name = silver_nyc_taxi ************************* 
2026-07-19 04:16:06,933 | INFO | ************************* taxi_type = yellow ************************* 
2026-07-19 04:16:07,963 | INFO | ******************************************************* Starting UberBronze *******************************************************
2026-07-19 04:16:07,964 | INFO | Extracting yellow_tripdata_2025-05.parquet from /Volumes/nyc_taxi/bronze/raw_files/yellow/2025/yellow_tripdata_2025-05.parquet
2026-07-19 04:16:09,819 | INFO | ======================================================= Bronze rows : 4591845 ======================================================= 
2026-07-19 04:16:09,820 | INFO | run completed in 1.86s
2026-07-19 04:16:09,821 | INFO | ******************************************************* Finished UberBronze *******************************************************
2026-07-19 04:16:09,822 | INFO | ========================================================================================================================
2026-07-19 04:16:09,823 | INFO | ******************************************************* Starting UberSilver *******************************************************
2026-07-19 04:16:10,178 | INFO | add_trip_duration completed in 0.03s
2026-07-19 04:16:10,179 | INFO | add_date_key completed in 0.0s
2026-07-19 04:16:10,180 | INFO | add_tip_percent completed in 0.0s
2026-07-19 04:16:10,181 | INFO | add_average_speed completed in 0.0s
2026-07-19 04:16:10,182 | INFO | add_date_features completed in 0.0s
2026-07-19 04:16:10,183 | INFO | cast_columns completed in 0.0s
2026-07-19 04:16:10,184 | INFO | apply_quality_rules completed in 0.0s
2026-07-19 04:16:12,297 | INFO | Silver rows : 4591845 -> 4284519
2026-07-19 04:16:12,341 | ERROR | SchemaManager.apply_schema() missing 1 required positional argument: 'self'
2026-07-19 04:16:12,342 | ERROR | Error in pipeline : SchemaManager.apply_schema() missing 1 required positional argument: 'self'
2026-07-19 04:19:44,471 | INFO | periode = 202505, type = <class 'int'>
2026-07-19 04:19:44,472 | INFO | ************************* periode = 202505 ************************* 
2026-07-19 04:19:44,473 | INFO | ************************* table_name = silver_nyc_taxi ************************* 
2026-07-19 04:19:44,474 | INFO | ************************* taxi_type = yellow ************************* 
2026-07-19 04:19:45,663 | INFO | ******************************************************* Starting UberBronze *******************************************************
2026-07-19 04:19:45,665 | INFO | Extracting yellow_tripdata_2025-05.parquet from /Volumes/nyc_taxi/bronze/raw_files/yellow/2025/yellow_tripdata_2025-05.parquet
2026-07-19 04:19:46,863 | INFO | ======================================================= Bronze rows : 4591845 ======================================================= 
2026-07-19 04:19:46,864 | INFO | run completed in 1.2s
2026-07-19 04:19:46,865 | INFO | ******************************************************* Finished UberBronze *******************************************************
2026-07-19 04:19:46,866 | INFO | ========================================================================================================================
2026-07-19 04:19:46,867 | INFO | ******************************************************* Starting UberSilver *******************************************************
2026-07-19 04:19:47,203 | INFO | add_trip_duration completed in 0.04s
2026-07-19 04:19:47,204 | INFO | add_date_key completed in 0.0s
2026-07-19 04:19:47,205 | INFO | add_tip_percent completed in 0.0s
2026-07-19 04:19:47,206 | INFO | add_average_speed completed in 0.0s
2026-07-19 04:19:47,207 | INFO | add_date_features completed in 0.0s
2026-07-19 04:19:47,208 | INFO | cast_columns completed in 0.0s
2026-07-19 04:19:47,209 | INFO | apply_quality_rules completed in 0.0s
2026-07-19 04:19:48,950 | INFO | Silver rows : 4591845 -> 4284519
2026-07-19 04:19:51,278 | INFO | run completed in 4.41s
2026-07-19 04:19:51,279 | INFO | ******************************************************* Finished UberSilver *******************************************************
2026-07-19 04:19:51,280 | INFO | ========================================================================================================================
2026-07-19 04:19:51,280 | INFO | ******************************************************* Starting UberGold *******************************************************
2026-07-19 04:19:51,281 | INFO | get_fact_trips completed in 0.0s
2026-07-19 04:19:51,282 | INFO | get_dim_date completed in 0.0s
2026-07-19 04:19:51,284 | INFO | get_kpi_daily completed in 0.0s
2026-07-19 04:19:51,285 | INFO | ============ Début Validation des schemas ============ 
2026-07-19 04:19:51,941 | INFO | Missing columns: set()
2026-07-19 04:19:51,942 | INFO | ============ Fin Validation des schemas ============ 
2026-07-19 04:19:51,943 | INFO | ============ Chargement des données dans Delta ============ 
2026-07-19 04:19:52,857 | INFO | ============ Suppression d'une période ============ 
2026-07-19 04:19:52,859 | INFO | ========================================================================================================================
2026-07-19 04:19:52,860 | INFO | Period 202505 deleted from silver_nyc_taxi
2026-07-19 04:20:04,928 | INFO | Table nyc_taxi.silver.silver_nyc_taxi saved
2026-07-19 04:20:05,791 | INFO | ============ Suppression d'une période ============ 
2026-07-19 04:20:05,793 | INFO | ========================================================================================================================
2026-07-19 04:20:05,793 | INFO | Period 202505 deleted from gold_fact_trips
2026-07-19 04:20:12,816 | INFO | Table nyc_taxi.gold.gold_fact_trips saved
2026-07-19 04:20:14,281 | INFO | ============ Suppression d'une période ============ 
2026-07-19 04:20:14,283 | INFO | ========================================================================================================================
2026-07-19 04:20:14,283 | INFO | Period 202505 deleted from gold_dim_date
2026-07-19 04:20:17,891 | INFO | Table nyc_taxi.gold.gold_dim_date saved
2026-07-19 04:20:19,178 | INFO | ============ Suppression d'une période ============ 
2026-07-19 04:20:19,179 | INFO | ========================================================================================================================
2026-07-19 04:20:19,180 | INFO | Period 202505 deleted from gold_kpi_daily
2026-07-19 04:20:24,806 | INFO | Table nyc_taxi.gold.gold_kpi_daily saved
2026-07-19 04:20:24,808 | INFO | ============ Optimisation des tables Delta ============ 
2026-07-19 04:20:24,809 | INFO | ============ OPTIMIZE period ============ 
2026-07-19 04:20:27,437 | INFO | ============ Optimisation ============ 
2026-07-19 04:20:27,438 | INFO | OPTIMIZE completed on nyc_taxi.silver.silver_nyc_taxi for period 202505
2026-07-19 04:20:27,438 | INFO | ============ OPTIMIZE period ============ 
2026-07-19 04:20:28,993 | INFO | ============ Optimisation ============ 
2026-07-19 04:20:28,994 | INFO | OPTIMIZE completed on nyc_taxi.gold.gold_fact_trips for period 202505
2026-07-19 04:20:28,994 | INFO | ============ OPTIMIZE period ============ 
2026-07-19 04:20:29,468 | WARNING | Table nyc_taxi.gold.gold_kpi_daily is not partitioned by periodPartitions found: []
2026-07-19 04:20:29,469 | INFO | run completed in 38.19s
2026-07-19 04:20:29,470 | INFO | ******************************************************* Finished UberGold *******************************************************
2026-07-19 04:20:29,471 | INFO | ========================================================================================================================
2026-07-19 04:20:29,472 | INFO | MaintenanceJob started
2026-07-19 04:20:29,472 | INFO | Processing nyc_taxi.silver.silver_nyc_taxi
2026-07-19 04:20:30,826 | INFO | ============ OPTIMIZE completed ============ 
2026-07-19 04:20:30,827 | INFO | OPTIMIZE completed nyc_taxi.silver.silver_nyc_taxi
2026-07-19 04:20:44,377 | INFO | VACUUM completed on nyc_taxi.silver.silver_nyc_taxi
2026-07-19 04:20:44,378 | INFO | Maintenance completed for nyc_taxi.silver.silver_nyc_taxi
2026-07-19 04:20:44,379 | INFO | Processing nyc_taxi.gold.gold_fact_trips
2026-07-19 04:20:45,934 | INFO | ============ OPTIMIZE completed ============ 
2026-07-19 04:20:45,936 | INFO | OPTIMIZE completed nyc_taxi.gold.gold_fact_trips
2026-07-19 04:20:59,916 | INFO | VACUUM completed on nyc_taxi.gold.gold_fact_trips
2026-07-19 04:20:59,918 | INFO | Maintenance completed for nyc_taxi.gold.gold_fact_trips
2026-07-19 04:20:59,918 | INFO | Processing nyc_taxi.gold.gold_dim_date
2026-07-19 04:21:02,444 | INFO | ============ OPTIMIZE completed ============ 
2026-07-19 04:21:02,445 | INFO | OPTIMIZE completed nyc_taxi.gold.gold_dim_date
2026-07-19 04:21:12,845 | INFO | VACUUM completed on nyc_taxi.gold.gold_dim_date
2026-07-19 04:21:12,859 | INFO | Maintenance completed for nyc_taxi.gold.gold_dim_date
2026-07-19 04:21:12,877 | INFO | Processing nyc_taxi.gold.gold_kpi_daily
2026-07-19 04:21:15,897 | INFO | ============ OPTIMIZE completed ============ 
2026-07-19 04:21:15,898 | INFO | OPTIMIZE completed nyc_taxi.gold.gold_kpi_daily
2026-07-19 04:21:25,636 | INFO | VACUUM completed on nyc_taxi.gold.gold_kpi_daily
2026-07-19 04:21:25,638 | INFO | Maintenance completed for nyc_taxi.gold.gold_kpi_daily
2026-07-19 04:21:25,639 | INFO | MaintenanceJob finished
